territory_id,territory_name,rail_year,rail_km_total,rail_km_high_speed,rail_km_other
01,Andalucía,1848,0.0,0.0,0.0
02,Aragón,1848,0.0,0.0,0.0
03,Principado de Asturias,1848,0.0,0.0,0.0
04,Illes Balears,1848,0.0,0.0,0.0
05,Canarias,1848,0.0,0.0,0.0
06,Cantabria,1848,0.0,0.0,0.0
07,Castilla y León,1848,0.0,0.0,0.0
08,Castilla-La Mancha,1848,0.0,0.0,0.0
09,Cataluña,1848,27.646489268643222,0.0,27.646489268643222
10,Comunitat Valenciana,1848,0.0,0.0,0.0
11,Extremadura,1848,0.0,0.0,0.0
12,Galicia,1848,0.0,0.0,0.0
13,Comunidad de Madrid,1848,0.0,0.0,0.0
14,Región de Murcia,1848,0.0,0.0,0.0
15,Comunidad Foral de Navarra,1848,0.0,0.0,0.0
16,País Vasco,1848,0.0,0.0,0.0
17,La Rioja,1848,0.0,0.0,0.0
18,Ceuta,1848,0.0,0.0,0.0
19,Melilla,1848,0.0,0.0,0.0
01,Andalucía,1849,0.0,0.0,0.0
02,Aragón,1849,0.0,0.0,0.0
03,Principado de Asturias,1849,0.0,0.0,0.0
04,Illes Balears,1849,0.0,0.0,0.0
05,Canarias,1849,0.0,0.0,0.0
06,Cantabria,1849,0.0,0.0,0.0
07,Castilla y León,1849,0.0,0.0,0.0
08,Castilla-La Mancha,1849,0.0,0.0,0.0
09,Cataluña,1849,27.646489268643222,0.0,27.646489268643222
10,Comunitat Valenciana,1849,0.0,0.0,0.0
11,Extremadura,1849,0.0,0.0,0.0
12,Galicia,1849,0.0,0.0,0.0
13,Comunidad de Madrid,1849,0.0,0.0,0.0
14,Región de Murcia,1849,0.0,0.0,0.0
15,Comunidad Foral de Navarra,1849,0.0,0.0,0.0
16,País Vasco,1849,0.0,0.0,0.0
17,La Rioja,1849,0.0,0.0,0.0
18,Ceuta,1849,0.0,0.0,0.0
19,Melilla,1849,0.0,0.0,0.0
01,Andalucía,1850,0.0,0.0,0.0
02,Aragón,1850,0.0,0.0,0.0
03,Principado de Asturias,1850,0.0,0.0,0.0
04,Illes Balears,1850,0.0,0.0,0.0
05,Canarias,1850,0.0,0.0,0.0
06,Cantabria,1850,0.0,0.0,0.0
07,Castilla y León,1850,0.0,0.0,0.0
08,Castilla-La Mancha,1850,0.0,0.0,0.0
09,Cataluña,1850,27.646489268643222,0.0,27.646489268643222
10,Comunitat Valenciana,1850,0.0,0.0,0.0
11,Extremadura,1850,0.0,0.0,0.0
12,Galicia,1850,0.0,0.0,0.0
13,Comunidad de Madrid,1850,0.0,0.0,0.0
14,Región de Murcia,1850,0.0,0.0,0.0
15,Comunidad Foral de Navarra,1850,0.0,0.0,0.0
16,País Vasco,1850,0.0,0.0,0.0
17,La Rioja,1850,0.0,0.0,0.0
18,Ceuta,1850,0.0,0.0,0.0
19,Melilla,1850,0.0,0.0,0.0
01,Andalucía,1851,0.0,0.0,0.0
02,Aragón,1851,0.0,0.0,0.0
03,Principado de Asturias,1851,0.0,0.0,0.0
04,Illes Balears,1851,0.0,0.0,0.0
05,Canarias,1851,0.0,0.0,0.0
06,Cantabria,1851,0.0,0.0,0.0
07,Castilla y León,1851,0.0,0.0,0.0
08,Castilla-La Mancha,1851,7.264179356718211,0.0,7.264179356718211
09,Cataluña,1851,27.646489268643222,0.0,27.646489268643222
10,Comunitat Valenciana,1851,0.0,0.0,0.0
11,Extremadura,1851,0.0,0.0,0.0
12,Galicia,1851,0.0,0.0,0.0
13,Comunidad de Madrid,1851,39.071536517546974,0.0,39.071536517546974
14,Región de Murcia,1851,0.0,0.0,0.0
15,Comunidad Foral de Navarra,1851,0.0,0.0,0.0
16,País Vasco,1851,0.0,0.0,0.0
17,La Rioja,1851,0.0,0.0,0.0
18,Ceuta,1851,0.0,0.0,0.0
19,Melilla,1851,0.0,0.0,0.0
01,Andalucía,1852,0.0,0.0,0.0
02,Aragón,1852,0.0,0.0,0.0
03,Principado de Asturias,1852,16.39909319235641,0.0,16.39909319235641
04,Illes Balears,1852,0.0,0.0,0.0
05,Canarias,1852,0.0,0.0,0.0
06,Cantabria,1852,0.0,0.0,0.0
07,Castilla y León,1852,0.0,0.0,0.0
08,Castilla-La Mancha,1852,7.264179356718211,0.0,7.264179356718211
09,Cataluña,1852,27.646489268643222,0.0,27.646489268643222
10,Comunitat Valenciana,1852,28.01206788653527,0.0,28.01206788653527
11,Extremadura,1852,0.0,0.0,0.0
12,Galicia,1852,0.0,0.0,0.0
13,Comunidad de Madrid,1852,39.071536517546974,0.0,39.071536517546974
14,Región de Murcia,1852,0.0,0.0,0.0
15,Comunidad Foral de Navarra,1852,0.0,0.0,0.0
16,País Vasco,1852,0.0,0.0,0.0
17,La Rioja,1852,0.0,0.0,0.0
18,Ceuta,1852,0.0,0.0,0.0
19,Melilla,1852,0.0,0.0,0.0
01,Andalucía,1853,0.0,0.0,0.0
02,Aragón,1853,0.0,0.0,0.0
03,Principado de Asturias,1853,33.11322596915875,0.0,33.11322596915875
04,Illes Balears,1853,0.0,0.0,0.0
05,Canarias,1853,0.0,0.0,0.0
06,Cantabria,1853,0.0,0.0,0.0
07,Castilla y León,1853,0.0,0.0,0.0
08,Castilla-La Mancha,1853,48.79974499643245,0.0,48.79974499643245
09,Cataluña,1853,27.646489268643222,0.0,27.646489268643222
10,Comunitat Valenciana,1853,33.83246812859347,0.0,33.83246812859347
11,Extremadura,1853,0.0,0.0,0.0
12,Galicia,1853,0.0,0.0,0.0
13,Comunidad de Madrid,1853,54.067653034153324,0.0,54.067653034153324
14,Región de Murcia,1853,0.0,0.0,0.0
15,Comunidad Foral de Navarra,1853,0.0,0.0,0.0
16,País Vasco,1853,0.0,0.0,0.0
17,La Rioja,1853,0.0,0.0,0.0
18,Ceuta,1853,0.0,0.0,0.0
19,Melilla,1853,0.0,0.0,0.0
01,Andalucía,1854,24.01453297766791,0.0,24.01453297766791
02,Aragón,1854,0.0,0.0,0.0
03,Principado de Asturias,1854,41.08690874449524,0.0,41.08690874449524
04,Illes Balears,1854,0.0,0.0,0.0
05,Canarias,1854,0.0,0.0,0.0
06,Cantabria,1854,0.0,0.0,0.0
07,Castilla y León,1854,0.0,0.0,0.0
08,Castilla-La Mancha,1854,67.63078947731712,0.0,67.63078947731712
09,Cataluña,1854,88.30353733456862,0.0,88.30353733456862
10,Comunitat Valenciana,1854,57.15313779340694,0.0,57.15313779340694
11,Extremadura,1854,0.0,0.0,0.0
12,Galicia,1854,0.0,0.0,0.0
13,Comunidad de Madrid,1854,54.067653034153324,0.0,54.067653034153324
14,Región de Murcia,1854,0.0,0.0,0.0
15,Comunidad Foral de Navarra,1854,0.0,0.0,0.0
16,País Vasco,1854,0.0,0.0,0.0
17,La Rioja,1854,0.0,0.0,0.0
18,Ceuta,1854,0.0,0.0,0.0
19,Melilla,1854,0.0,0.0,0.0
01,Andalucía,1855,24.01453297766791,0.0,24.01453297766791
02,Aragón,1855,0.0,0.0,0.0
03,Principado de Asturias,1855,41.08690874449524,0.0,41.08690874449524
04,Illes Balears,1855,0.0,0.0,0.0
05,Canarias,1855,0.0,0.0,0.0
06,Cantabria,1855,0.0,0.0,0.0
07,Castilla y León,1855,0.0,0.0,0.0
08,Castilla-La Mancha,1855,216.33095759987182,0.0,216.33095759987182
09,Cataluña,1855,102.15343076602504,0.0,102.15343076602504
10,Comunitat Valenciana,1855,57.15313779340694,0.0,57.15313779340694
11,Extremadura,1855,0.0,0.0,0.0
12,Galicia,1855,0.0,0.0,0.0
13,Comunidad de Madrid,1855,54.067653034153324,0.0,54.067653034153324
14,Región de Murcia,1855,0.0,0.0,0.0
15,Comunidad Foral de Navarra,1855,0.0,0.0,0.0
16,País Vasco,1855,0.0,0.0,0.0
17,La Rioja,1855,0.0,0.0,0.0
18,Ceuta,1855,0.0,0.0,0.0
19,Melilla,1855,0.0,0.0,0.0
01,Andalucía,1856,31.08430873332699,0.0,31.08430873332699
02,Aragón,1856,0.0,0.0,0.0
03,Principado de Asturias,1856,41.08690874449524,0.0,41.08690874449524
04,Illes Balears,1856,0.0,0.0,0.0
05,Canarias,1856,0.0,0.0,0.0
06,Cantabria,1856,0.0,0.0,0.0
07,Castilla y León,1856,0.0,0.0,0.0
08,Castilla-La Mancha,1856,216.33095759987182,0.0,216.33095759987182
09,Cataluña,1856,125.57237785143491,0.0,125.57237785143491
10,Comunitat Valenciana,1856,57.15313779340694,0.0,57.15313779340694
11,Extremadura,1856,0.0,0.0,0.0
12,Galicia,1856,0.0,0.0,0.0
13,Comunidad de Madrid,1856,54.067653034153324,0.0,54.067653034153324
14,Región de Murcia,1856,0.0,0.0,0.0
15,Comunidad Foral de Navarra,1856,0.0,0.0,0.0
16,País Vasco,1856,0.0,0.0,0.0
17,La Rioja,1856,0.0,0.0,0.0
18,Ceuta,1856,0.0,0.0,0.0
19,Melilla,1856,0.0,0.0,0.0
01,Andalucía,1857,31.08430873332699,0.0,31.08430873332699
02,Aragón,1857,0.0,0.0,0.0
03,Principado de Asturias,1857,41.08690874449524,0.0,41.08690874449524
04,Illes Balears,1857,0.0,0.0,0.0
05,Canarias,1857,0.0,0.0,0.0
06,Cantabria,1857,24.758234426858845,0.0,24.758234426858845
07,Castilla y León,1857,31.01098645981962,0.0,31.01098645981962
08,Castilla-La Mancha,1857,293.922527692256,0.0,293.922527692256
09,Cataluña,1857,130.3521740497119,0.0,130.3521740497119
10,Comunitat Valenciana,1857,110.49116591816257,0.0,110.49116591816257
11,Extremadura,1857,0.0,0.0,0.0
12,Galicia,1857,0.0,0.0,0.0
13,Comunidad de Madrid,1857,54.067653034153324,0.0,54.067653034153324
14,Región de Murcia,1857,0.0,0.0,0.0
15,Comunidad Foral de Navarra,1857,0.0,0.0,0.0
16,País Vasco,1857,0.0,0.0,0.0
17,La Rioja,1857,0.0,0.0,0.0
18,Ceuta,1857,0.0,0.0,0.0
19,Melilla,1857,0.0,0.0,0.0
01,Andalucía,1858,31.08430873332699,0.0,31.08430873332699
02,Aragón,1858,0.0,0.0,0.0
03,Principado de Asturias,1858,41.08690874449524,0.0,41.08690874449524
04,Illes Balears,1858,0.0,0.0,0.0
05,Canarias,1858,0.0,0.0,0.0
06,Cantabria,1858,59.59947908940059,0.0,59.59947908940059
07,Castilla y León,1858,31.01098645981962,0.0,31.01098645981962
08,Castilla-La Mancha,1858,331.24041708547264,0.0,331.24041708547264
09,Cataluña,1858,130.3521740497119,0.0,130.3521740497119
10,Comunitat Valenciana,1858,179.91768913666635,0.0,179.91768913666635
11,Extremadura,1858,0.0,0.0,0.0
12,Galicia,1858,0.0,0.0,0.0
13,Comunidad de Madrid,1858,66.24140506118498,0.0,66.24140506118498
14,Región de Murcia,1858,0.0,0.0,0.0
15,Comunidad Foral de Navarra,1858,0.0,0.0,0.0
16,País Vasco,1858,0.0,0.0,0.0
17,La Rioja,1858,0.0,0.0,0.0
18,Ceuta,1858,0.0,0.0,0.0
19,Melilla,1858,0.0,0.0,0.0
01,Andalucía,1859,159.33745472118156,0.0,159.33745472118156
02,Aragón,1859,0.0,0.0,0.0
03,Principado de Asturias,1859,41.08690874449524,0.0,41.08690874449524
04,Illes Balears,1859,0.0,0.0,0.0
05,Canarias,1859,0.0,0.0,0.0
06,Cantabria,1859,59.59947908940059,0.0,59.59947908940059
07,Castilla y León,1859,31.01098645981962,0.0,31.01098645981962
08,Castilla-La Mancha,1859,346.2383556230662,0.0,346.2383556230662
09,Cataluña,1859,199.7811836524022,0.0,199.7811836524022
10,Comunitat Valenciana,1859,179.91768913666635,0.0,179.91768913666635
11,Extremadura,1859,0.0,0.0,0.0
12,Galicia,1859,0.0,0.0,0.0
13,Comunidad de Madrid,1859,104.10686394168266,0.0,104.10686394168266
14,Región de Murcia,1859,0.0,0.0,0.0
15,Comunidad Foral de Navarra,1859,0.0,0.0,0.0
16,País Vasco,1859,0.0,0.0,0.0
17,La Rioja,1859,0.0,0.0,0.0
18,Ceuta,1859,0.0,0.0,0.0
19,Melilla,1859,0.0,0.0,0.0
01,Andalucía,1860,259.65606342059084,0.0,259.65606342059084
02,Aragón,1860,0.0,0.0,0.0
03,Principado de Asturias,1860,41.08690874449524,0.0,41.08690874449524
04,Illes Balears,1860,0.0,0.0,0.0
05,Canarias,1860,0.0,0.0,0.0
06,Cantabria,1860,82.55862284559726,0.0,82.55862284559726
07,Castilla y León,1860,359.5434436161641,0.0,359.5434436161641
08,Castilla-La Mancha,1860,466.5831095676856,0.0,466.5831095676856
09,Cataluña,1860,364.7943027840746,0.0,364.7943027840746
10,Comunitat Valenciana,1860,179.91768913666635,0.0,179.91768913666635
11,Extremadura,1860,0.0,0.0,0.0
12,Galicia,1860,0.0,0.0,0.0
13,Comunidad de Madrid,1860,104.10686394168266,0.0,104.10686394168266
14,Región de Murcia,1860,0.0,0.0,0.0
15,Comunidad Foral de Navarra,1860,73.11155491702281,0.0,73.11155491702281
16,País Vasco,1860,0.0,0.0,0.0
17,La Rioja,1860,0.0,0.0,0.0
18,Ceuta,1860,0.0,0.0,0.0
19,Melilla,1860,0.0,0.0,0.0
01,Andalucía,1861,283.98717865364216,0.0,283.98717865364216
02,Aragón,1861,178.48841353091896,0.0,178.48841353091896
03,Principado de Asturias,1861,41.08690874449524,0.0,41.08690874449524
04,Illes Balears,1861,0.0,0.0,0.0
05,Canarias,1861,0.0,0.0,0.0
06,Cantabria,1861,82.55862284559726,0.0,82.55862284559726
07,Castilla y León,1861,388.24078731394576,0.0,388.24078731394576
08,Castilla-La Mancha,1861,508.4655547080248,0.0,508.4655547080248
09,Cataluña,1861,401.43600164875727,0.0,401.43600164875727
10,Comunitat Valenciana,1861,179.91768913666635,0.0,179.91768913666635
11,Extremadura,1861,0.0,0.0,0.0
12,Galicia,1861,0.0,0.0,0.0
13,Comunidad de Madrid,1861,161.42778973704463,0.0,161.42778973704463
14,Región de Murcia,1861,0.0,0.0,0.0
15,Comunidad Foral de Navarra,1861,127.00468802373794,0.0,127.00468802373794
16,País Vasco,1861,7.026729151156519,0.0,7.026729151156519
17,La Rioja,1861,2.5517779461867427,0.0,2.5517779461867427
18,Ceuta,1861,0.0,0.0,0.0
19,Melilla,1861,0.0,0.0,0.0
01,Andalucía,1862,283.98717865364216,0.0,283.98717865364216
02,Aragón,1862,178.48841353091896,0.0,178.48841353091896
03,Principado de Asturias,1862,41.08690874449524,0.0,41.08690874449524
04,Illes Balears,1862,0.0,0.0,0.0
05,Canarias,1862,0.0,0.0,0.0
06,Cantabria,1862,82.55862284559726,0.0,82.55862284559726
07,Castilla y León,1862,473.00440525306675,0.0,473.00440525306675
08,Castilla-La Mancha,1862,588.5819345757618,0.0,588.5819345757618
09,Cataluña,1862,430.07999488830114,0.0,430.07999488830114
10,Comunitat Valenciana,1862,250.66969697701717,0.0,250.66969697701717
11,Extremadura,1862,0.0,0.0,0.0
12,Galicia,1862,0.0,0.0,0.0
13,Comunidad de Madrid,1862,161.42778973704463,0.0,161.42778973704463
14,Región de Murcia,1862,0.0,0.0,0.0
15,Comunidad Foral de Navarra,1862,140.17946459775524,0.0,140.17946459775524
16,País Vasco,1862,59.68668048904439,0.0,59.68668048904439
17,La Rioja,1862,2.5517779461867427,0.0,2.5517779461867427
18,Ceuta,1862,0.0,0.0,0.0
19,Melilla,1862,0.0,0.0,0.0
01,Andalucía,1863,351.6553425910138,0.0,351.6553425910138
02,Aragón,1863,319.1280017953936,0.0,319.1280017953936
03,Principado de Asturias,1863,41.08690874449524,0.0,41.08690874449524
04,Illes Balears,1863,0.0,0.0,0.0
05,Canarias,1863,0.0,0.0,0.0
06,Cantabria,1863,82.55862284559726,0.0,82.55862284559726
07,Castilla y León,1863,654.3925712697544,0.0,654.3925712697544
08,Castilla-La Mancha,1863,588.9886483068741,0.0,588.9886483068741
09,Cataluña,1863,467.55539525425684,0.0,467.55539525425684
10,Comunitat Valenciana,1863,263.07987762524357,0.0,263.07987762524357
11,Extremadura,1863,10.994140676272046,0.0,10.994140676272046
12,Galicia,1863,0.0,0.0,0.0
13,Comunidad de Madrid,1863,184.56789670791574,0.0,184.56789670791574
14,Región de Murcia,1863,61.95007853562866,0.0,61.95007853562866
15,Comunidad Foral de Navarra,1863,149.4307457730538,0.0,149.4307457730538
16,País Vasco,1863,211.33016437355144,0.0,211.33016437355144
17,La Rioja,1863,115.69415766275554,0.0,115.69415766275554
18,Ceuta,1863,0.0,0.0,0.0
19,Melilla,1863,0.0,0.0,0.0
01,Andalucía,1864,397.271673281693,0.0,397.271673281693
02,Aragón,1864,351.3481668249649,0.0,351.3481668249649
03,Principado de Asturias,1864,41.08690874449524,0.0,41.08690874449524
04,Illes Balears,1864,0.0,0.0,0.0
05,Canarias,1864,0.0,0.0,0.0
06,Cantabria,1864,82.55862284559726,0.0,82.55862284559726
07,Castilla y León,1864,752.7669006638823,0.0,752.7669006638823
08,Castilla-La Mancha,1864,707.5473396577214,0.0,707.5473396577214
09,Cataluña,1864,467.55539525425684,0.0,467.55539525425684
10,Comunitat Valenciana,1864,299.3464572174526,0.0,299.3464572174526
11,Extremadura,1864,51.39848273865354,0.0,51.39848273865354
12,Galicia,1864,0.0,0.0,0.0
13,Comunidad de Madrid,1864,184.56789670791574,0.0,184.56789670791574
14,Región de Murcia,1864,119.99987899917765,0.0,119.99987899917765
15,Comunidad Foral de Navarra,1864,163.6893347006593,0.0,163.6893347006593
16,País Vasco,1864,242.89026785244033,0.0,242.89026785244033
17,La Rioja,1864,115.69415766275554,0.0,115.69415766275554
18,Ceuta,1864,0.0,0.0,0.0
19,Melilla,1864,0.0,0.0,0.0
01,Andalucía,1865,528.0910190518113,0.0,528.0910190518113
02,Aragón,1865,351.3481668249649,0.0,351.3481668249649
03,Principado de Asturias,1865,41.08690874449524,0.0,41.08690874449524
04,Illes Balears,1865,0.0,0.0,0.0
05,Canarias,1865,0.0,0.0,0.0
06,Cantabria,1865,82.55862284559726,0.0,82.55862284559726
07,Castilla y León,1865,752.7669006638823,0.0,752.7669006638823
08,Castilla-La Mancha,1865,766.648270696013,0.0,766.648270696013
09,Cataluña,1865,642.5871419944322,0.0,642.5871419944322
10,Comunitat Valenciana,1865,371.41341103904807,0.0,371.41341103904807
11,Extremadura,1865,129.7831803306728,0.0,129.7831803306728
12,Galicia,1865,0.0,0.0,0.0
13,Comunidad de Madrid,1865,184.56789670791574,0.0,184.56789670791574
14,Región de Murcia,1865,139.6321495321365,0.0,139.6321495321365
15,Comunidad Foral de Navarra,1865,188.83433846896992,0.0,188.83433846896992
16,País Vasco,1865,249.61933441661634,0.0,249.61933441661634
17,La Rioja,1865,115.69415766275554,0.0,115.69415766275554
18,Ceuta,1865,0.0,0.0,0.0
19,Melilla,1865,0.0,0.0,0.0
01,Andalucía,1866,751.5503997489541,0.0,751.5503997489541
02,Aragón,1866,351.3481668249649,0.0,351.3481668249649
03,Principado de Asturias,1866,41.08690874449524,0.0,41.08690874449524
04,Illes Balears,1866,0.0,0.0,0.0
05,Canarias,1866,0.0,0.0,0.0
06,Cantabria,1866,101.84279507387967,0.0,101.84279507387967
07,Castilla y León,1866,799.4374506324365,0.0,799.4374506324365
08,Castilla-La Mancha,1866,819.3253668439464,0.0,819.3253668439464
09,Cataluña,1866,642.5871419944322,0.0,642.5871419944322
10,Comunitat Valenciana,1866,371.41341103904807,0.0,371.41341103904807
11,Extremadura,1866,206.41018489690347,0.0,206.41018489690347
12,Galicia,1866,0.0,0.0,0.0
13,Comunidad de Madrid,1866,184.56789670791574,0.0,184.56789670791574
14,Región de Murcia,1866,139.6321495321365,0.0,139.6321495321365
15,Comunidad Foral de Navarra,1866,188.83433846896992,0.0,188.83433846896992
16,País Vasco,1866,249.61933441661634,0.0,249.61933441661634
17,La Rioja,1866,115.69415766275554,0.0,115.69415766275554
18,Ceuta,1866,0.0,0.0,0.0
19,Melilla,1866,0.0,0.0,0.0
01,Andalucía,1867,751.5503997489541,0.0,751.5503997489541
02,Aragón,1867,351.3481668249649,0.0,351.3481668249649
03,Principado de Asturias,1867,41.08690874449524,0.0,41.08690874449524
04,Illes Balears,1867,0.0,0.0,0.0
05,Canarias,1867,0.0,0.0,0.0
06,Cantabria,1867,101.84279507387967,0.0,101.84279507387967
07,Castilla y León,1867,799.4374506324365,0.0,799.4374506324365
08,Castilla-La Mancha,1867,819.3253668439464,0.0,819.3253668439464
09,Cataluña,1867,660.8422561818862,0.0,660.8422561818862
10,Comunitat Valenciana,1867,371.41341103904807,0.0,371.41341103904807
11,Extremadura,1867,206.41018489690347,0.0,206.41018489690347
12,Galicia,1867,0.0,0.0,0.0
13,Comunidad de Madrid,1867,184.56789670791574,0.0,184.56789670791574
14,Región de Murcia,1867,139.6321495321365,0.0,139.6321495321365
15,Comunidad Foral de Navarra,1867,188.83433846896992,0.0,188.83433846896992
16,País Vasco,1867,249.61933441661634,0.0,249.61933441661634
17,La Rioja,1867,115.69415766275554,0.0,115.69415766275554
18,Ceuta,1867,0.0,0.0,0.0
19,Melilla,1867,0.0,0.0,0.0
01,Andalucía,1868,839.2538784969323,0.0,839.2538784969323
02,Aragón,1868,351.3481668249649,0.0,351.3481668249649
03,Principado de Asturias,1868,41.08690874449524,0.0,41.08690874449524
04,Illes Balears,1868,0.0,0.0,0.0
05,Canarias,1868,0.0,0.0,0.0
06,Cantabria,1868,101.84279507387967,0.0,101.84279507387967
07,Castilla y León,1868,860.9274688144726,0.0,860.9274688144726
08,Castilla-La Mancha,1868,819.3253668439464,0.0,819.3253668439464
09,Cataluña,1868,680.2823417549107,0.0,680.2823417549107
10,Comunitat Valenciana,1868,371.41341103904807,0.0,371.41341103904807
11,Extremadura,1868,222.48992963200166,0.0,222.48992963200166
12,Galicia,1868,0.0,0.0,0.0
13,Comunidad de Madrid,1868,184.56789670791574,0.0,184.56789670791574
14,Región de Murcia,1868,139.6321495321365,0.0,139.6321495321365
15,Comunidad Foral de Navarra,1868,188.83433846896992,0.0,188.83433846896992
16,País Vasco,1868,249.61933441661634,0.0,249.61933441661634
17,La Rioja,1868,115.69415766275554,0.0,115.69415766275554
18,Ceuta,1868,0.0,0.0,0.0
19,Melilla,1868,0.0,0.0,0.0
01,Andalucía,1869,944.201698348503,0.0,944.201698348503
02,Aragón,1869,351.3481668249649,0.0,351.3481668249649
03,Principado de Asturias,1869,41.08690874449524,0.0,41.08690874449524
04,Illes Balears,1869,0.0,0.0,0.0
05,Canarias,1869,0.0,0.0,0.0
06,Cantabria,1869,101.84279507387967,0.0,101.84279507387967
07,Castilla y León,1869,860.9274688144726,0.0,860.9274688144726
08,Castilla-La Mancha,1869,819.3253668439464,0.0,819.3253668439464
09,Cataluña,1869,680.2823417549107,0.0,680.2823417549107
10,Comunitat Valenciana,1869,371.41341103904807,0.0,371.41341103904807
11,Extremadura,1869,222.48992963200166,0.0,222.48992963200166
12,Galicia,1869,0.0,0.0,0.0
13,Comunidad de Madrid,1869,184.56789670791574,0.0,184.56789670791574
14,Región de Murcia,1869,139.6321495321365,0.0,139.6321495321365
15,Comunidad Foral de Navarra,1869,188.83433846896992,0.0,188.83433846896992
16,País Vasco,1869,249.61933441661634,0.0,249.61933441661634
17,La Rioja,1869,115.69415766275554,0.0,115.69415766275554
18,Ceuta,1869,0.0,0.0,0.0
19,Melilla,1869,0.0,0.0,0.0
01,Andalucía,1870,1012.9185110266517,0.0,1012.9185110266517
02,Aragón,1870,351.3481668249649,0.0,351.3481668249649
03,Principado de Asturias,1870,41.08690874449524,0.0,41.08690874449524
04,Illes Balears,1870,0.0,0.0,0.0
05,Canarias,1870,0.0,0.0,0.0
06,Cantabria,1870,101.84279507387967,0.0,101.84279507387967
07,Castilla y León,1870,860.9274688144726,0.0,860.9274688144726
08,Castilla-La Mancha,1870,819.3253668439464,0.0,819.3253668439464
09,Cataluña,1870,680.2823417549107,0.0,680.2823417549107
10,Comunitat Valenciana,1870,371.41341103904807,0.0,371.41341103904807
11,Extremadura,1870,222.48992963200166,0.0,222.48992963200166
12,Galicia,1870,0.0,0.0,0.0
13,Comunidad de Madrid,1870,184.56789670791574,0.0,184.56789670791574
14,Región de Murcia,1870,139.6321495321365,0.0,139.6321495321365
15,Comunidad Foral de Navarra,1870,188.83433846896992,0.0,188.83433846896992
16,País Vasco,1870,249.61933441661634,0.0,249.61933441661634
17,La Rioja,1870,115.69415766275554,0.0,115.69415766275554
18,Ceuta,1870,0.0,0.0,0.0
19,Melilla,1870,0.0,0.0,0.0
01,Andalucía,1871,1032.882317694224,0.0,1032.882317694224
02,Aragón,1871,351.3481668249649,0.0,351.3481668249649
03,Principado de Asturias,1871,41.08690874449524,0.0,41.08690874449524
04,Illes Balears,1871,0.0,0.0,0.0
05,Canarias,1871,0.0,0.0,0.0
06,Cantabria,1871,101.84279507387967,0.0,101.84279507387967
07,Castilla y León,1871,860.9274688144726,0.0,860.9274688144726
08,Castilla-La Mancha,1871,819.3253668439464,0.0,819.3253668439464
09,Cataluña,1871,680.2823417549107,0.0,680.2823417549107
10,Comunitat Valenciana,1871,371.41341103904807,0.0,371.41341103904807
11,Extremadura,1871,222.48992963200166,0.0,222.48992963200166
12,Galicia,1871,0.0,0.0,0.0
13,Comunidad de Madrid,1871,184.56789670791574,0.0,184.56789670791574
14,Región de Murcia,1871,139.6321495321365,0.0,139.6321495321365
15,Comunidad Foral de Navarra,1871,188.83433846896992,0.0,188.83433846896992
16,País Vasco,1871,249.61933441661634,0.0,249.61933441661634
17,La Rioja,1871,115.69415766275554,0.0,115.69415766275554
18,Ceuta,1871,0.0,0.0,0.0
19,Melilla,1871,0.0,0.0,0.0
01,Andalucía,1872,1032.882317694224,0.0,1032.882317694224
02,Aragón,1872,351.3481668249649,0.0,351.3481668249649
03,Principado de Asturias,1872,41.08690874449524,0.0,41.08690874449524
04,Illes Balears,1872,0.0,0.0,0.0
05,Canarias,1872,0.0,0.0,0.0
06,Cantabria,1872,101.84279507387967,0.0,101.84279507387967
07,Castilla y León,1872,875.279810640224,0.0,875.279810640224
08,Castilla-La Mancha,1872,819.3253668439464,0.0,819.3253668439464
09,Cataluña,1872,691.0254413637558,0.0,691.0254413637558
10,Comunitat Valenciana,1872,371.41341103904807,0.0,371.41341103904807
11,Extremadura,1872,222.48992963200166,0.0,222.48992963200166
12,Galicia,1872,0.0,0.0,0.0
13,Comunidad de Madrid,1872,184.56789670791574,0.0,184.56789670791574
14,Región de Murcia,1872,139.6321495321365,0.0,139.6321495321365
15,Comunidad Foral de Navarra,1872,188.83433846896992,0.0,188.83433846896992
16,País Vasco,1872,249.61933441661634,0.0,249.61933441661634
17,La Rioja,1872,115.69415766275554,0.0,115.69415766275554
18,Ceuta,1872,0.0,0.0,0.0
19,Melilla,1872,0.0,0.0,0.0
01,Andalucía,1873,1095.2153316842594,0.0,1095.2153316842594
02,Aragón,1873,351.3481668249649,0.0,351.3481668249649
03,Principado de Asturias,1873,41.08690874449524,0.0,41.08690874449524
04,Illes Balears,1873,0.0,0.0,0.0
05,Canarias,1873,0.0,0.0,0.0
06,Cantabria,1873,101.84279507387967,0.0,101.84279507387967
07,Castilla y León,1873,875.279810640224,0.0,875.279810640224
08,Castilla-La Mancha,1873,819.3253668439464,0.0,819.3253668439464
09,Cataluña,1873,691.0254413637558,0.0,691.0254413637558
10,Comunitat Valenciana,1873,371.41341103904807,0.0,371.41341103904807
11,Extremadura,1873,222.48992963200166,0.0,222.48992963200166
12,Galicia,1873,38.83769882623632,0.0,38.83769882623632
13,Comunidad de Madrid,1873,184.56789670791574,0.0,184.56789670791574
14,Región de Murcia,1873,139.6321495321365,0.0,139.6321495321365
15,Comunidad Foral de Navarra,1873,188.83433846896992,0.0,188.83433846896992
16,País Vasco,1873,249.61933441661634,0.0,249.61933441661634
17,La Rioja,1873,115.69415766275554,0.0,115.69415766275554
18,Ceuta,1873,0.0,0.0,0.0
19,Melilla,1873,0.0,0.0,0.0
01,Andalucía,1874,1104.0837647530523,0.0,1104.0837647530523
02,Aragón,1874,385.32854823666537,0.0,385.32854823666537
03,Principado de Asturias,1874,103.86741503822236,0.0,103.86741503822236
04,Illes Balears,1874,0.0,0.0,0.0
05,Canarias,1874,0.0,0.0,0.0
06,Cantabria,1874,101.84279507387967,0.0,101.84279507387967
07,Castilla y León,1874,875.279810640224,0.0,875.279810640224
08,Castilla-La Mancha,1874,819.3253668439464,0.0,819.3253668439464
09,Cataluña,1874,695.3434400951944,0.0,695.3434400951944
10,Comunitat Valenciana,1874,371.41341103904807,0.0,371.41341103904807
11,Extremadura,1874,222.48992963200166,0.0,222.48992963200166
12,Galicia,1874,38.83769882623632,0.0,38.83769882623632
13,Comunidad de Madrid,1874,184.56789670791574,0.0,184.56789670791574
14,Región de Murcia,1874,152.36667995116417,0.0,152.36667995116417
15,Comunidad Foral de Navarra,1874,188.83433846896992,0.0,188.83433846896992
16,País Vasco,1874,249.61933441661634,0.0,249.61933441661634
17,La Rioja,1874,115.69415766275554,0.0,115.69415766275554
18,Ceuta,1874,0.0,0.0,0.0
19,Melilla,1874,0.0,0.0,0.0
01,Andalucía,1875,1249.1876425333433,0.0,1249.1876425333433
02,Aragón,1875,385.32854823666537,0.0,385.32854823666537
03,Principado de Asturias,1875,103.86741503822236,0.0,103.86741503822236
04,Illes Balears,1875,36.11969717500871,0.0,36.11969717500871
05,Canarias,1875,0.0,0.0,0.0
06,Cantabria,1875,101.84279507387967,0.0,101.84279507387967
07,Castilla y León,1875,911.5801864879201,0.0,911.5801864879201
08,Castilla-La Mancha,1875,819.3253668439464,0.0,819.3253668439464
09,Cataluña,1875,695.3434400951944,0.0,695.3434400951944
10,Comunitat Valenciana,1875,371.41341103904807,0.0,371.41341103904807
11,Extremadura,1875,222.48992963200166,0.0,222.48992963200166
12,Galicia,1875,143.9312383663238,0.0,143.9312383663238
13,Comunidad de Madrid,1875,184.56789670791574,0.0,184.56789670791574
14,Región de Murcia,1875,152.36667995116417,0.0,152.36667995116417
15,Comunidad Foral de Navarra,1875,188.83433846896992,0.0,188.83433846896992
16,País Vasco,1875,249.61933441661634,0.0,249.61933441661634
17,La Rioja,1875,115.69415766275554,0.0,115.69415766275554
18,Ceuta,1875,0.0,0.0,0.0
19,Melilla,1875,0.0,0.0,0.0
01,Andalucía,1876,1286.019902360413,0.0,1286.019902360413
02,Aragón,1876,385.32854823666537,0.0,385.32854823666537
03,Principado de Asturias,1876,103.86741503822236,0.0,103.86741503822236
04,Illes Balears,1876,36.11969717500871,0.0,36.11969717500871
05,Canarias,1876,0.0,0.0,0.0
06,Cantabria,1876,101.84279507387967,0.0,101.84279507387967
07,Castilla y León,1876,911.5801864879201,0.0,911.5801864879201
08,Castilla-La Mancha,1876,911.174866184257,0.0,911.174866184257
09,Cataluña,1876,730.5390895288001,0.0,730.5390895288001
10,Comunitat Valenciana,1876,371.41341103904807,0.0,371.41341103904807
11,Extremadura,1876,222.48992963200166,0.0,222.48992963200166
12,Galicia,1876,143.9312383663238,0.0,143.9312383663238
13,Comunidad de Madrid,1876,216.76626921731722,0.0,216.76626921731722
14,Región de Murcia,1876,152.36667995116417,0.0,152.36667995116417
15,Comunidad Foral de Navarra,1876,188.83433846896992,0.0,188.83433846896992
16,País Vasco,1876,265.6888111356111,0.0,265.6888111356111
17,La Rioja,1876,115.69415766275554,0.0,115.69415766275554
18,Ceuta,1876,0.0,0.0,0.0
19,Melilla,1876,0.0,0.0,0.0
01,Andalucía,1877,1329.7648677717038,0.0,1329.7648677717038
02,Aragón,1877,412.2756450500244,0.0,412.2756450500244
03,Principado de Asturias,1877,103.86741503822236,0.0,103.86741503822236
04,Illes Balears,1877,36.11969717500871,0.0,36.11969717500871
05,Canarias,1877,0.0,0.0,0.0
06,Cantabria,1877,101.84279507387967,0.0,101.84279507387967
07,Castilla y León,1877,947.7918834444125,0.0,947.7918834444125
08,Castilla-La Mancha,1877,968.4028508945147,0.0,968.4028508945147
09,Cataluña,1877,770.2978441471089,0.0,770.2978441471089
10,Comunitat Valenciana,1877,371.41341103904807,0.0,371.41341103904807
11,Extremadura,1877,222.48992963200166,0.0,222.48992963200166
12,Galicia,1877,143.9312383663238,0.0,143.9312383663238
13,Comunidad de Madrid,1877,216.76626921731722,0.0,216.76626921731722
14,Región de Murcia,1877,152.36667995116417,0.0,152.36667995116417
15,Comunidad Foral de Navarra,1877,188.83433846896992,0.0,188.83433846896992
16,País Vasco,1877,265.6888111356111,0.0,265.6888111356111
17,La Rioja,1877,115.69415766275554,0.0,115.69415766275554
18,Ceuta,1877,0.0,0.0,0.0
19,Melilla,1877,0.0,0.0,0.0
01,Andalucía,1878,1369.918902450355,0.0,1369.918902450355
02,Aragón,1878,412.2756450500244,0.0,412.2756450500244
03,Principado de Asturias,1878,103.86741503822236,0.0,103.86741503822236
04,Illes Balears,1878,64.50435387374742,0.0,64.50435387374742
05,Canarias,1878,0.0,0.0,0.0
06,Cantabria,1878,101.84279507387967,0.0,101.84279507387967
07,Castilla y León,1878,947.7918834444125,0.0,947.7918834444125
08,Castilla-La Mancha,1878,978.7336309228727,0.0,978.7336309228727
09,Cataluña,1878,808.1986975247163,0.0,808.1986975247163
10,Comunitat Valenciana,1878,396.42013882262364,0.0,396.42013882262364
11,Extremadura,1878,235.16731276664237,0.0,235.16731276664237
12,Galicia,1878,204.15104509386393,0.0,204.15104509386393
13,Comunidad de Madrid,1878,216.76626921731722,0.0,216.76626921731722
14,Región de Murcia,1878,152.36667995116417,0.0,152.36667995116417
15,Comunidad Foral de Navarra,1878,188.83433846896992,0.0,188.83433846896992
16,País Vasco,1878,265.6888111356111,0.0,265.6888111356111
17,La Rioja,1878,115.69415766275554,0.0,115.69415766275554
18,Ceuta,1878,0.0,0.0,0.0
19,Melilla,1878,0.0,0.0,0.0
01,Andalucía,1879,1412.8953122505054,0.0,1412.8953122505054
02,Aragón,1879,427.80757682467805,0.0,427.80757682467805
03,Principado de Asturias,1879,103.86741503822236,0.0,103.86741503822236
04,Illes Balears,1879,82.04714766605136,0.0,82.04714766605136
05,Canarias,1879,0.0,0.0,0.0
06,Cantabria,1879,101.84279507387967,0.0,101.84279507387967
07,Castilla y León,1879,947.7918834444125,0.0,947.7918834444125
08,Castilla-La Mancha,1879,1110.7944830233077,0.0,1110.7944830233077
09,Cataluña,1879,851.8038087004933,0.0,851.8038087004933
10,Comunitat Valenciana,1879,396.42013882262364,0.0,396.42013882262364
11,Extremadura,1879,355.2207071753508,0.0,355.2207071753508
12,Galicia,1879,206.17439827426747,0.0,206.17439827426747
13,Comunidad de Madrid,1879,246.1565888575931,0.0,246.1565888575931
14,Región de Murcia,1879,152.36667995116417,0.0,152.36667995116417
15,Comunidad Foral de Navarra,1879,188.83433846896992,0.0,188.83433846896992
16,País Vasco,1879,265.6888111356111,0.0,265.6888111356111
17,La Rioja,1879,115.69415766275554,0.0,115.69415766275554
18,Ceuta,1879,0.0,0.0,0.0
19,Melilla,1879,0.0,0.0,0.0
01,Andalucía,1880,1524.4447454324409,0.0,1524.4447454324409
02,Aragón,1880,445.7343440645247,0.0,445.7343440645247
03,Principado de Asturias,1880,103.86741503822236,0.0,103.86741503822236
04,Illes Balears,1880,82.04714766605136,0.0,82.04714766605136
05,Canarias,1880,0.0,0.0,0.0
06,Cantabria,1880,101.84279507387967,0.0,101.84279507387967
07,Castilla y León,1880,947.7918834444125,0.0,947.7918834444125
08,Castilla-La Mancha,1880,1110.7944830233077,0.0,1110.7944830233077
09,Cataluña,1880,862.6247385585609,0.0,862.6247385585609
10,Comunitat Valenciana,1880,396.42013882262364,0.0,396.42013882262364
11,Extremadura,1880,460.769913508942,0.0,460.769913508942
12,Galicia,1880,249.081593472715,0.0,249.081593472715
13,Comunidad de Madrid,1880,248.7276109449154,0.0,248.7276109449154
14,Región de Murcia,1880,152.36667995116417,0.0,152.36667995116417
15,Comunidad Foral de Navarra,1880,188.83433846896992,0.0,188.83433846896992
16,País Vasco,1880,265.6888111356111,0.0,265.6888111356111
17,La Rioja,1880,115.69415766275554,0.0,115.69415766275554
18,Ceuta,1880,0.0,0.0,0.0
19,Melilla,1880,0.0,0.0,0.0
01,Andalucía,1881,1552.482839051039,0.0,1552.482839051039
02,Aragón,1881,445.7343440645247,0.0,445.7343440645247
03,Principado de Asturias,1881,109.47592961287769,0.0,109.47592961287769
04,Illes Balears,1881,82.04714766605136,0.0,82.04714766605136
05,Canarias,1881,0.0,0.0,0.0
06,Cantabria,1881,101.84279507387967,0.0,101.84279507387967
07,Castilla y León,1881,947.7918834444125,0.0,947.7918834444125
08,Castilla-La Mancha,1881,1110.7944830233077,0.0,1110.7944830233077
09,Cataluña,1881,912.2156307808951,0.0,912.2156307808951
10,Comunitat Valenciana,1881,396.42013882262364,0.0,396.42013882262364
11,Extremadura,1881,569.8779958852693,0.0,569.8779958852693
12,Galicia,1881,308.250050989096,0.0,308.250050989096
13,Comunidad de Madrid,1881,248.7276109449154,0.0,248.7276109449154
14,Región de Murcia,1881,152.36667995116417,0.0,152.36667995116417
15,Comunidad Foral de Navarra,1881,188.83433846896992,0.0,188.83433846896992
16,País Vasco,1881,265.6888111356111,0.0,265.6888111356111
17,La Rioja,1881,115.69415766275554,0.0,115.69415766275554
18,Ceuta,1881,0.0,0.0,0.0
19,Melilla,1881,0.0,0.0,0.0
01,Andalucía,1882,1552.482839051039,0.0,1552.482839051039
02,Aragón,1882,445.7343440645247,0.0,445.7343440645247
03,Principado de Asturias,1882,109.47592961287769,0.0,109.47592961287769
04,Illes Balears,1882,82.04714766605136,0.0,82.04714766605136
05,Canarias,1882,0.0,0.0,0.0
06,Cantabria,1882,101.84279507387967,0.0,101.84279507387967
07,Castilla y León,1882,999.9966805152856,0.0,999.9966805152856
08,Castilla-La Mancha,1882,1110.7944830233077,0.0,1110.7944830233077
09,Cataluña,1882,928.2727992683608,0.0,928.2727992683608
10,Comunitat Valenciana,1882,396.42013882262364,0.0,396.42013882262364
11,Extremadura,1882,569.8779958852693,0.0,569.8779958852693
12,Galicia,1882,308.250050989096,0.0,308.250050989096
13,Comunidad de Madrid,1882,248.7276109449154,0.0,248.7276109449154
14,Región de Murcia,1882,152.36667995116417,0.0,152.36667995116417
15,Comunidad Foral de Navarra,1882,188.83433846896992,0.0,188.83433846896992
16,País Vasco,1882,295.0739624338805,0.0,295.0739624338805
17,La Rioja,1882,115.69415766275554,0.0,115.69415766275554
18,Ceuta,1882,0.0,0.0,0.0
19,Melilla,1882,0.0,0.0,0.0
01,Andalucía,1883,1552.482839051039,0.0,1552.482839051039
02,Aragón,1883,445.7343440645247,0.0,445.7343440645247
03,Principado de Asturias,1883,121.96986328128732,0.0,121.96986328128732
04,Illes Balears,1883,82.04714766605136,0.0,82.04714766605136
05,Canarias,1883,0.0,0.0,0.0
06,Cantabria,1883,101.84279507387967,0.0,101.84279507387967
07,Castilla y León,1883,1024.1868483845728,0.0,1024.1868483845728
08,Castilla-La Mancha,1883,1251.3026698214337,0.0,1251.3026698214337
09,Cataluña,1883,962.2054685918571,0.0,962.2054685918571
10,Comunitat Valenciana,1883,436.91803493602157,0.0,436.91803493602157
11,Extremadura,1883,569.8779958852693,0.0,569.8779958852693
12,Galicia,1883,409.66064349952734,0.0,409.66064349952734
13,Comunidad de Madrid,1883,252.54864100910984,0.0,252.54864100910984
14,Región de Murcia,1883,152.36667995116417,0.0,152.36667995116417
15,Comunidad Foral de Navarra,1883,188.83433846896992,0.0,188.83433846896992
16,País Vasco,1883,295.0739624338805,0.0,295.0739624338805
17,La Rioja,1883,115.69415766275554,0.0,115.69415766275554
18,Ceuta,1883,0.0,0.0,0.0
19,Melilla,1883,0.0,0.0,0.0
01,Andalucía,1884,1552.482839051039,0.0,1552.482839051039
02,Aragón,1884,445.7343440645247,0.0,445.7343440645247
03,Principado de Asturias,1884,159.7319394731386,0.0,159.7319394731386
04,Illes Balears,1884,82.04714766605136,0.0,82.04714766605136
05,Canarias,1884,0.0,0.0,0.0
06,Cantabria,1884,101.84279507387967,0.0,101.84279507387967
07,Castilla y León,1884,1154.4134767634216,0.0,1154.4134767634216
08,Castilla-La Mancha,1884,1251.3026698214337,0.0,1251.3026698214337
09,Cataluña,1884,990.9113140403035,0.0,990.9113140403035
10,Comunitat Valenciana,1884,572.8654292834265,0.0,572.8654292834265
11,Extremadura,1884,631.0633422705413,0.0,631.0633422705413
12,Galicia,1884,442.996838896556,0.0,442.996838896556
13,Comunidad de Madrid,1884,252.54864100910984,0.0,252.54864100910984
14,Región de Murcia,1884,157.1683191018204,0.0,157.1683191018204
15,Comunidad Foral de Navarra,1884,188.83433846896992,0.0,188.83433846896992
16,País Vasco,1884,295.0739624338805,0.0,295.0739624338805
17,La Rioja,1884,115.69415766275554,0.0,115.69415766275554
18,Ceuta,1884,0.0,0.0,0.0
19,Melilla,1884,0.0,0.0,0.0
01,Andalucía,1885,1663.6736304401081,0.0,1663.6736304401081
02,Aragón,1885,445.7343440645247,0.0,445.7343440645247
03,Principado de Asturias,1885,173.63430540113478,0.0,173.63430540113478
04,Illes Balears,1885,82.04714766605136,0.0,82.04714766605136
05,Canarias,1885,0.0,0.0,0.0
06,Cantabria,1885,101.84279507387967,0.0,101.84279507387967
07,Castilla y León,1885,1154.4134767634216,0.0,1154.4134767634216
08,Castilla-La Mancha,1885,1251.3026698214337,0.0,1251.3026698214337
09,Cataluña,1885,1029.0918554351183,0.0,1029.0918554351183
10,Comunitat Valenciana,1885,605.1890965803171,0.0,605.1890965803171
11,Extremadura,1885,646.168088429045,0.0,646.168088429045
12,Galicia,1885,468.97553127298454,0.0,468.97553127298454
13,Comunidad de Madrid,1885,252.54864100910984,0.0,252.54864100910984
14,Región de Murcia,1885,213.8053948472048,0.0,213.8053948472048
15,Comunidad Foral de Navarra,1885,188.83433846896992,0.0,188.83433846896992
16,País Vasco,1885,295.0739624338805,0.0,295.0739624338805
17,La Rioja,1885,115.69415766275554,0.0,115.69415766275554
18,Ceuta,1885,0.0,0.0,0.0
19,Melilla,1885,0.0,0.0,0.0
01,Andalucía,1886,1727.4805433026436,0.0,1727.4805433026436
02,Aragón,1886,453.1317110678521,0.0,453.1317110678521
03,Principado de Asturias,1886,173.63430540113478,0.0,173.63430540113478
04,Illes Balears,1886,82.04714766605136,0.0,82.04714766605136
05,Canarias,1886,0.0,0.0,0.0
06,Cantabria,1886,101.84279507387967,0.0,101.84279507387967
07,Castilla y León,1886,1273.3307348891817,0.0,1273.3307348891817
08,Castilla-La Mancha,1886,1251.3026698214337,0.0,1251.3026698214337
09,Cataluña,1886,1029.0918554351183,0.0,1029.0918554351183
10,Comunitat Valenciana,1886,605.1890965803171,0.0,605.1890965803171
11,Extremadura,1886,646.168088429045,0.0,646.168088429045
12,Galicia,1886,473.1123358035495,0.0,473.1123358035495
13,Comunidad de Madrid,1886,277.6480225212899,0.0,277.6480225212899
14,Región de Murcia,1886,220.80686010088235,0.0,220.80686010088235
15,Comunidad Foral de Navarra,1886,202.41092950881773,0.0,202.41092950881773
16,País Vasco,1886,295.0739624338805,0.0,295.0739624338805
17,La Rioja,1886,115.69415766275554,0.0,115.69415766275554
18,Ceuta,1886,0.0,0.0,0.0
19,Melilla,1886,0.0,0.0,0.0
01,Andalucía,1887,1741.0665050290595,0.0,1741.0665050290595
02,Aragón,1887,498.1974083882773,0.0,498.1974083882773
03,Principado de Asturias,1887,173.63430540113478,0.0,173.63430540113478
04,Illes Balears,1887,82.04714766605136,0.0,82.04714766605136
05,Canarias,1887,0.0,0.0,0.0
06,Cantabria,1887,101.84279507387967,0.0,101.84279507387967
07,Castilla y León,1887,1344.8849466318486,0.0,1344.8849466318486
08,Castilla-La Mancha,1887,1251.3026698214337,0.0,1251.3026698214337
09,Cataluña,1887,1075.826642153288,0.0,1075.826642153288
10,Comunitat Valenciana,1887,648.1560016864469,0.0,648.1560016864469
11,Extremadura,1887,646.168088429045,0.0,646.168088429045
12,Galicia,1887,473.1123358035495,0.0,473.1123358035495
13,Comunidad de Madrid,1887,277.6480225212899,0.0,277.6480225212899
14,Región de Murcia,1887,231.89059318343487,0.0,231.89059318343487
15,Comunidad Foral de Navarra,1887,202.41092950881773,0.0,202.41092950881773
16,País Vasco,1887,315.97975370163556,0.0,315.97975370163556
17,La Rioja,1887,115.69415766275554,0.0,115.69415766275554
18,Ceuta,1887,0.0,0.0,0.0
19,Melilla,1887,0.0,0.0,0.0
01,Andalucía,1888,1749.3530685179085,0.0,1749.3530685179085
02,Aragón,1888,498.1974083882773,0.0,498.1974083882773
03,Principado de Asturias,1888,173.63430540113478,0.0,173.63430540113478
04,Illes Balears,1888,82.04714766605136,0.0,82.04714766605136
05,Canarias,1888,0.0,0.0,0.0
06,Cantabria,1888,101.84279507387967,0.0,101.84279507387967
07,Castilla y León,1888,1377.6357904912654,0.0,1377.6357904912654
08,Castilla-La Mancha,1888,1251.3026698214337,0.0,1251.3026698214337
09,Cataluña,1888,1075.826642153288,0.0,1075.826642153288
10,Comunitat Valenciana,1888,692.9003560943462,0.0,692.9003560943462
11,Extremadura,1888,646.168088429045,0.0,646.168088429045
12,Galicia,1888,473.1123358035495,0.0,473.1123358035495
13,Comunidad de Madrid,1888,300.6956640579471,0.0,300.6956640579471
14,Región de Murcia,1888,231.89059318343487,0.0,231.89059318343487
15,Comunidad Foral de Navarra,1888,202.41092950881773,0.0,202.41092950881773
16,País Vasco,1888,363.5479993058947,0.0,363.5479993058947
17,La Rioja,1888,115.69415766275554,0.0,115.69415766275554
18,Ceuta,1888,0.0,0.0,0.0
19,Melilla,1888,0.0,0.0,0.0
01,Andalucía,1889,1799.3186575300265,0.0,1799.3186575300265
02,Aragón,1889,514.4547603525594,0.0,514.4547603525594
03,Principado de Asturias,1889,173.63430540113478,0.0,173.63430540113478
04,Illes Balears,1889,82.04714766605136,0.0,82.04714766605136
05,Canarias,1889,0.0,0.0,0.0
06,Cantabria,1889,101.84279507387967,0.0,101.84279507387967
07,Castilla y León,1889,1377.6357904912654,0.0,1377.6357904912654
08,Castilla-La Mancha,1889,1251.3026698214337,0.0,1251.3026698214337
09,Cataluña,1889,1075.826642153288,0.0,1075.826642153288
10,Comunitat Valenciana,1889,730.3499115014907,0.0,730.3499115014907
11,Extremadura,1889,700.3842169253006,0.0,700.3842169253006
12,Galicia,1889,473.1123358035495,0.0,473.1123358035495
13,Comunidad de Madrid,1889,300.6956640579471,0.0,300.6956640579471
14,Región de Murcia,1889,231.89059318343487,0.0,231.89059318343487
15,Comunidad Foral de Navarra,1889,202.49246174075773,0.0,202.49246174075773
16,País Vasco,1889,393.37820737011083,0.0,393.37820737011083
17,La Rioja,1889,115.69415766275554,0.0,115.69415766275554
18,Ceuta,1889,0.0,0.0,0.0
19,Melilla,1889,0.0,0.0,0.0
01,Andalucía,1890,1858.2722802226235,0.0,1858.2722802226235
02,Aragón,1890,514.4547603525594,0.0,514.4547603525594
03,Principado de Asturias,1890,191.3825769989149,0.0,191.3825769989149
04,Illes Balears,1890,82.04714766605136,0.0,82.04714766605136
05,Canarias,1890,0.0,0.0,0.0
06,Cantabria,1890,101.84279507387967,0.0,101.84279507387967
07,Castilla y León,1890,1379.732379440817,0.0,1379.732379440817
08,Castilla-La Mancha,1890,1251.3026698214337,0.0,1251.3026698214337
09,Cataluña,1890,1101.4031578588088,0.0,1101.4031578588088
10,Comunitat Valenciana,1890,746.8798903911786,0.0,746.8798903911786
11,Extremadura,1890,700.3842169253006,0.0,700.3842169253006
12,Galicia,1890,473.1123358035495,0.0,473.1123358035495
13,Comunidad de Madrid,1890,300.6956640579471,0.0,300.6956640579471
14,Región de Murcia,1890,274.12978079938455,0.0,274.12978079938455
15,Comunidad Foral de Navarra,1890,202.49246174075773,0.0,202.49246174075773
16,País Vasco,1890,414.8099814504365,0.0,414.8099814504365
17,La Rioja,1890,115.69415766275554,0.0,115.69415766275554
18,Ceuta,1890,0.0,0.0,0.0
19,Melilla,1890,0.0,0.0,0.0
01,Andalucía,1891,1962.1999959967904,0.0,1962.1999959967904
02,Aragón,1891,514.4547603525594,0.0,514.4547603525594
03,Principado de Asturias,1891,233.77633418163592,0.0,233.77633418163592
04,Illes Balears,1891,82.04714766605136,0.0,82.04714766605136
05,Canarias,1891,0.0,0.0,0.0
06,Cantabria,1891,101.84279507387967,0.0,101.84279507387967
07,Castilla y León,1891,1379.732379440817,0.0,1379.732379440817
08,Castilla-La Mancha,1891,1266.699385293622,0.0,1266.699385293622
09,Cataluña,1891,1119.4281380004943,0.0,1119.4281380004943
10,Comunitat Valenciana,1891,760.7300055069073,0.0,760.7300055069073
11,Extremadura,1891,700.3842169253006,0.0,700.3842169253006
12,Galicia,1891,473.1123358035495,0.0,473.1123358035495
13,Comunidad de Madrid,1891,359.75504029890055,0.0,359.75504029890055
14,Región de Murcia,1891,274.7432347654747,0.0,274.7432347654747
15,Comunidad Foral de Navarra,1891,202.49246174075773,0.0,202.49246174075773
16,País Vasco,1891,414.8099814504365,0.0,414.8099814504365
17,La Rioja,1891,115.69415766275554,0.0,115.69415766275554
18,Ceuta,1891,0.0,0.0,0.0
19,Melilla,1891,0.0,0.0,0.0
01,Andalucía,1892,2073.5962247264006,0.0,2073.5962247264006
02,Aragón,1892,533.3414003181988,0.0,533.3414003181988
03,Principado de Asturias,1892,233.77633418163592,0.0,233.77633418163592
04,Illes Balears,1892,82.04714766605136,0.0,82.04714766605136
05,Canarias,1892,0.0,0.0,0.0
06,Cantabria,1892,119.7748394880172,0.0,119.7748394880172
07,Castilla y León,1892,1565.5264397853855,0.0,1565.5264397853855
08,Castilla-La Mancha,1892,1266.699385293622,0.0,1266.699385293622
09,Cataluña,1892,1231.341769111337,0.0,1231.341769111337
10,Comunitat Valenciana,1892,760.7300055069073,0.0,760.7300055069073
11,Extremadura,1892,700.3842169253006,0.0,700.3842169253006
12,Galicia,1892,473.1123358035495,0.0,473.1123358035495
13,Comunidad de Madrid,1892,359.75504029890055,0.0,359.75504029890055
14,Región de Murcia,1892,274.7986947051775,0.0,274.7986947051775
15,Comunidad Foral de Navarra,1892,202.49246174075773,0.0,202.49246174075773
16,País Vasco,1892,448.35940462371207,0.0,448.35940462371207
17,La Rioja,1892,115.69415766275554,0.0,115.69415766275554
18,Ceuta,1892,0.0,0.0,0.0
19,Melilla,1892,0.0,0.0,0.0
01,Andalucía,1893,2199.1212503512434,0.0,2199.1212503512434
02,Aragón,1893,667.3827170168928,0.0,667.3827170168928
03,Principado de Asturias,1893,233.77633418163592,0.0,233.77633418163592
04,Illes Balears,1893,82.04714766605136,0.0,82.04714766605136
05,Canarias,1893,0.0,0.0,0.0
06,Cantabria,1893,119.7748394880172,0.0,119.7748394880172
07,Castilla y León,1893,1618.626682637381,0.0,1618.626682637381
08,Castilla-La Mancha,1893,1310.6062193521957,0.0,1310.6062193521957
09,Cataluña,1893,1231.341769111337,0.0,1231.341769111337
10,Comunitat Valenciana,1893,841.0505753252609,0.0,841.0505753252609
11,Extremadura,1893,758.3206243378344,0.0,758.3206243378344
12,Galicia,1893,473.1123358035495,0.0,473.1123358035495
13,Comunidad de Madrid,1893,359.75504029890055,0.0,359.75504029890055
14,Región de Murcia,1893,274.7986947051775,0.0,274.7986947051775
15,Comunidad Foral de Navarra,1893,202.49246174075773,0.0,202.49246174075773
16,País Vasco,1893,484.30713561856885,0.0,484.30713561856885
17,La Rioja,1893,115.69415766275554,0.0,115.69415766275554
18,Ceuta,1893,0.0,0.0,0.0
19,Melilla,1893,0.0,0.0,0.0
01,Andalucía,1894,2276.263769776472,0.0,2276.263769776472
02,Aragón,1894,714.012398144095,0.0,714.012398144095
03,Principado de Asturias,1894,251.45115570164242,0.0,251.45115570164242
04,Illes Balears,1894,82.04714766605136,0.0,82.04714766605136
05,Canarias,1894,0.0,0.0,0.0
06,Cantabria,1894,153.3944814860072,0.0,153.3944814860072
07,Castilla y León,1894,1777.2686718040804,0.0,1777.2686718040804
08,Castilla-La Mancha,1894,1310.6062193521957,0.0,1310.6062193521957
09,Cataluña,1894,1231.341769111337,0.0,1231.341769111337
10,Comunitat Valenciana,1894,857.5995236319113,0.0,857.5995236319113
11,Extremadura,1894,758.3206243378344,0.0,758.3206243378344
12,Galicia,1894,473.1123358035495,0.0,473.1123358035495
13,Comunidad de Madrid,1894,359.75504029890055,0.0,359.75504029890055
14,Región de Murcia,1894,274.7986947051775,0.0,274.7986947051775
15,Comunidad Foral de Navarra,1894,202.49246174075773,0.0,202.49246174075773
16,País Vasco,1894,495.52436906916483,0.0,495.52436906916483
17,La Rioja,1894,115.69415766275554,0.0,115.69415766275554
18,Ceuta,1894,0.0,0.0,0.0
19,Melilla,1894,0.0,0.0,0.0
01,Andalucía,1895,2484.875921681432,0.0,2484.875921681432
02,Aragón,1895,733.527217760488,0.0,733.527217760488
03,Principado de Asturias,1895,251.45115570164242,0.0,251.45115570164242
04,Illes Balears,1895,82.04714766605136,0.0,82.04714766605136
05,Canarias,1895,0.0,0.0,0.0
06,Cantabria,1895,195.8482027302213,0.0,195.8482027302213
07,Castilla y León,1895,1972.735603413475,0.0,1972.735603413475
08,Castilla-La Mancha,1895,1310.6062193521957,0.0,1310.6062193521957
09,Cataluña,1895,1254.6009142973255,0.0,1254.6009142973255
10,Comunitat Valenciana,1895,891.3396620697047,0.0,891.3396620697047
11,Extremadura,1895,797.0680730190788,0.0,797.0680730190788
12,Galicia,1895,473.1123358035495,0.0,473.1123358035495
13,Comunidad de Madrid,1895,359.75504029890055,0.0,359.75504029890055
14,Región de Murcia,1895,274.7986947051775,0.0,274.7986947051775
15,Comunidad Foral de Navarra,1895,202.49246174075773,0.0,202.49246174075773
16,País Vasco,1895,515.7622692182341,0.0,515.7622692182341
17,La Rioja,1895,115.69415766275554,0.0,115.69415766275554
18,Ceuta,1895,0.0,0.0,0.0
19,Melilla,1895,0.0,0.0,0.0
01,Andalucía,1896,2503.9071157931057,0.0,2503.9071157931057
02,Aragón,1896,733.527217760488,0.0,733.527217760488
03,Principado de Asturias,1896,251.45115570164242,0.0,251.45115570164242
04,Illes Balears,1896,82.04714766605136,0.0,82.04714766605136
05,Canarias,1896,0.0,0.0,0.0
06,Cantabria,1896,237.9811938382512,0.0,237.9811938382512
07,Castilla y León,1896,2228.3388091314114,0.0,2228.3388091314114
08,Castilla-La Mancha,1896,1310.6062193521957,0.0,1310.6062193521957
09,Cataluña,1896,1254.6009142973255,0.0,1254.6009142973255
10,Comunitat Valenciana,1896,891.3396620697047,0.0,891.3396620697047
11,Extremadura,1896,797.0680730190788,0.0,797.0680730190788
12,Galicia,1896,473.1123358035495,0.0,473.1123358035495
13,Comunidad de Madrid,1896,359.75504029890055,0.0,359.75504029890055
14,Región de Murcia,1896,274.7986947051775,0.0,274.7986947051775
15,Comunidad Foral de Navarra,1896,202.49246174075773,0.0,202.49246174075773
16,País Vasco,1896,539.8967813850531,0.0,539.8967813850531
17,La Rioja,1896,115.69415766275554,0.0,115.69415766275554
18,Ceuta,1896,0.0,0.0,0.0
19,Melilla,1896,0.0,0.0,0.0
01,Andalucía,1897,2528.9692310954197,0.0,2528.9692310954197
02,Aragón,1897,733.527217760488,0.0,733.527217760488
03,Principado de Asturias,1897,251.45115570164242,0.0,251.45115570164242
04,Illes Balears,1897,118.0719978853679,0.0,118.0719978853679
05,Canarias,1897,0.0,0.0,0.0
06,Cantabria,1897,237.9811938382512,0.0,237.9811938382512
07,Castilla y León,1897,2228.3388091314114,0.0,2228.3388091314114
08,Castilla-La Mancha,1897,1310.6062193521957,0.0,1310.6062193521957
09,Cataluña,1897,1254.6009142973255,0.0,1254.6009142973255
10,Comunitat Valenciana,1897,891.3396620697047,0.0,891.3396620697047
11,Extremadura,1897,797.0680730190788,0.0,797.0680730190788
12,Galicia,1897,473.1123358035495,0.0,473.1123358035495
13,Comunidad de Madrid,1897,359.75504029890055,0.0,359.75504029890055
14,Región de Murcia,1897,286.4999291903542,0.0,286.4999291903542
15,Comunidad Foral de Navarra,1897,202.49246174075773,0.0,202.49246174075773
16,País Vasco,1897,539.8967813850531,0.0,539.8967813850531
17,La Rioja,1897,115.69415766275554,0.0,115.69415766275554
18,Ceuta,1897,0.0,0.0,0.0
19,Melilla,1897,0.0,0.0,0.0
01,Andalucía,1898,2568.3798292757297,0.0,2568.3798292757297
02,Aragón,1898,733.527217760488,0.0,733.527217760488
03,Principado de Asturias,1898,251.45115570164242,0.0,251.45115570164242
04,Illes Balears,1898,118.0719978853679,0.0,118.0719978853679
05,Canarias,1898,0.0,0.0,0.0
06,Cantabria,1898,237.9811938382512,0.0,237.9811938382512
07,Castilla y León,1898,2228.3388091314114,0.0,2228.3388091314114
08,Castilla-La Mancha,1898,1317.7817225443237,0.0,1317.7817225443237
09,Cataluña,1898,1254.6009142973255,0.0,1254.6009142973255
10,Comunitat Valenciana,1898,922.0934088881256,0.0,922.0934088881256
11,Extremadura,1898,797.0680730190788,0.0,797.0680730190788
12,Galicia,1898,473.84335500395946,0.0,473.84335500395946
13,Comunidad de Madrid,1898,359.75504029890055,0.0,359.75504029890055
14,Región de Murcia,1898,286.4999291903542,0.0,286.4999291903542
15,Comunidad Foral de Navarra,1898,202.49246174075773,0.0,202.49246174075773
16,País Vasco,1898,539.8967813850531,0.0,539.8967813850531
17,La Rioja,1898,115.69415766275554,0.0,115.69415766275554
18,Ceuta,1898,0.0,0.0,0.0
19,Melilla,1898,0.0,0.0,0.0
01,Andalucía,1899,2572.698635547097,0.0,2572.698635547097
02,Aragón,1899,733.527217760488,0.0,733.527217760488
03,Principado de Asturias,1899,251.45115570164242,0.0,251.45115570164242
04,Illes Balears,1899,118.0719978853679,0.0,118.0719978853679
05,Canarias,1899,0.0,0.0,0.0
06,Cantabria,1899,250.20048586182537,0.0,250.20048586182537
07,Castilla y León,1899,2228.3388091314114,0.0,2228.3388091314114
08,Castilla-La Mancha,1899,1333.8508038758619,0.0,1333.8508038758619
09,Cataluña,1899,1254.6009142973255,0.0,1254.6009142973255
10,Comunitat Valenciana,1899,959.992410170156,0.0,959.992410170156
11,Extremadura,1899,797.0680730190788,0.0,797.0680730190788
12,Galicia,1899,502.3557037356877,0.0,502.3557037356877
13,Comunidad de Madrid,1899,359.75504029890055,0.0,359.75504029890055
14,Región de Murcia,1899,286.4999291903542,0.0,286.4999291903542
15,Comunidad Foral de Navarra,1899,202.49246174075773,0.0,202.49246174075773
16,País Vasco,1899,556.229509922365,0.0,556.229509922365
17,La Rioja,1899,115.69415766275554,0.0,115.69415766275554
18,Ceuta,1899,0.0,0.0,0.0
19,Melilla,1899,0.0,0.0,0.0
01,Andalucía,1900,2581.3001069878073,0.0,2581.3001069878073
02,Aragón,1900,780.9140998765583,0.0,780.9140998765583
03,Principado de Asturias,1900,251.45115570164242,0.0,251.45115570164242
04,Illes Balears,1900,118.0719978853679,0.0,118.0719978853679
05,Canarias,1900,0.0,0.0,0.0
06,Cantabria,1900,250.20048586182537,0.0,250.20048586182537
07,Castilla y León,1900,2228.3388091314114,0.0,2228.3388091314114
08,Castilla-La Mancha,1900,1333.8508038758619,0.0,1333.8508038758619
09,Cataluña,1900,1265.8329527021285,0.0,1265.8329527021285
10,Comunitat Valenciana,1900,964.5559139258216,0.0,964.5559139258216
11,Extremadura,1900,797.0680730190788,0.0,797.0680730190788
12,Galicia,1900,502.3557037356877,0.0,502.3557037356877
13,Comunidad de Madrid,1900,359.75504029890055,0.0,359.75504029890055
14,Región de Murcia,1900,286.4999291903542,0.0,286.4999291903542
15,Comunidad Foral de Navarra,1900,202.49246174075773,0.0,202.49246174075773
16,País Vasco,1900,556.229509922365,0.0,556.229509922365
17,La Rioja,1900,115.69415766275554,0.0,115.69415766275554
18,Ceuta,1900,0.0,0.0,0.0
19,Melilla,1900,0.0,0.0,0.0
01,Andalucía,1901,2581.3001069878073,0.0,2581.3001069878073
02,Aragón,1901,920.0668918607169,0.0,920.0668918607169
03,Principado de Asturias,1901,251.45115570164242,0.0,251.45115570164242
04,Illes Balears,1901,118.0719978853679,0.0,118.0719978853679
05,Canarias,1901,0.0,0.0,0.0
06,Cantabria,1901,250.20048586182537,0.0,250.20048586182537
07,Castilla y León,1901,2228.3388091314114,0.0,2228.3388091314114
08,Castilla-La Mancha,1901,1339.1886744896785,0.0,1339.1886744896785
09,Cataluña,1901,1265.8329527021285,0.0,1265.8329527021285
10,Comunitat Valenciana,1901,964.5559139258216,0.0,964.5559139258216
11,Extremadura,1901,797.0680730190788,0.0,797.0680730190788
12,Galicia,1901,502.3557037356877,0.0,502.3557037356877
13,Comunidad de Madrid,1901,379.8938350854083,0.0,379.8938350854083
14,Región de Murcia,1901,286.4999291903542,0.0,286.4999291903542
15,Comunidad Foral de Navarra,1901,202.49246174075773,0.0,202.49246174075773
16,País Vasco,1901,572.5608304047411,0.0,572.5608304047411
17,La Rioja,1901,115.69415766275554,0.0,115.69415766275554
18,Ceuta,1901,0.0,0.0,0.0
19,Melilla,1901,0.0,0.0,0.0
01,Andalucía,1902,2612.835880190296,0.0,2612.835880190296
02,Aragón,1902,920.0668918607169,0.0,920.0668918607169
03,Principado de Asturias,1902,251.45115570164242,0.0,251.45115570164242
04,Illes Balears,1902,118.0719978853679,0.0,118.0719978853679
05,Canarias,1902,0.0,0.0,0.0
06,Cantabria,1902,297.77806844017005,0.0,297.77806844017005
07,Castilla y León,1902,2237.4705811604686,0.0,2237.4705811604686
08,Castilla-La Mancha,1902,1339.1886744896785,0.0,1339.1886744896785
09,Cataluña,1902,1267.5780006605846,0.0,1267.5780006605846
10,Comunitat Valenciana,1902,982.2200180956079,0.0,982.2200180956079
11,Extremadura,1902,797.0680730190788,0.0,797.0680730190788
12,Galicia,1902,502.3557037356877,0.0,502.3557037356877
13,Comunidad de Madrid,1902,391.6545375711259,0.0,391.6545375711259
14,Región de Murcia,1902,286.4999291903542,0.0,286.4999291903542
15,Comunidad Foral de Navarra,1902,202.49246174075773,0.0,202.49246174075773
16,País Vasco,1902,584.3653550332353,0.0,584.3653550332353
17,La Rioja,1902,115.69415766275554,0.0,115.69415766275554
18,Ceuta,1902,0.0,0.0,0.0
19,Melilla,1902,0.0,0.0,0.0
01,Andalucía,1903,2633.0307287548067,0.0,2633.0307287548067
02,Aragón,1903,920.0668918607169,0.0,920.0668918607169
03,Principado de Asturias,1903,278.68606365089863,0.0,278.68606365089863
04,Illes Balears,1903,118.0719978853679,0.0,118.0719978853679
05,Canarias,1903,0.0,0.0,0.0
06,Cantabria,1903,297.77806844017005,0.0,297.77806844017005
07,Castilla y León,1903,2237.4705811604686,0.0,2237.4705811604686
08,Castilla-La Mancha,1903,1366.2202558648553,0.0,1366.2202558648553
09,Cataluña,1903,1267.5780006605846,0.0,1267.5780006605846
10,Comunitat Valenciana,1903,982.2200180956079,0.0,982.2200180956079
11,Extremadura,1903,797.0680730190788,0.0,797.0680730190788
12,Galicia,1903,511.5630542373946,0.0,511.5630542373946
13,Comunidad de Madrid,1903,394.84454516030496,0.0,394.84454516030496
14,Región de Murcia,1903,286.4999291903542,0.0,286.4999291903542
15,Comunidad Foral de Navarra,1903,202.49246174075773,0.0,202.49246174075773
16,País Vasco,1903,590.5761495083872,0.0,590.5761495083872
17,La Rioja,1903,115.69415766275554,0.0,115.69415766275554
18,Ceuta,1903,0.0,0.0,0.0
19,Melilla,1903,0.0,0.0,0.0
01,Andalucía,1904,2633.4928653672623,0.0,2633.4928653672623
02,Aragón,1904,1036.0117424592372,0.0,1036.0117424592372
03,Principado de Asturias,1904,312.7422140927575,0.0,312.7422140927575
04,Illes Balears,1904,118.0719978853679,0.0,118.0719978853679
05,Canarias,1904,0.0,0.0,0.0
06,Cantabria,1904,297.77806844017005,0.0,297.77806844017005
07,Castilla y León,1904,2237.4705811604686,0.0,2237.4705811604686
08,Castilla-La Mancha,1904,1366.2202558648553,0.0,1366.2202558648553
09,Cataluña,1904,1282.800686810875,0.0,1282.800686810875
10,Comunitat Valenciana,1904,1006.1281969277564,0.0,1006.1281969277564
11,Extremadura,1904,797.0680730190788,0.0,797.0680730190788
12,Galicia,1904,511.5630542373946,0.0,511.5630542373946
13,Comunidad de Madrid,1904,394.84454516030496,0.0,394.84454516030496
14,Región de Murcia,1904,286.4999291903542,0.0,286.4999291903542
15,Comunidad Foral de Navarra,1904,202.49246174075773,0.0,202.49246174075773
16,País Vasco,1904,595.368009255982,0.0,595.368009255982
17,La Rioja,1904,115.69415766275554,0.0,115.69415766275554
18,Ceuta,1904,0.0,0.0,0.0
19,Melilla,1904,0.0,0.0,0.0
01,Andalucía,1905,2666.2344451342087,0.0,2666.2344451342087
02,Aragón,1905,1036.0117424592372,0.0,1036.0117424592372
03,Principado de Asturias,1905,375.34442686746746,0.0,375.34442686746746
04,Illes Balears,1905,118.0719978853679,0.0,118.0719978853679
05,Canarias,1905,0.0,0.0,0.0
06,Cantabria,1905,326.1436431675563,0.0,326.1436431675563
07,Castilla y León,1905,2237.4705811604686,0.0,2237.4705811604686
08,Castilla-La Mancha,1905,1366.2202558648553,0.0,1366.2202558648553
09,Cataluña,1905,1308.8335993610528,0.0,1308.8335993610528
10,Comunitat Valenciana,1905,1006.1281969277564,0.0,1006.1281969277564
11,Extremadura,1905,797.0680730190788,0.0,797.0680730190788
12,Galicia,1905,511.5630542373946,0.0,511.5630542373946
13,Comunidad de Madrid,1905,394.84454516030496,0.0,394.84454516030496
14,Región de Murcia,1905,304.02299173004036,0.0,304.02299173004036
15,Comunidad Foral de Navarra,1905,203.83692252525563,0.0,203.83692252525563
16,País Vasco,1905,622.5331213938383,0.0,622.5331213938383
17,La Rioja,1905,115.69415766275554,0.0,115.69415766275554
18,Ceuta,1905,0.0,0.0,0.0
19,Melilla,1905,0.0,0.0,0.0
01,Andalucía,1906,2827.34056180578,0.0,2827.34056180578
02,Aragón,1906,1036.0117424592372,0.0,1036.0117424592372
03,Principado de Asturias,1906,406.11476899506533,0.0,406.11476899506533
04,Illes Balears,1906,118.0719978853679,0.0,118.0719978853679
05,Canarias,1906,0.0,0.0,0.0
06,Cantabria,1906,326.1436431675563,0.0,326.1436431675563
07,Castilla y León,1906,2237.4705811604686,0.0,2237.4705811604686
08,Castilla-La Mancha,1906,1366.2202558648553,0.0,1366.2202558648553
09,Cataluña,1906,1308.8335993610528,0.0,1308.8335993610528
10,Comunitat Valenciana,1906,1006.1281969277564,0.0,1006.1281969277564
11,Extremadura,1906,797.0680730190788,0.0,797.0680730190788
12,Galicia,1906,511.5630542373946,0.0,511.5630542373946
13,Comunidad de Madrid,1906,394.84454516030496,0.0,394.84454516030496
14,Región de Murcia,1906,304.02299173004036,0.0,304.02299173004036
15,Comunidad Foral de Navarra,1906,203.83692252525563,0.0,203.83692252525563
16,País Vasco,1906,622.5331213938383,0.0,622.5331213938383
17,La Rioja,1906,115.69415766275554,0.0,115.69415766275554
18,Ceuta,1906,0.0,0.0,0.0
19,Melilla,1906,0.0,0.0,0.0
01,Andalucía,1907,2935.8332118504272,0.0,2935.8332118504272
02,Aragón,1907,1150.2772465650148,0.0,1150.2772465650148
03,Principado de Asturias,1907,406.11476899506533,0.0,406.11476899506533
04,Illes Balears,1907,118.0719978853679,0.0,118.0719978853679
05,Canarias,1907,0.0,0.0,0.0
06,Cantabria,1907,331.4019537652562,0.0,331.4019537652562
07,Castilla y León,1907,2237.4705811604686,0.0,2237.4705811604686
08,Castilla-La Mancha,1907,1366.2202558648553,0.0,1366.2202558648553
09,Cataluña,1907,1308.8335993610528,0.0,1308.8335993610528
10,Comunitat Valenciana,1907,1086.9740019558708,0.0,1086.9740019558708
11,Extremadura,1907,797.0680730190788,0.0,797.0680730190788
12,Galicia,1907,511.5630542373946,0.0,511.5630542373946
13,Comunidad de Madrid,1907,394.84454516030496,0.0,394.84454516030496
14,Región de Murcia,1907,304.02299173004036,0.0,304.02299173004036
15,Comunidad Foral de Navarra,1907,203.83692252525563,0.0,203.83692252525563
16,País Vasco,1907,622.5331213938383,0.0,622.5331213938383
17,La Rioja,1907,115.69415766275554,0.0,115.69415766275554
18,Ceuta,1907,0.0,0.0,0.0
19,Melilla,1907,0.0,0.0,0.0
01,Andalucía,1908,2947.279406285145,0.0,2947.279406285145
02,Aragón,1908,1150.2772465650148,0.0,1150.2772465650148
03,Principado de Asturias,1908,419.40807413999477,0.0,419.40807413999477
04,Illes Balears,1908,118.0719978853679,0.0,118.0719978853679
05,Canarias,1908,0.0,0.0,0.0
06,Cantabria,1908,331.4019537652562,0.0,331.4019537652562
07,Castilla y León,1908,2237.4705811604686,0.0,2237.4705811604686
08,Castilla-La Mancha,1908,1366.2202558648553,0.0,1366.2202558648553
09,Cataluña,1908,1308.8335993610528,0.0,1308.8335993610528
10,Comunitat Valenciana,1908,1086.9740019558708,0.0,1086.9740019558708
11,Extremadura,1908,797.0680730190788,0.0,797.0680730190788
12,Galicia,1908,511.5630542373946,0.0,511.5630542373946
13,Comunidad de Madrid,1908,394.84454516030496,0.0,394.84454516030496
14,Región de Murcia,1908,304.02299173004036,0.0,304.02299173004036
15,Comunidad Foral de Navarra,1908,203.83692252525563,0.0,203.83692252525563
16,País Vasco,1908,627.5953775575384,0.0,627.5953775575384
17,La Rioja,1908,115.69415766275554,0.0,115.69415766275554
18,Ceuta,1908,0.0,0.0,0.0
19,Melilla,1908,0.0,0.0,0.0
01,Andalucía,1909,2968.8432149676537,0.0,2968.8432149676537
02,Aragón,1909,1150.2772465650148,0.0,1150.2772465650148
03,Principado de Asturias,1909,422.75308696283344,0.0,422.75308696283344
04,Illes Balears,1909,118.0719978853679,0.0,118.0719978853679
05,Canarias,1909,0.0,0.0,0.0
06,Cantabria,1909,338.7438303883789,0.0,338.7438303883789
07,Castilla y León,1909,2237.4705811604686,0.0,2237.4705811604686
08,Castilla-La Mancha,1909,1380.8340656318146,0.0,1380.8340656318146
09,Cataluña,1909,1308.8335993610528,0.0,1308.8335993610528
10,Comunitat Valenciana,1909,1116.1927389318632,0.0,1116.1927389318632
11,Extremadura,1909,797.0680730190788,0.0,797.0680730190788
12,Galicia,1909,511.5630542373946,0.0,511.5630542373946
13,Comunidad de Madrid,1909,394.84454516030496,0.0,394.84454516030496
14,Región de Murcia,1909,304.02299173004036,0.0,304.02299173004036
15,Comunidad Foral de Navarra,1909,203.83692252525563,0.0,203.83692252525563
16,País Vasco,1909,627.5953775575384,0.0,627.5953775575384
17,La Rioja,1909,115.69415766275554,0.0,115.69415766275554
18,Ceuta,1909,0.0,0.0,0.0
19,Melilla,1909,0.0,0.0,0.0
01,Andalucía,1910,2968.8432149676537,0.0,2968.8432149676537
02,Aragón,1910,1150.2772465650148,0.0,1150.2772465650148
03,Principado de Asturias,1910,422.75308696283344,0.0,422.75308696283344
04,Illes Balears,1910,118.0719978853679,0.0,118.0719978853679
05,Canarias,1910,0.0,0.0,0.0
06,Cantabria,1910,338.7438303883789,0.0,338.7438303883789
07,Castilla y León,1910,2237.4705811604686,0.0,2237.4705811604686
08,Castilla-La Mancha,1910,1380.8340656318146,0.0,1380.8340656318146
09,Cataluña,1910,1308.8335993610528,0.0,1308.8335993610528
10,Comunitat Valenciana,1910,1116.1927389318632,0.0,1116.1927389318632
11,Extremadura,1910,797.0680730190788,0.0,797.0680730190788
12,Galicia,1910,511.5630542373946,0.0,511.5630542373946
13,Comunidad de Madrid,1910,424.02480357622346,0.0,424.02480357622346
14,Región de Murcia,1910,304.02299173004036,0.0,304.02299173004036
15,Comunidad Foral de Navarra,1910,203.83692252525563,0.0,203.83692252525563
16,País Vasco,1910,627.5953775575384,0.0,627.5953775575384
17,La Rioja,1910,115.69415766275554,0.0,115.69415766275554
18,Ceuta,1910,0.0,0.0,0.0
19,Melilla,1910,0.0,0.0,0.0
01,Andalucía,1911,2972.8821382279093,0.0,2972.8821382279093
02,Aragón,1911,1150.2772465650148,0.0,1150.2772465650148
03,Principado de Asturias,1911,422.75308696283344,0.0,422.75308696283344
04,Illes Balears,1911,118.0719978853679,0.0,118.0719978853679
05,Canarias,1911,0.0,0.0,0.0
06,Cantabria,1911,338.7438303883789,0.0,338.7438303883789
07,Castilla y León,1911,2237.4705811604686,0.0,2237.4705811604686
08,Castilla-La Mancha,1911,1380.8340656318146,0.0,1380.8340656318146
09,Cataluña,1911,1324.433130160109,0.0,1324.433130160109
10,Comunitat Valenciana,1911,1116.1927389318632,0.0,1116.1927389318632
11,Extremadura,1911,797.0680730190788,0.0,797.0680730190788
12,Galicia,1911,511.5630542373946,0.0,511.5630542373946
13,Comunidad de Madrid,1911,424.02480357622346,0.0,424.02480357622346
14,Región de Murcia,1911,304.02299173004036,0.0,304.02299173004036
15,Comunidad Foral de Navarra,1911,259.47179236204806,0.0,259.47179236204806
16,País Vasco,1911,627.5953775575384,0.0,627.5953775575384
17,La Rioja,1911,115.69415766275554,0.0,115.69415766275554
18,Ceuta,1911,0.0,0.0,0.0
19,Melilla,1911,0.0,0.0,0.0
01,Andalucía,1912,3020.7198846911706,0.0,3020.7198846911706
02,Aragón,1912,1150.2772465650148,0.0,1150.2772465650148
03,Principado de Asturias,1912,422.75308696283344,0.0,422.75308696283344
04,Illes Balears,1912,146.77221643208586,0.0,146.77221643208586
05,Canarias,1912,0.0,0.0,0.0
06,Cantabria,1912,338.7438303883789,0.0,338.7438303883789
07,Castilla y León,1912,2320.4134153305104,0.0,2320.4134153305104
08,Castilla-La Mancha,1912,1380.8340656318146,0.0,1380.8340656318146
09,Cataluña,1912,1353.7023700809211,0.0,1353.7023700809211
10,Comunitat Valenciana,1912,1121.0760602167707,0.0,1121.0760602167707
11,Extremadura,1912,797.0680730190788,0.0,797.0680730190788
12,Galicia,1912,511.5630542373946,0.0,511.5630542373946
13,Comunidad de Madrid,1912,424.02480357622346,0.0,424.02480357622346
14,Región de Murcia,1912,304.02299173004036,0.0,304.02299173004036
15,Comunidad Foral de Navarra,1912,259.47179236204806,0.0,259.47179236204806
16,País Vasco,1912,646.448723200938,0.0,646.448723200938
17,La Rioja,1912,115.69415766275554,0.0,115.69415766275554
18,Ceuta,1912,0.0,0.0,0.0
19,Melilla,1912,0.0,0.0,0.0
01,Andalucía,1913,3024.7942027722543,0.0,3024.7942027722543
02,Aragón,1913,1150.2772465650148,0.0,1150.2772465650148
03,Principado de Asturias,1913,422.75308696283344,0.0,422.75308696283344
04,Illes Balears,1913,146.77221643208586,0.0,146.77221643208586
05,Canarias,1913,0.0,0.0,0.0
06,Cantabria,1913,338.7438303883789,0.0,338.7438303883789
07,Castilla y León,1913,2320.4134153305104,0.0,2320.4134153305104
08,Castilla-La Mancha,1913,1380.8340656318146,0.0,1380.8340656318146
09,Cataluña,1913,1353.7023700809211,0.0,1353.7023700809211
10,Comunitat Valenciana,1913,1121.0760602167707,0.0,1121.0760602167707
11,Extremadura,1913,797.0680730190788,0.0,797.0680730190788
12,Galicia,1913,548.8962105332764,0.0,548.8962105332764
13,Comunidad de Madrid,1913,424.02480357622346,0.0,424.02480357622346
14,Región de Murcia,1913,304.02299173004036,0.0,304.02299173004036
15,Comunidad Foral de Navarra,1913,259.47179236204806,0.0,259.47179236204806
16,País Vasco,1913,646.448723200938,0.0,646.448723200938
17,La Rioja,1913,115.69415766275554,0.0,115.69415766275554
18,Ceuta,1913,0.0,0.0,0.0
19,Melilla,1913,0.0,0.0,0.0
01,Andalucía,1914,3070.696963572298,0.0,3070.696963572298
02,Aragón,1914,1150.2772465650148,0.0,1150.2772465650148
03,Principado de Asturias,1914,422.75308696283344,0.0,422.75308696283344
04,Illes Balears,1914,146.77221643208586,0.0,146.77221643208586
05,Canarias,1914,0.0,0.0,0.0
06,Cantabria,1914,338.7438303883789,0.0,338.7438303883789
07,Castilla y León,1914,2320.4134153305104,0.0,2320.4134153305104
08,Castilla-La Mancha,1914,1388.038883243649,0.0,1388.038883243649
09,Cataluña,1914,1363.0816033515634,0.0,1363.0816033515634
10,Comunitat Valenciana,1914,1174.8392372695082,0.0,1174.8392372695082
11,Extremadura,1914,797.0680730190788,0.0,797.0680730190788
12,Galicia,1914,548.8962105332764,0.0,548.8962105332764
13,Comunidad de Madrid,1914,424.02480357622346,0.0,424.02480357622346
14,Región de Murcia,1914,303.4095377639502,0.0,303.4095377639502
15,Comunidad Foral de Navarra,1914,302.99955678191327,0.0,302.99955678191327
16,País Vasco,1914,646.448723200938,0.0,646.448723200938
17,La Rioja,1914,115.69415766275554,0.0,115.69415766275554
18,Ceuta,1914,0.0,0.0,0.0
19,Melilla,1914,0.0,0.0,0.0
01,Andalucía,1915,3070.696963572298,0.0,3070.696963572298
02,Aragón,1915,1203.9254358214705,0.0,1203.9254358214705
03,Principado de Asturias,1915,422.75308696283344,0.0,422.75308696283344
04,Illes Balears,1915,146.77221643208586,0.0,146.77221643208586
05,Canarias,1915,0.0,0.0,0.0
06,Cantabria,1915,338.7438303883789,0.0,338.7438303883789
07,Castilla y León,1915,2408.8009570004238,0.0,2408.8009570004238
08,Castilla-La Mancha,1915,1388.038883243649,0.0,1388.038883243649
09,Cataluña,1915,1363.0816033515634,0.0,1363.0816033515634
10,Comunitat Valenciana,1915,1213.9651714827528,0.0,1213.9651714827528
11,Extremadura,1915,797.0680730190788,0.0,797.0680730190788
12,Galicia,1915,548.8962105332764,0.0,548.8962105332764
13,Comunidad de Madrid,1915,424.02480357622346,0.0,424.02480357622346
14,Región de Murcia,1915,303.4095377639502,0.0,303.4095377639502
15,Comunidad Foral de Navarra,1915,302.99955678191327,0.0,302.99955678191327
16,País Vasco,1915,646.448723200938,0.0,646.448723200938
17,La Rioja,1915,115.69415766275554,0.0,115.69415766275554
18,Ceuta,1915,0.0,0.0,0.0
19,Melilla,1915,0.0,0.0,0.0
01,Andalucía,1916,3089.7587301607095,0.0,3089.7587301607095
02,Aragón,1916,1203.9254358214705,0.0,1203.9254358214705
03,Principado de Asturias,1916,422.75308696283344,0.0,422.75308696283344
04,Illes Balears,1916,170.50394503577718,0.0,170.50394503577718
05,Canarias,1916,0.0,0.0,0.0
06,Cantabria,1916,338.7438303883789,0.0,338.7438303883789
07,Castilla y León,1916,2408.8009570004238,0.0,2408.8009570004238
08,Castilla-La Mancha,1916,1422.1283393958324,0.0,1422.1283393958324
09,Cataluña,1916,1365.5570166422067,0.0,1365.5570166422067
10,Comunitat Valenciana,1916,1213.9651714827528,0.0,1213.9651714827528
11,Extremadura,1916,797.0680730190788,0.0,797.0680730190788
12,Galicia,1916,548.8962105332764,0.0,548.8962105332764
13,Comunidad de Madrid,1916,431.22980803510995,0.0,431.22980803510995
14,Región de Murcia,1916,303.4095377639502,0.0,303.4095377639502
15,Comunidad Foral de Navarra,1916,339.41730945731837,0.0,339.41730945731837
16,País Vasco,1916,671.5777133116976,0.0,671.5777133116976
17,La Rioja,1916,147.17582275316173,0.0,147.17582275316173
18,Ceuta,1916,0.0,0.0,0.0
19,Melilla,1916,0.0,0.0,0.0
01,Andalucía,1917,3089.7587301607095,0.0,3089.7587301607095
02,Aragón,1917,1203.9254358214705,0.0,1203.9254358214705
03,Principado de Asturias,1917,439.1171272917885,0.0,439.1171272917885
04,Illes Balears,1917,200.07974019561274,0.0,200.07974019561274
05,Canarias,1917,0.0,0.0,0.0
06,Cantabria,1917,338.7438303883789,0.0,338.7438303883789
07,Castilla y León,1917,2408.8009570004238,0.0,2408.8009570004238
08,Castilla-La Mancha,1917,1430.0424606718411,0.0,1430.0424606718411
09,Cataluña,1917,1375.429517267247,0.0,1375.429517267247
10,Comunitat Valenciana,1917,1213.9651714827528,0.0,1213.9651714827528
11,Extremadura,1917,797.0680730190788,0.0,797.0680730190788
12,Galicia,1917,548.8962105332764,0.0,548.8962105332764
13,Comunidad de Madrid,1917,431.22980803510995,0.0,431.22980803510995
14,Región de Murcia,1917,303.4095377639502,0.0,303.4095377639502
15,Comunidad Foral de Navarra,1917,339.41730945731837,0.0,339.41730945731837
16,País Vasco,1917,671.5777133116976,0.0,671.5777133116976
17,La Rioja,1917,147.17582275316173,0.0,147.17582275316173
18,Ceuta,1917,0.0,0.0,0.0
19,Melilla,1917,0.0,0.0,0.0
01,Andalucía,1918,3098.8772231777507,0.0,3098.8772231777507
02,Aragón,1918,1203.9254358214705,0.0,1203.9254358214705
03,Principado de Asturias,1918,439.1171272917885,0.0,439.1171272917885
04,Illes Balears,1918,200.07974019561274,0.0,200.07974019561274
05,Canarias,1918,0.0,0.0,0.0
06,Cantabria,1918,338.7438303883789,0.0,338.7438303883789
07,Castilla y León,1918,2408.8009570004238,0.0,2408.8009570004238
08,Castilla-La Mancha,1918,1430.0424606718411,0.0,1430.0424606718411
09,Cataluña,1918,1378.6192140618928,0.0,1378.6192140618928
10,Comunitat Valenciana,1918,1213.9651714827528,0.0,1213.9651714827528
11,Extremadura,1918,797.0680730190788,0.0,797.0680730190788
12,Galicia,1918,548.8962105332764,0.0,548.8962105332764
13,Comunidad de Madrid,1918,431.22980803510995,0.0,431.22980803510995
14,Región de Murcia,1918,303.4095377639502,0.0,303.4095377639502
15,Comunidad Foral de Navarra,1918,339.41730945731837,0.0,339.41730945731837
16,País Vasco,1918,678.5864916819099,0.0,678.5864916819099
17,La Rioja,1918,147.17582275316173,0.0,147.17582275316173
18,Ceuta,1918,0.0,0.0,0.0
19,Melilla,1918,0.0,0.0,0.0
01,Andalucía,1919,3098.8772231777507,0.0,3098.8772231777507
02,Aragón,1919,1203.9254358214705,0.0,1203.9254358214705
03,Principado de Asturias,1919,439.1171272917885,0.0,439.1171272917885
04,Illes Balears,1919,200.07974019561274,0.0,200.07974019561274
05,Canarias,1919,0.0,0.0,0.0
06,Cantabria,1919,338.7438303883789,0.0,338.7438303883789
07,Castilla y León,1919,2477.96709736927,0.0,2477.96709736927
08,Castilla-La Mancha,1919,1440.1988575846433,0.0,1440.1988575846433
09,Cataluña,1919,1404.4228813661523,0.0,1404.4228813661523
10,Comunitat Valenciana,1919,1213.9651714827528,0.0,1213.9651714827528
11,Extremadura,1919,797.0680730190788,0.0,797.0680730190788
12,Galicia,1919,548.8962105332764,0.0,548.8962105332764
13,Comunidad de Madrid,1919,431.22980803510995,0.0,431.22980803510995
14,Región de Murcia,1919,303.4095377639502,0.0,303.4095377639502
15,Comunidad Foral de Navarra,1919,339.41730945731837,0.0,339.41730945731837
16,País Vasco,1919,688.3932922643078,0.0,688.3932922643078
17,La Rioja,1919,147.17582275316173,0.0,147.17582275316173
18,Ceuta,1919,0.0,0.0,0.0
19,Melilla,1919,0.0,0.0,0.0
01,Andalucía,1920,3098.8772231777507,0.0,3098.8772231777507
02,Aragón,1920,1203.9254358214705,0.0,1203.9254358214705
03,Principado de Asturias,1920,439.1171272917885,0.0,439.1171272917885
04,Illes Balears,1920,200.07974019561274,0.0,200.07974019561274
05,Canarias,1920,0.0,0.0,0.0
06,Cantabria,1920,338.7438303883789,0.0,338.7438303883789
07,Castilla y León,1920,2482.693119210594,0.0,2482.693119210594
08,Castilla-La Mancha,1920,1449.1566945211612,0.0,1449.1566945211612
09,Cataluña,1920,1404.4228813661523,0.0,1404.4228813661523
10,Comunitat Valenciana,1920,1213.9651714827528,0.0,1213.9651714827528
11,Extremadura,1920,797.0680730190788,0.0,797.0680730190788
12,Galicia,1920,561.7165933509757,0.0,561.7165933509757
13,Comunidad de Madrid,1920,431.22980803510995,0.0,431.22980803510995
14,Región de Murcia,1920,303.4095377639502,0.0,303.4095377639502
15,Comunidad Foral de Navarra,1920,339.41730945731837,0.0,339.41730945731837
16,País Vasco,1920,688.3932922643078,0.0,688.3932922643078
17,La Rioja,1920,147.17582275316173,0.0,147.17582275316173
18,Ceuta,1920,0.0,0.0,0.0
19,Melilla,1920,0.0,0.0,0.0
01,Andalucía,1921,3138.112269603321,0.0,3138.112269603321
02,Aragón,1921,1203.9254358214705,0.0,1203.9254358214705
03,Principado de Asturias,1921,451.5414869454099,0.0,451.5414869454099
04,Illes Balears,1921,226.78338188062492,0.0,226.78338188062492
05,Canarias,1921,0.0,0.0,0.0
06,Cantabria,1921,338.7438303883789,0.0,338.7438303883789
07,Castilla y León,1921,2485.260988185399,0.0,2485.260988185399
08,Castilla-La Mancha,1921,1449.1567678887325,0.0,1449.1567678887325
09,Cataluña,1921,1420.3144423707226,0.0,1420.3144423707226
10,Comunitat Valenciana,1921,1213.9651714827528,0.0,1213.9651714827528
11,Extremadura,1921,797.0680730190788,0.0,797.0680730190788
12,Galicia,1921,561.7165933509757,0.0,561.7165933509757
13,Comunidad de Madrid,1921,431.22980803510995,0.0,431.22980803510995
14,Región de Murcia,1921,342.5485448563422,0.0,342.5485448563422
15,Comunidad Foral de Navarra,1921,339.41730945731837,0.0,339.41730945731837
16,País Vasco,1921,688.3932922643078,0.0,688.3932922643078
17,La Rioja,1921,147.17582275316173,0.0,147.17582275316173
18,Ceuta,1921,0.0,0.0,0.0
19,Melilla,1921,0.0,0.0,0.0
01,Andalucía,1922,3138.112269603321,0.0,3138.112269603321
02,Aragón,1922,1203.9254358214705,0.0,1203.9254358214705
03,Principado de Asturias,1922,462.61756377119514,0.0,462.61756377119514
04,Illes Balears,1922,226.78338188062492,0.0,226.78338188062492
05,Canarias,1922,0.0,0.0,0.0
06,Cantabria,1922,338.7438303883789,0.0,338.7438303883789
07,Castilla y León,1922,2485.260988185399,0.0,2485.260988185399
08,Castilla-La Mancha,1922,1449.1567678887325,0.0,1449.1567678887325
09,Cataluña,1922,1477.3115063971525,0.0,1477.3115063971525
10,Comunitat Valenciana,1922,1213.9651714827528,0.0,1213.9651714827528
11,Extremadura,1922,797.0680730190788,0.0,797.0680730190788
12,Galicia,1922,561.7165933509757,0.0,561.7165933509757
13,Comunidad de Madrid,1922,431.22980803510995,0.0,431.22980803510995
14,Región de Murcia,1922,342.5485448563422,0.0,342.5485448563422
15,Comunidad Foral de Navarra,1922,339.41730945731837,0.0,339.41730945731837
16,País Vasco,1922,688.3932922643078,0.0,688.3932922643078
17,La Rioja,1922,157.60430812105588,0.0,157.60430812105588
18,Ceuta,1922,0.0,0.0,0.0
19,Melilla,1922,0.0,0.0,0.0
01,Andalucía,1923,3154.3670081419596,0.0,3154.3670081419596
02,Aragón,1923,1203.9254358214705,0.0,1203.9254358214705
03,Principado de Asturias,1923,462.61756377119514,0.0,462.61756377119514
04,Illes Balears,1923,226.78338188062492,0.0,226.78338188062492
05,Canarias,1923,0.0,0.0,0.0
06,Cantabria,1923,338.7438303883789,0.0,338.7438303883789
07,Castilla y León,1923,2512.372526701557,0.0,2512.372526701557
08,Castilla-La Mancha,1923,1449.1567678887325,0.0,1449.1567678887325
09,Cataluña,1923,1477.3115063971525,0.0,1477.3115063971525
10,Comunitat Valenciana,1923,1213.9651714827528,0.0,1213.9651714827528
11,Extremadura,1923,797.0680730190788,0.0,797.0680730190788
12,Galicia,1923,561.7165933509757,0.0,561.7165933509757
13,Comunidad de Madrid,1923,440.0165975742338,0.0,440.0165975742338
14,Región de Murcia,1923,342.5485448563422,0.0,342.5485448563422
15,Comunidad Foral de Navarra,1923,339.41730945731837,0.0,339.41730945731837
16,País Vasco,1923,692.0051769396442,0.0,692.0051769396442
17,La Rioja,1923,165.4983616458148,0.0,165.4983616458148
18,Ceuta,1923,0.0,0.0,0.0
19,Melilla,1923,0.0,0.0,0.0
01,Andalucía,1924,3155.8819463690916,0.0,3155.8819463690916
02,Aragón,1924,1203.9254358214705,0.0,1203.9254358214705
03,Principado de Asturias,1924,462.61756377119514,0.0,462.61756377119514
04,Illes Balears,1924,226.78338188062492,0.0,226.78338188062492
05,Canarias,1924,0.0,0.0,0.0
06,Cantabria,1924,338.7438303883789,0.0,338.7438303883789
07,Castilla y León,1924,2541.095927346232,0.0,2541.095927346232
08,Castilla-La Mancha,1924,1449.1567678887325,0.0,1449.1567678887325
09,Cataluña,1924,1521.7319153348585,0.0,1521.7319153348585
10,Comunitat Valenciana,1924,1213.9651714827528,0.0,1213.9651714827528
11,Extremadura,1924,797.0680730190788,0.0,797.0680730190788
12,Galicia,1924,561.7165933509757,0.0,561.7165933509757
13,Comunidad de Madrid,1924,440.0165975742338,0.0,440.0165975742338
14,Región de Murcia,1924,342.5485448563422,0.0,342.5485448563422
15,Comunidad Foral de Navarra,1924,339.41730945731837,0.0,339.41730945731837
16,País Vasco,1924,692.0051769396442,0.0,692.0051769396442
17,La Rioja,1924,174.95141732451538,0.0,174.95141732451538
18,Ceuta,1924,0.0,0.0,0.0
19,Melilla,1924,0.0,0.0,0.0
01,Andalucía,1925,3171.9585536606096,0.0,3171.9585536606096
02,Aragón,1925,1203.9254358214705,0.0,1203.9254358214705
03,Principado de Asturias,1925,462.61756377119514,0.0,462.61756377119514
04,Illes Balears,1925,226.78338188062492,0.0,226.78338188062492
05,Canarias,1925,0.0,0.0,0.0
06,Cantabria,1925,338.7438303883789,0.0,338.7438303883789
07,Castilla y León,1925,2541.095927346232,0.0,2541.095927346232
08,Castilla-La Mancha,1925,1449.1567678887325,0.0,1449.1567678887325
09,Cataluña,1925,1521.8273839973483,0.0,1521.8273839973483
10,Comunitat Valenciana,1925,1213.9651714827528,0.0,1213.9651714827528
11,Extremadura,1925,797.0680730190788,0.0,797.0680730190788
12,Galicia,1925,561.7165933509757,0.0,561.7165933509757
13,Comunidad de Madrid,1925,440.0165975742338,0.0,440.0165975742338
14,Región de Murcia,1925,342.5485448563422,0.0,342.5485448563422
15,Comunidad Foral de Navarra,1925,339.41730945731837,0.0,339.41730945731837
16,País Vasco,1925,692.0051769396442,0.0,692.0051769396442
17,La Rioja,1925,174.95141732451538,0.0,174.95141732451538
18,Ceuta,1925,0.0,0.0,0.0
19,Melilla,1925,0.0,0.0,0.0
01,Andalucía,1926,3171.9585536606096,0.0,3171.9585536606096
02,Aragón,1926,1203.9254358214705,0.0,1203.9254358214705
03,Principado de Asturias,1926,462.61756377119514,0.0,462.61756377119514
04,Illes Balears,1926,226.78338188062492,0.0,226.78338188062492
05,Canarias,1926,0.0,0.0,0.0
06,Cantabria,1926,338.7438303883789,0.0,338.7438303883789
07,Castilla y León,1926,2578.0480552394984,0.0,2578.0480552394984
08,Castilla-La Mancha,1926,1449.1567678887325,0.0,1449.1567678887325
09,Cataluña,1926,1533.2249553381807,0.0,1533.2249553381807
10,Comunitat Valenciana,1926,1223.535745316526,0.0,1223.535745316526
11,Extremadura,1926,797.0680730190788,0.0,797.0680730190788
12,Galicia,1926,590.7851230002304,0.0,590.7851230002304
13,Comunidad de Madrid,1926,440.0165975742338,0.0,440.0165975742338
14,Región de Murcia,1926,342.5485448563422,0.0,342.5485448563422
15,Comunidad Foral de Navarra,1926,339.41730945731837,0.0,339.41730945731837
16,País Vasco,1926,725.533398957853,0.0,725.533398957853
17,La Rioja,1926,174.95141732451538,0.0,174.95141732451538
18,Ceuta,1926,0.0,0.0,0.0
19,Melilla,1926,0.0,0.0,0.0
01,Andalucía,1927,3183.6323905774393,0.0,3183.6323905774393
02,Aragón,1927,1203.9254358214705,0.0,1203.9254358214705
03,Principado de Asturias,1927,462.61756377119514,0.0,462.61756377119514
04,Illes Balears,1927,226.78338188062492,0.0,226.78338188062492
05,Canarias,1927,0.0,0.0,0.0
06,Cantabria,1927,338.7438303883789,0.0,338.7438303883789
07,Castilla y León,1927,2714.217839194676,0.0,2714.217839194676
08,Castilla-La Mancha,1927,1500.6666632738527,0.0,1500.6666632738527
09,Cataluña,1927,1550.3641714108257,0.0,1550.3641714108257
10,Comunitat Valenciana,1927,1223.535745316526,0.0,1223.535745316526
11,Extremadura,1927,797.0680730190788,0.0,797.0680730190788
12,Galicia,1927,590.7851230002304,0.0,590.7851230002304
13,Comunidad de Madrid,1927,440.0165975742338,0.0,440.0165975742338
14,Región de Murcia,1927,342.5485448563422,0.0,342.5485448563422
15,Comunidad Foral de Navarra,1927,363.6634000242816,0.0,363.6634000242816
16,País Vasco,1927,768.4021727173279,0.0,768.4021727173279
17,La Rioja,1927,174.95141732451538,0.0,174.95141732451538
18,Ceuta,1927,0.0,0.0,0.0
19,Melilla,1927,0.0,0.0,0.0
01,Andalucía,1928,3183.6323905774393,0.0,3183.6323905774393
02,Aragón,1928,1226.0678071650789,0.0,1226.0678071650789
03,Principado de Asturias,1928,462.61756377119514,0.0,462.61756377119514
04,Illes Balears,1928,226.78338188062492,0.0,226.78338188062492
05,Canarias,1928,0.0,0.0,0.0
06,Cantabria,1928,338.7438303883789,0.0,338.7438303883789
07,Castilla y León,1928,2745.6833606480955,0.0,2745.6833606480955
08,Castilla-La Mancha,1928,1486.0528535068934,0.0,1486.0528535068934
09,Cataluña,1928,1566.1866167370592,0.0,1566.1866167370592
10,Comunitat Valenciana,1928,1223.535745316526,0.0,1223.535745316526
11,Extremadura,1928,797.0680730190788,0.0,797.0680730190788
12,Galicia,1928,590.7851230002304,0.0,590.7851230002304
13,Comunidad de Madrid,1928,440.0165975742338,0.0,440.0165975742338
14,Región de Murcia,1928,342.5485448563422,0.0,342.5485448563422
15,Comunidad Foral de Navarra,1928,363.6634000242816,0.0,363.6634000242816
16,País Vasco,1928,768.4021727173279,0.0,768.4021727173279
17,La Rioja,1928,174.95141732451538,0.0,174.95141732451538
18,Ceuta,1928,0.0,0.0,0.0
19,Melilla,1928,0.0,0.0,0.0
01,Andalucía,1929,3222.23565314467,0.0,3222.23565314467
02,Aragón,1929,1301.0877243952402,0.0,1301.0877243952402
03,Principado de Asturias,1929,462.61756377119514,0.0,462.61756377119514
04,Illes Balears,1929,226.78338188062492,0.0,226.78338188062492
05,Canarias,1929,0.0,0.0,0.0
06,Cantabria,1929,338.7438303883789,0.0,338.7438303883789
07,Castilla y León,1929,2874.2605633763087,0.0,2874.2605633763087
08,Castilla-La Mancha,1929,1510.4255307155015,0.0,1510.4255307155015
09,Cataluña,1929,1566.1866167370592,0.0,1566.1866167370592
10,Comunitat Valenciana,1929,1223.535745316526,0.0,1223.535745316526
11,Extremadura,1929,797.0680730190788,0.0,797.0680730190788
12,Galicia,1929,590.7851230002304,0.0,590.7851230002304
13,Comunidad de Madrid,1929,440.0165975742338,0.0,440.0165975742338
14,Región de Murcia,1929,342.5485448563422,0.0,342.5485448563422
15,Comunidad Foral de Navarra,1929,363.6634000242816,0.0,363.6634000242816
16,País Vasco,1929,768.4021727173279,0.0,768.4021727173279
17,La Rioja,1929,174.95141732451538,0.0,174.95141732451538
18,Ceuta,1929,0.0,0.0,0.0
19,Melilla,1929,0.0,0.0,0.0
01,Andalucía,1930,3222.23565314467,0.0,3222.23565314467
02,Aragón,1930,1301.0877243952402,0.0,1301.0877243952402
03,Principado de Asturias,1930,462.61756377119514,0.0,462.61756377119514
04,Illes Balears,1930,226.78338188062492,0.0,226.78338188062492
05,Canarias,1930,0.0,0.0,0.0
06,Cantabria,1930,338.7438303883789,0.0,338.7438303883789
07,Castilla y León,1930,2874.2605633763087,0.0,2874.2605633763087
08,Castilla-La Mancha,1930,1510.4255307155015,0.0,1510.4255307155015
09,Cataluña,1930,1566.1866167370592,0.0,1566.1866167370592
10,Comunitat Valenciana,1930,1223.535745316526,0.0,1223.535745316526
11,Extremadura,1930,797.0680730190788,0.0,797.0680730190788
12,Galicia,1930,590.7851230002304,0.0,590.7851230002304
13,Comunidad de Madrid,1930,440.0165975742338,0.0,440.0165975742338
14,Región de Murcia,1930,342.5485448563422,0.0,342.5485448563422
15,Comunidad Foral de Navarra,1930,363.6634000242816,0.0,363.6634000242816
16,País Vasco,1930,768.4021727173279,0.0,768.4021727173279
17,La Rioja,1930,174.95141732451538,0.0,174.95141732451538
18,Ceuta,1930,0.0,0.0,0.0
19,Melilla,1930,0.0,0.0,0.0
01,Andalucía,1931,3222.23565314467,0.0,3222.23565314467
02,Aragón,1931,1301.0877243952402,0.0,1301.0877243952402
03,Principado de Asturias,1931,462.61756377119514,0.0,462.61756377119514
04,Illes Balears,1931,226.78338188062492,0.0,226.78338188062492
05,Canarias,1931,0.0,0.0,0.0
06,Cantabria,1931,338.7438303883789,0.0,338.7438303883789
07,Castilla y León,1931,2874.2605633763087,0.0,2874.2605633763087
08,Castilla-La Mancha,1931,1510.4255307155015,0.0,1510.4255307155015
09,Cataluña,1931,1572.4048581894426,0.0,1572.4048581894426
10,Comunitat Valenciana,1931,1223.535745316526,0.0,1223.535745316526
11,Extremadura,1931,797.0680730190788,0.0,797.0680730190788
12,Galicia,1931,590.7851230002304,0.0,590.7851230002304
13,Comunidad de Madrid,1931,440.0165975742338,0.0,440.0165975742338
14,Región de Murcia,1931,342.5485448563422,0.0,342.5485448563422
15,Comunidad Foral de Navarra,1931,363.6634000242816,0.0,363.6634000242816
16,País Vasco,1931,768.4021727173279,0.0,768.4021727173279
17,La Rioja,1931,174.95141732451538,0.0,174.95141732451538
18,Ceuta,1931,0.0,0.0,0.0
19,Melilla,1931,0.0,0.0,0.0
01,Andalucía,1932,3222.23565314467,0.0,3222.23565314467
02,Aragón,1932,1301.0877243952402,0.0,1301.0877243952402
03,Principado de Asturias,1932,462.61756377119514,0.0,462.61756377119514
04,Illes Balears,1932,226.78338188062492,0.0,226.78338188062492
05,Canarias,1932,0.0,0.0,0.0
06,Cantabria,1932,338.7438303883789,0.0,338.7438303883789
07,Castilla y León,1932,2874.2605633763087,0.0,2874.2605633763087
08,Castilla-La Mancha,1932,1510.4255307155015,0.0,1510.4255307155015
09,Cataluña,1932,1572.4048581894426,0.0,1572.4048581894426
10,Comunitat Valenciana,1932,1223.535745316526,0.0,1223.535745316526
11,Extremadura,1932,797.0680730190788,0.0,797.0680730190788
12,Galicia,1932,590.7851230002304,0.0,590.7851230002304
13,Comunidad de Madrid,1932,440.0165975742338,0.0,440.0165975742338
14,Región de Murcia,1932,342.5485448563422,0.0,342.5485448563422
15,Comunidad Foral de Navarra,1932,363.6634000242816,0.0,363.6634000242816
16,País Vasco,1932,768.4021727173279,0.0,768.4021727173279
17,La Rioja,1932,174.95141732451538,0.0,174.95141732451538
18,Ceuta,1932,0.0,0.0,0.0
19,Melilla,1932,0.0,0.0,0.0
01,Andalucía,1933,3222.23565314467,0.0,3222.23565314467
02,Aragón,1933,1315.6483614902804,0.0,1315.6483614902804
03,Principado de Asturias,1933,449.3242586262657,0.0,449.3242586262657
04,Illes Balears,1933,226.78338188062492,0.0,226.78338188062492
05,Canarias,1933,0.0,0.0,0.0
06,Cantabria,1933,338.7438303883789,0.0,338.7438303883789
07,Castilla y León,1933,2874.2605633763087,0.0,2874.2605633763087
08,Castilla-La Mancha,1933,1510.4255307155015,0.0,1510.4255307155015
09,Cataluña,1933,1572.4048581894426,0.0,1572.4048581894426
10,Comunitat Valenciana,1933,1223.535745316526,0.0,1223.535745316526
11,Extremadura,1933,797.0680730190788,0.0,797.0680730190788
12,Galicia,1933,590.7851230002304,0.0,590.7851230002304
13,Comunidad de Madrid,1933,440.0165975742338,0.0,440.0165975742338
14,Región de Murcia,1933,410.1813587066603,0.0,410.1813587066603
15,Comunidad Foral de Navarra,1933,363.6634000242816,0.0,363.6634000242816
16,País Vasco,1933,768.4021727173279,0.0,768.4021727173279
17,La Rioja,1933,174.95141732451538,0.0,174.95141732451538
18,Ceuta,1933,0.0,0.0,0.0
19,Melilla,1933,0.0,0.0,0.0
01,Andalucía,1934,3222.23565314467,0.0,3222.23565314467
02,Aragón,1934,1367.2076287996517,0.0,1367.2076287996517
03,Principado de Asturias,1934,469.9183895774201,0.0,469.9183895774201
04,Illes Balears,1934,226.78338188062492,0.0,226.78338188062492
05,Canarias,1934,0.0,0.0,0.0
06,Cantabria,1934,338.7438303883789,0.0,338.7438303883789
07,Castilla y León,1934,2874.2605633763087,0.0,2874.2605633763087
08,Castilla-La Mancha,1934,1510.4255307155015,0.0,1510.4255307155015
09,Cataluña,1934,1572.4048581894426,0.0,1572.4048581894426
10,Comunitat Valenciana,1934,1223.535745316526,0.0,1223.535745316526
11,Extremadura,1934,797.0680730190788,0.0,797.0680730190788
12,Galicia,1934,590.7851230002304,0.0,590.7851230002304
13,Comunidad de Madrid,1934,440.0165975742338,0.0,440.0165975742338
14,Región de Murcia,1934,410.1813587066603,0.0,410.1813587066603
15,Comunidad Foral de Navarra,1934,363.6634000242816,0.0,363.6634000242816
16,País Vasco,1934,768.4021727173279,0.0,768.4021727173279
17,La Rioja,1934,174.95141732451538,0.0,174.95141732451538
18,Ceuta,1934,0.0,0.0,0.0
19,Melilla,1934,0.0,0.0,0.0
01,Andalucía,1935,3222.23565314467,0.0,3222.23565314467
02,Aragón,1935,1367.2076287996517,0.0,1367.2076287996517
03,Principado de Asturias,1935,469.9183895774201,0.0,469.9183895774201
04,Illes Balears,1935,226.78338188062492,0.0,226.78338188062492
05,Canarias,1935,0.0,0.0,0.0
06,Cantabria,1935,338.7438303883789,0.0,338.7438303883789
07,Castilla y León,1935,2874.2605633763087,0.0,2874.2605633763087
08,Castilla-La Mancha,1935,1510.4255307155015,0.0,1510.4255307155015
09,Cataluña,1935,1572.4048581894426,0.0,1572.4048581894426
10,Comunitat Valenciana,1935,1198.5290175329505,0.0,1198.5290175329505
11,Extremadura,1935,797.0680730190788,0.0,797.0680730190788
12,Galicia,1935,590.7851230002304,0.0,590.7851230002304
13,Comunidad de Madrid,1935,440.0165975742338,0.0,440.0165975742338
14,Región de Murcia,1935,403.1798934529828,0.0,403.1798934529828
15,Comunidad Foral de Navarra,1935,363.6634000242816,0.0,363.6634000242816
16,País Vasco,1935,768.4021727173279,0.0,768.4021727173279
17,La Rioja,1935,174.95141732451538,0.0,174.95141732451538
18,Ceuta,1935,0.0,0.0,0.0
19,Melilla,1935,0.0,0.0,0.0
01,Andalucía,1936,3268.3753918382504,0.0,3268.3753918382504
02,Aragón,1936,1367.2076287996517,0.0,1367.2076287996517
03,Principado de Asturias,1936,469.9183895774201,0.0,469.9183895774201
04,Illes Balears,1936,226.78338188062492,0.0,226.78338188062492
05,Canarias,1936,0.0,0.0,0.0
06,Cantabria,1936,338.455979415129,0.0,338.455979415129
07,Castilla y León,1936,2874.2605633763087,0.0,2874.2605633763087
08,Castilla-La Mancha,1936,1510.4255307155015,0.0,1510.4255307155015
09,Cataluña,1936,1572.4048581894426,0.0,1572.4048581894426
10,Comunitat Valenciana,1936,1198.5290175329505,0.0,1198.5290175329505
11,Extremadura,1936,841.1312176993359,0.0,841.1312176993359
12,Galicia,1936,590.7851230002304,0.0,590.7851230002304
13,Comunidad de Madrid,1936,440.0165975742338,0.0,440.0165975742338
14,Región de Murcia,1936,403.1798934529828,0.0,403.1798934529828
15,Comunidad Foral de Navarra,1936,363.6634000242816,0.0,363.6634000242816
16,País Vasco,1936,768.4021727173279,0.0,768.4021727173279
17,La Rioja,1936,174.95141732451538,0.0,174.95141732451538
18,Ceuta,1936,0.0,0.0,0.0
19,Melilla,1936,0.0,0.0,0.0
01,Andalucía,1937,3268.3753918382504,0.0,3268.3753918382504
02,Aragón,1937,1367.2076287996517,0.0,1367.2076287996517
03,Principado de Asturias,1937,469.9183895774201,0.0,469.9183895774201
04,Illes Balears,1937,226.78338188062492,0.0,226.78338188062492
05,Canarias,1937,0.0,0.0,0.0
06,Cantabria,1937,338.455979415129,0.0,338.455979415129
07,Castilla y León,1937,2874.2605633763087,0.0,2874.2605633763087
08,Castilla-La Mancha,1937,1510.4255307155015,0.0,1510.4255307155015
09,Cataluña,1937,1572.4048581894426,0.0,1572.4048581894426
10,Comunitat Valenciana,1937,1198.5290175329505,0.0,1198.5290175329505
11,Extremadura,1937,841.1312176993359,0.0,841.1312176993359
12,Galicia,1937,590.7851230002304,0.0,590.7851230002304
13,Comunidad de Madrid,1937,440.0165975742338,0.0,440.0165975742338
14,Región de Murcia,1937,403.1798934529828,0.0,403.1798934529828
15,Comunidad Foral de Navarra,1937,363.6634000242816,0.0,363.6634000242816
16,País Vasco,1937,768.4021727173279,0.0,768.4021727173279
17,La Rioja,1937,174.95141732451538,0.0,174.95141732451538
18,Ceuta,1937,0.0,0.0,0.0
19,Melilla,1937,0.0,0.0,0.0
01,Andalucía,1938,3268.3753918382504,0.0,3268.3753918382504
02,Aragón,1938,1367.2076287996517,0.0,1367.2076287996517
03,Principado de Asturias,1938,469.9183895774201,0.0,469.9183895774201
04,Illes Balears,1938,226.78338188062492,0.0,226.78338188062492
05,Canarias,1938,0.0,0.0,0.0
06,Cantabria,1938,338.455979415129,0.0,338.455979415129
07,Castilla y León,1938,2874.2605633763087,0.0,2874.2605633763087
08,Castilla-La Mancha,1938,1527.47166888834,0.0,1527.47166888834
09,Cataluña,1938,1572.4048581894426,0.0,1572.4048581894426
10,Comunitat Valenciana,1938,1219.3467927739039,0.0,1219.3467927739039
11,Extremadura,1938,841.1312176993359,0.0,841.1312176993359
12,Galicia,1938,590.7851230002304,0.0,590.7851230002304
13,Comunidad de Madrid,1938,440.0165975742338,0.0,440.0165975742338
14,Región de Murcia,1938,403.1798934529828,0.0,403.1798934529828
15,Comunidad Foral de Navarra,1938,363.6634000242816,0.0,363.6634000242816
16,País Vasco,1938,768.4021727173279,0.0,768.4021727173279
17,La Rioja,1938,174.95141732451538,0.0,174.95141732451538
18,Ceuta,1938,0.0,0.0,0.0
19,Melilla,1938,0.0,0.0,0.0
01,Andalucía,1939,3260.0888283494014,0.0,3260.0888283494014
02,Aragón,1939,1367.2076287996517,0.0,1367.2076287996517
03,Principado de Asturias,1939,469.9183895774201,0.0,469.9183895774201
04,Illes Balears,1939,226.78338188062492,0.0,226.78338188062492
05,Canarias,1939,0.0,0.0,0.0
06,Cantabria,1939,338.455979415129,0.0,338.455979415129
07,Castilla y León,1939,2874.2605633763087,0.0,2874.2605633763087
08,Castilla-La Mancha,1939,1527.47166888834,0.0,1527.47166888834
09,Cataluña,1939,1572.4048581894426,0.0,1572.4048581894426
10,Comunitat Valenciana,1939,1219.3467927739039,0.0,1219.3467927739039
11,Extremadura,1939,841.1312176993359,0.0,841.1312176993359
12,Galicia,1939,590.7851230002304,0.0,590.7851230002304
13,Comunidad de Madrid,1939,440.0165975742338,0.0,440.0165975742338
14,Región de Murcia,1939,403.1798934529828,0.0,403.1798934529828
15,Comunidad Foral de Navarra,1939,363.6634000242816,0.0,363.6634000242816
16,País Vasco,1939,768.4021727173279,0.0,768.4021727173279
17,La Rioja,1939,174.95141732451538,0.0,174.95141732451538
18,Ceuta,1939,0.0,0.0,0.0
19,Melilla,1939,0.0,0.0,0.0
01,Andalucía,1940,3260.0888283494014,0.0,3260.0888283494014
02,Aragón,1940,1367.2076287996517,0.0,1367.2076287996517
03,Principado de Asturias,1940,469.9183895774201,0.0,469.9183895774201
04,Illes Balears,1940,226.78338188062492,0.0,226.78338188062492
05,Canarias,1940,0.0,0.0,0.0
06,Cantabria,1940,338.455979415129,0.0,338.455979415129
07,Castilla y León,1940,2874.2605633763087,0.0,2874.2605633763087
08,Castilla-La Mancha,1940,1527.47166888834,0.0,1527.47166888834
09,Cataluña,1940,1572.4048581894426,0.0,1572.4048581894426
10,Comunitat Valenciana,1940,1219.3467927739039,0.0,1219.3467927739039
11,Extremadura,1940,841.1312176993359,0.0,841.1312176993359
12,Galicia,1940,590.7851230002304,0.0,590.7851230002304
13,Comunidad de Madrid,1940,440.0165975742338,0.0,440.0165975742338
14,Región de Murcia,1940,403.1798934529828,0.0,403.1798934529828
15,Comunidad Foral de Navarra,1940,363.6634000242816,0.0,363.6634000242816
16,País Vasco,1940,768.4021727173279,0.0,768.4021727173279
17,La Rioja,1940,174.95141732451538,0.0,174.95141732451538
18,Ceuta,1940,0.0,0.0,0.0
19,Melilla,1940,0.0,0.0,0.0
01,Andalucía,1941,3260.0888283494014,0.0,3260.0888283494014
02,Aragón,1941,1418.9136572310988,0.0,1418.9136572310988
03,Principado de Asturias,1941,507.79347709669355,0.0,507.79347709669355
04,Illes Balears,1941,226.78338188062492,0.0,226.78338188062492
05,Canarias,1941,0.0,0.0,0.0
06,Cantabria,1941,338.455979415129,0.0,338.455979415129
07,Castilla y León,1941,2928.2835602577234,0.0,2928.2835602577234
08,Castilla-La Mancha,1941,1548.4949215978097,0.0,1548.4949215978097
09,Cataluña,1941,1619.168925270324,0.0,1619.168925270324
10,Comunitat Valenciana,1941,1221.0886568606045,0.0,1221.0886568606045
11,Extremadura,1941,841.1312176993359,0.0,841.1312176993359
12,Galicia,1941,590.7851230002304,0.0,590.7851230002304
13,Comunidad de Madrid,1941,440.0165975742338,0.0,440.0165975742338
14,Región de Murcia,1941,403.1798934529828,0.0,403.1798934529828
15,Comunidad Foral de Navarra,1941,383.9571004008634,0.0,383.9571004008634
16,País Vasco,1941,768.4021727173279,0.0,768.4021727173279
17,La Rioja,1941,182.4851237232377,0.0,182.4851237232377
18,Ceuta,1941,0.0,0.0,0.0
19,Melilla,1941,0.0,0.0,0.0
01,Andalucía,1942,3260.0888283494014,0.0,3260.0888283494014
02,Aragón,1942,1418.9136572310988,0.0,1418.9136572310988
03,Principado de Asturias,1942,507.79347709669355,0.0,507.79347709669355
04,Illes Balears,1942,226.78338188062492,0.0,226.78338188062492
05,Canarias,1942,0.0,0.0,0.0
06,Cantabria,1942,338.455979415129,0.0,338.455979415129
07,Castilla y León,1942,2928.2835602577234,0.0,2928.2835602577234
08,Castilla-La Mancha,1942,1564.1028044585548,0.0,1564.1028044585548
09,Cataluña,1942,1619.168925270324,0.0,1619.168925270324
10,Comunitat Valenciana,1942,1221.0886568606045,0.0,1221.0886568606045
11,Extremadura,1942,841.1312176993359,0.0,841.1312176993359
12,Galicia,1942,590.7851230002304,0.0,590.7851230002304
13,Comunidad de Madrid,1942,440.0165975742338,0.0,440.0165975742338
14,Región de Murcia,1942,403.1798934529828,0.0,403.1798934529828
15,Comunidad Foral de Navarra,1942,383.9571004008634,0.0,383.9571004008634
16,País Vasco,1942,768.4021727173279,0.0,768.4021727173279
17,La Rioja,1942,182.4851237232377,0.0,182.4851237232377
18,Ceuta,1942,0.0,0.0,0.0
19,Melilla,1942,0.0,0.0,0.0
01,Andalucía,1943,3260.0888283494014,0.0,3260.0888283494014
02,Aragón,1943,1418.9136572310988,0.0,1418.9136572310988
03,Principado de Asturias,1943,507.79347709669355,0.0,507.79347709669355
04,Illes Balears,1943,226.78338188062492,0.0,226.78338188062492
05,Canarias,1943,0.0,0.0,0.0
06,Cantabria,1943,338.455979415129,0.0,338.455979415129
07,Castilla y León,1943,2928.2835602577234,0.0,2928.2835602577234
08,Castilla-La Mancha,1943,1564.1027310909838,0.0,1564.1027310909838
09,Cataluña,1943,1619.168925270324,0.0,1619.168925270324
10,Comunitat Valenciana,1943,1221.0886568606045,0.0,1221.0886568606045
11,Extremadura,1943,841.1312176993359,0.0,841.1312176993359
12,Galicia,1943,657.7671503020034,0.0,657.7671503020034
13,Comunidad de Madrid,1943,440.0165975742338,0.0,440.0165975742338
14,Región de Murcia,1943,403.1798934529828,0.0,403.1798934529828
15,Comunidad Foral de Navarra,1943,383.9571004008634,0.0,383.9571004008634
16,País Vasco,1943,768.4021727173279,0.0,768.4021727173279
17,La Rioja,1943,182.4851237232377,0.0,182.4851237232377
18,Ceuta,1943,0.0,0.0,0.0
19,Melilla,1943,0.0,0.0,0.0
01,Andalucía,1944,3262.978676915018,0.0,3262.978676915018
02,Aragón,1944,1418.9136572310988,0.0,1418.9136572310988
03,Principado de Asturias,1944,507.79347709669355,0.0,507.79347709669355
04,Illes Balears,1944,226.78338188062492,0.0,226.78338188062492
05,Canarias,1944,0.0,0.0,0.0
06,Cantabria,1944,338.455979415129,0.0,338.455979415129
07,Castilla y León,1944,2928.2835602577234,0.0,2928.2835602577234
08,Castilla-La Mancha,1944,1564.1027310909838,0.0,1564.1027310909838
09,Cataluña,1944,1619.168925270324,0.0,1619.168925270324
10,Comunitat Valenciana,1944,1221.0886568606045,0.0,1221.0886568606045
11,Extremadura,1944,841.1312176993359,0.0,841.1312176993359
12,Galicia,1944,657.7671503020034,0.0,657.7671503020034
13,Comunidad de Madrid,1944,440.0165975742338,0.0,440.0165975742338
14,Región de Murcia,1944,403.1798934529828,0.0,403.1798934529828
15,Comunidad Foral de Navarra,1944,383.9571004008634,0.0,383.9571004008634
16,País Vasco,1944,768.4021727173279,0.0,768.4021727173279
17,La Rioja,1944,182.4851237232377,0.0,182.4851237232377
18,Ceuta,1944,0.0,0.0,0.0
19,Melilla,1944,0.0,0.0,0.0
01,Andalucía,1945,3262.978676915018,0.0,3262.978676915018
02,Aragón,1945,1418.9136572310988,0.0,1418.9136572310988
03,Principado de Asturias,1945,507.79347709669355,0.0,507.79347709669355
04,Illes Balears,1945,226.78338188062492,0.0,226.78338188062492
05,Canarias,1945,0.0,0.0,0.0
06,Cantabria,1945,338.455979415129,0.0,338.455979415129
07,Castilla y León,1945,2928.2835602577234,0.0,2928.2835602577234
08,Castilla-La Mancha,1945,1564.1027310909838,0.0,1564.1027310909838
09,Cataluña,1945,1619.168925270324,0.0,1619.168925270324
10,Comunitat Valenciana,1945,1221.0886568606045,0.0,1221.0886568606045
11,Extremadura,1945,841.1312176993359,0.0,841.1312176993359
12,Galicia,1945,657.7671503020034,0.0,657.7671503020034
13,Comunidad de Madrid,1945,440.0165975742338,0.0,440.0165975742338
14,Región de Murcia,1945,403.1798934529828,0.0,403.1798934529828
15,Comunidad Foral de Navarra,1945,383.9571004008634,0.0,383.9571004008634
16,País Vasco,1945,768.4021727173279,0.0,768.4021727173279
17,La Rioja,1945,182.4851237232377,0.0,182.4851237232377
18,Ceuta,1945,0.0,0.0,0.0
19,Melilla,1945,0.0,0.0,0.0
01,Andalucía,1946,3262.978676915018,0.0,3262.978676915018
02,Aragón,1946,1418.9136572310988,0.0,1418.9136572310988
03,Principado de Asturias,1946,507.79347709669355,0.0,507.79347709669355
04,Illes Balears,1946,226.78338188062492,0.0,226.78338188062492
05,Canarias,1946,0.0,0.0,0.0
06,Cantabria,1946,338.455979415129,0.0,338.455979415129
07,Castilla y León,1946,2928.2835602577234,0.0,2928.2835602577234
08,Castilla-La Mancha,1946,1555.1448941544659,0.0,1555.1448941544659
09,Cataluña,1946,1619.168925270324,0.0,1619.168925270324
10,Comunitat Valenciana,1946,1221.0886568606045,0.0,1221.0886568606045
11,Extremadura,1946,841.1312176993359,0.0,841.1312176993359
12,Galicia,1946,657.7671503020034,0.0,657.7671503020034
13,Comunidad de Madrid,1946,440.0165975742338,0.0,440.0165975742338
14,Región de Murcia,1946,403.1798934529828,0.0,403.1798934529828
15,Comunidad Foral de Navarra,1946,383.9571004008634,0.0,383.9571004008634
16,País Vasco,1946,768.4021727173279,0.0,768.4021727173279
17,La Rioja,1946,182.4851237232377,0.0,182.4851237232377
18,Ceuta,1946,0.0,0.0,0.0
19,Melilla,1946,0.0,0.0,0.0
01,Andalucía,1947,3262.978676915018,0.0,3262.978676915018
02,Aragón,1947,1418.9136572310988,0.0,1418.9136572310988
03,Principado de Asturias,1947,507.79347709669355,0.0,507.79347709669355
04,Illes Balears,1947,226.78338188062492,0.0,226.78338188062492
05,Canarias,1947,0.0,0.0,0.0
06,Cantabria,1947,338.455979415129,0.0,338.455979415129
07,Castilla y León,1947,2928.2835602577234,0.0,2928.2835602577234
08,Castilla-La Mancha,1947,1586.9313432302354,0.0,1586.9313432302354
09,Cataluña,1947,1619.168925270324,0.0,1619.168925270324
10,Comunitat Valenciana,1947,1221.0886568606045,0.0,1221.0886568606045
11,Extremadura,1947,841.1312176993359,0.0,841.1312176993359
12,Galicia,1947,657.7671503020034,0.0,657.7671503020034
13,Comunidad de Madrid,1947,440.0165975742338,0.0,440.0165975742338
14,Región de Murcia,1947,403.1798934529828,0.0,403.1798934529828
15,Comunidad Foral de Navarra,1947,383.9571004008634,0.0,383.9571004008634
16,País Vasco,1947,768.4021727173279,0.0,768.4021727173279
17,La Rioja,1947,185.78743170827616,0.0,185.78743170827616
18,Ceuta,1947,0.0,0.0,0.0
19,Melilla,1947,0.0,0.0,0.0
01,Andalucía,1948,3262.978676915018,0.0,3262.978676915018
02,Aragón,1948,1418.9136572310988,0.0,1418.9136572310988
03,Principado de Asturias,1948,507.79347709669355,0.0,507.79347709669355
04,Illes Balears,1948,226.78338188062492,0.0,226.78338188062492
05,Canarias,1948,0.0,0.0,0.0
06,Cantabria,1948,338.455979415129,0.0,338.455979415129
07,Castilla y León,1948,2928.2835602577234,0.0,2928.2835602577234
08,Castilla-La Mancha,1948,1586.9313432302354,0.0,1586.9313432302354
09,Cataluña,1948,1619.168925270324,0.0,1619.168925270324
10,Comunitat Valenciana,1948,1221.0886568606045,0.0,1221.0886568606045
11,Extremadura,1948,841.1312176993359,0.0,841.1312176993359
12,Galicia,1948,657.7671503020034,0.0,657.7671503020034
13,Comunidad de Madrid,1948,440.0165975742338,0.0,440.0165975742338
14,Región de Murcia,1948,403.1798934529828,0.0,403.1798934529828
15,Comunidad Foral de Navarra,1948,383.9571004008634,0.0,383.9571004008634
16,País Vasco,1948,768.4021727173279,0.0,768.4021727173279
17,La Rioja,1948,185.78743170827616,0.0,185.78743170827616
18,Ceuta,1948,0.0,0.0,0.0
19,Melilla,1948,0.0,0.0,0.0
01,Andalucía,1949,3262.978676915018,0.0,3262.978676915018
02,Aragón,1949,1418.9136572310988,0.0,1418.9136572310988
03,Principado de Asturias,1949,514.602429930399,0.0,514.602429930399
04,Illes Balears,1949,226.78338188062492,0.0,226.78338188062492
05,Canarias,1949,0.0,0.0,0.0
06,Cantabria,1949,338.455979415129,0.0,338.455979415129
07,Castilla y León,1949,2928.2835602577234,0.0,2928.2835602577234
08,Castilla-La Mancha,1949,1586.9313432302354,0.0,1586.9313432302354
09,Cataluña,1949,1657.7099684863003,0.0,1657.7099684863003
10,Comunitat Valenciana,1949,1221.0886568606045,0.0,1221.0886568606045
11,Extremadura,1949,841.1312176993359,0.0,841.1312176993359
12,Galicia,1949,657.7671503020034,0.0,657.7671503020034
13,Comunidad de Madrid,1949,440.0165975742338,0.0,440.0165975742338
14,Región de Murcia,1949,403.1798934529828,0.0,403.1798934529828
15,Comunidad Foral de Navarra,1949,383.9571004008634,0.0,383.9571004008634
16,País Vasco,1949,768.4021727173279,0.0,768.4021727173279
17,La Rioja,1949,185.78743170827616,0.0,185.78743170827616
18,Ceuta,1949,0.0,0.0,0.0
19,Melilla,1949,0.0,0.0,0.0
01,Andalucía,1950,3262.978676915018,0.0,3262.978676915018
02,Aragón,1950,1418.9136572310988,0.0,1418.9136572310988
03,Principado de Asturias,1950,514.602429930399,0.0,514.602429930399
04,Illes Balears,1950,226.78338188062492,0.0,226.78338188062492
05,Canarias,1950,0.0,0.0,0.0
06,Cantabria,1950,338.455979415129,0.0,338.455979415129
07,Castilla y León,1950,2928.2835602577234,0.0,2928.2835602577234
08,Castilla-La Mancha,1950,1586.9313432302354,0.0,1586.9313432302354
09,Cataluña,1950,1673.1997568941847,0.0,1673.1997568941847
10,Comunitat Valenciana,1950,1221.0886568606045,0.0,1221.0886568606045
11,Extremadura,1950,841.1312176993359,0.0,841.1312176993359
12,Galicia,1950,657.7671503020034,0.0,657.7671503020034
13,Comunidad de Madrid,1950,440.0165975742338,0.0,440.0165975742338
14,Región de Murcia,1950,403.1798934529828,0.0,403.1798934529828
15,Comunidad Foral de Navarra,1950,383.9571004008634,0.0,383.9571004008634
16,País Vasco,1950,768.4021727173279,0.0,768.4021727173279
17,La Rioja,1950,185.78743170827616,0.0,185.78743170827616
18,Ceuta,1950,0.0,0.0,0.0
19,Melilla,1950,0.0,0.0,0.0
01,Andalucía,1951,3262.978676915018,0.0,3262.978676915018
02,Aragón,1951,1418.9136572310988,0.0,1418.9136572310988
03,Principado de Asturias,1951,514.602429930399,0.0,514.602429930399
04,Illes Balears,1951,226.78338188062492,0.0,226.78338188062492
05,Canarias,1951,0.0,0.0,0.0
06,Cantabria,1951,338.455979415129,0.0,338.455979415129
07,Castilla y León,1951,2928.2835602577234,0.0,2928.2835602577234
08,Castilla-La Mancha,1951,1586.9313432302354,0.0,1586.9313432302354
09,Cataluña,1951,1650.887827322308,0.0,1650.887827322308
10,Comunitat Valenciana,1951,1221.0886568606045,0.0,1221.0886568606045
11,Extremadura,1951,841.1312176993359,0.0,841.1312176993359
12,Galicia,1951,657.7671503020034,0.0,657.7671503020034
13,Comunidad de Madrid,1951,440.0165975742338,0.0,440.0165975742338
14,Región de Murcia,1951,403.1798934529828,0.0,403.1798934529828
15,Comunidad Foral de Navarra,1951,383.9571004008634,0.0,383.9571004008634
16,País Vasco,1951,768.4021727173279,0.0,768.4021727173279
17,La Rioja,1951,185.78743170827616,0.0,185.78743170827616
18,Ceuta,1951,0.0,0.0,0.0
19,Melilla,1951,0.0,0.0,0.0
01,Andalucía,1952,3262.978676915018,0.0,3262.978676915018
02,Aragón,1952,1418.9136572310988,0.0,1418.9136572310988
03,Principado de Asturias,1952,514.602429930399,0.0,514.602429930399
04,Illes Balears,1952,226.78338188062492,0.0,226.78338188062492
05,Canarias,1952,0.0,0.0,0.0
06,Cantabria,1952,338.455979415129,0.0,338.455979415129
07,Castilla y León,1952,3029.367048350872,0.0,3029.367048350872
08,Castilla-La Mancha,1952,1586.9313432302354,0.0,1586.9313432302354
09,Cataluña,1952,1650.887827322308,0.0,1650.887827322308
10,Comunitat Valenciana,1952,1221.0886568606045,0.0,1221.0886568606045
11,Extremadura,1952,841.1312176993359,0.0,841.1312176993359
12,Galicia,1952,657.7671503020034,0.0,657.7671503020034
13,Comunidad de Madrid,1952,440.0165975742338,0.0,440.0165975742338
14,Región de Murcia,1952,403.1798934529828,0.0,403.1798934529828
15,Comunidad Foral de Navarra,1952,383.9571004008634,0.0,383.9571004008634
16,País Vasco,1952,768.4021727173279,0.0,768.4021727173279
17,La Rioja,1952,185.78743170827616,0.0,185.78743170827616
18,Ceuta,1952,0.0,0.0,0.0
19,Melilla,1952,0.0,0.0,0.0
01,Andalucía,1953,3224.3754143477872,0.0,3224.3754143477872
02,Aragón,1953,1418.9136572310988,0.0,1418.9136572310988
03,Principado de Asturias,1953,514.602429930399,0.0,514.602429930399
04,Illes Balears,1953,226.78338188062492,0.0,226.78338188062492
05,Canarias,1953,0.0,0.0,0.0
06,Cantabria,1953,338.455979415129,0.0,338.455979415129
07,Castilla y León,1953,3029.367048350872,0.0,3029.367048350872
08,Castilla-La Mancha,1953,1534.771368889241,0.0,1534.771368889241
09,Cataluña,1953,1650.887827322308,0.0,1650.887827322308
10,Comunitat Valenciana,1953,1221.0886568606045,0.0,1221.0886568606045
11,Extremadura,1953,841.1312176993359,0.0,841.1312176993359
12,Galicia,1953,657.7671503020034,0.0,657.7671503020034
13,Comunidad de Madrid,1953,432.8115931153473,0.0,432.8115931153473
14,Región de Murcia,1953,403.1798934529828,0.0,403.1798934529828
15,Comunidad Foral de Navarra,1953,383.9571004008634,0.0,383.9571004008634
16,País Vasco,1953,768.4021727173279,0.0,768.4021727173279
17,La Rioja,1953,185.78743170827616,0.0,185.78743170827616
18,Ceuta,1953,0.0,0.0,0.0
19,Melilla,1953,0.0,0.0,0.0
01,Andalucía,1954,3224.3754143477872,0.0,3224.3754143477872
02,Aragón,1954,1418.9136572310988,0.0,1418.9136572310988
03,Principado de Asturias,1954,514.602429930399,0.0,514.602429930399
04,Illes Balears,1954,226.78338188062492,0.0,226.78338188062492
05,Canarias,1954,0.0,0.0,0.0
06,Cantabria,1954,338.455979415129,0.0,338.455979415129
07,Castilla y León,1954,3029.367048350872,0.0,3029.367048350872
08,Castilla-La Mancha,1954,1534.771368889241,0.0,1534.771368889241
09,Cataluña,1954,1650.887827322308,0.0,1650.887827322308
10,Comunitat Valenciana,1954,1221.0886568606045,0.0,1221.0886568606045
11,Extremadura,1954,841.1312176993359,0.0,841.1312176993359
12,Galicia,1954,657.7671503020034,0.0,657.7671503020034
13,Comunidad de Madrid,1954,432.8115931153473,0.0,432.8115931153473
14,Región de Murcia,1954,403.1798934529828,0.0,403.1798934529828
15,Comunidad Foral de Navarra,1954,383.9571004008634,0.0,383.9571004008634
16,País Vasco,1954,768.4021727173279,0.0,768.4021727173279
17,La Rioja,1954,185.78743170827616,0.0,185.78743170827616
18,Ceuta,1954,0.0,0.0,0.0
19,Melilla,1954,0.0,0.0,0.0
01,Andalucía,1955,3224.3754143477872,0.0,3224.3754143477872
02,Aragón,1955,1402.6563052668166,0.0,1402.6563052668166
03,Principado de Asturias,1955,514.602429930399,0.0,514.602429930399
04,Illes Balears,1955,226.78338188062492,0.0,226.78338188062492
05,Canarias,1955,0.0,0.0,0.0
06,Cantabria,1955,338.455979415129,0.0,338.455979415129
07,Castilla y León,1955,3029.367048350872,0.0,3029.367048350872
08,Castilla-La Mancha,1955,1534.771368889241,0.0,1534.771368889241
09,Cataluña,1955,1650.887827322308,0.0,1650.887827322308
10,Comunitat Valenciana,1955,1221.0886568606045,0.0,1221.0886568606045
11,Extremadura,1955,841.1312176993359,0.0,841.1312176993359
12,Galicia,1955,657.7671503020034,0.0,657.7671503020034
13,Comunidad de Madrid,1955,418.26229730122424,0.0,418.26229730122424
14,Región de Murcia,1955,403.1798934529828,0.0,403.1798934529828
15,Comunidad Foral de Navarra,1955,383.8755681689234,0.0,383.8755681689234
16,País Vasco,1955,770.9464017632241,0.0,770.9464017632241
17,La Rioja,1955,185.78743170827616,0.0,185.78743170827616
18,Ceuta,1955,0.0,0.0,0.0
19,Melilla,1955,0.0,0.0,0.0
01,Andalucía,1956,3224.3754143477872,0.0,3224.3754143477872
02,Aragón,1956,1402.6563052668166,0.0,1402.6563052668166
03,Principado de Asturias,1956,535.7803096100838,0.0,535.7803096100838
04,Illes Balears,1956,226.78338188062492,0.0,226.78338188062492
05,Canarias,1956,0.0,0.0,0.0
06,Cantabria,1956,338.455979415129,0.0,338.455979415129
07,Castilla y León,1956,3029.367048350872,0.0,3029.367048350872
08,Castilla-La Mancha,1956,1534.771368889241,0.0,1534.771368889241
09,Cataluña,1956,1592.3138280943458,0.0,1592.3138280943458
10,Comunitat Valenciana,1956,1221.0886568606045,0.0,1221.0886568606045
11,Extremadura,1956,841.1312176993359,0.0,841.1312176993359
12,Galicia,1956,657.7671503020034,0.0,657.7671503020034
13,Comunidad de Madrid,1956,418.26229730122424,0.0,418.26229730122424
14,Región de Murcia,1956,403.1798934529828,0.0,403.1798934529828
15,Comunidad Foral de Navarra,1956,291.8229456567259,0.0,291.8229456567259
16,País Vasco,1956,762.7276860746548,0.0,762.7276860746548
17,La Rioja,1956,185.78743170827616,0.0,185.78743170827616
18,Ceuta,1956,0.0,0.0,0.0
19,Melilla,1956,0.0,0.0,0.0
01,Andalucía,1957,3224.3754143477872,0.0,3224.3754143477872
02,Aragón,1957,1402.6563052668166,0.0,1402.6563052668166
03,Principado de Asturias,1957,547.8289175301494,0.0,547.8289175301494
04,Illes Balears,1957,226.78338188062492,0.0,226.78338188062492
05,Canarias,1957,0.0,0.0,0.0
06,Cantabria,1957,338.455979415129,0.0,338.455979415129
07,Castilla y León,1957,3059.7992238637994,0.0,3059.7992238637994
08,Castilla-La Mancha,1957,1534.771368889241,0.0,1534.771368889241
09,Cataluña,1957,1592.3138280943458,0.0,1592.3138280943458
10,Comunitat Valenciana,1957,1216.205335575697,0.0,1216.205335575697
11,Extremadura,1957,841.1312176993359,0.0,841.1312176993359
12,Galicia,1957,777.8253626465221,0.0,777.8253626465221
13,Comunidad de Madrid,1957,418.26229730122424,0.0,418.26229730122424
14,Región de Murcia,1957,403.1798934529828,0.0,403.1798934529828
15,Comunidad Foral de Navarra,1957,291.8229456567259,0.0,291.8229456567259
16,País Vasco,1957,762.4773263124716,0.0,762.4773263124716
17,La Rioja,1957,185.78743170827616,0.0,185.78743170827616
18,Ceuta,1957,0.0,0.0,0.0
19,Melilla,1957,0.0,0.0,0.0
01,Andalucía,1958,3224.3754143477872,0.0,3224.3754143477872
02,Aragón,1958,1402.6563052668166,0.0,1402.6563052668166
03,Principado de Asturias,1958,547.8289175301494,0.0,547.8289175301494
04,Illes Balears,1958,226.78338188062492,0.0,226.78338188062492
05,Canarias,1958,0.0,0.0,0.0
06,Cantabria,1958,333.19766881742913,0.0,333.19766881742913
07,Castilla y León,1958,3059.7992238637994,0.0,3059.7992238637994
08,Castilla-La Mancha,1958,1534.771368889241,0.0,1534.771368889241
09,Cataluña,1958,1592.3138280943458,0.0,1592.3138280943458
10,Comunitat Valenciana,1958,1216.205335575697,0.0,1216.205335575697
11,Extremadura,1958,841.1312176993359,0.0,841.1312176993359
12,Galicia,1958,859.1873707688654,0.0,859.1873707688654
13,Comunidad de Madrid,1958,418.26229730122424,0.0,418.26229730122424
14,Región de Murcia,1958,403.1798934529828,0.0,403.1798934529828
15,Comunidad Foral de Navarra,1958,246.9507204523628,0.0,246.9507204523628
16,País Vasco,1958,738.5803142856735,0.0,738.5803142856735
17,La Rioja,1958,185.78743170827616,0.0,185.78743170827616
18,Ceuta,1958,0.0,0.0,0.0
19,Melilla,1958,0.0,0.0,0.0
01,Andalucía,1959,3193.77044797825,0.0,3193.77044797825
02,Aragón,1959,1402.6563052668166,0.0,1402.6563052668166
03,Principado de Asturias,1959,547.8289175301494,0.0,547.8289175301494
04,Illes Balears,1959,226.78338188062492,0.0,226.78338188062492
05,Canarias,1959,0.0,0.0,0.0
06,Cantabria,1959,333.19766881742913,0.0,333.19766881742913
07,Castilla y León,1959,3059.7992238637994,0.0,3059.7992238637994
08,Castilla-La Mancha,1959,1534.771368889241,0.0,1534.771368889241
09,Cataluña,1959,1592.3138280943458,0.0,1592.3138280943458
10,Comunitat Valenciana,1959,1216.205335575697,0.0,1216.205335575697
11,Extremadura,1959,841.1312176993359,0.0,841.1312176993359
12,Galicia,1959,859.1873707688654,0.0,859.1873707688654
13,Comunidad de Madrid,1959,418.26229730122424,0.0,418.26229730122424
14,Región de Murcia,1959,403.1798934529828,0.0,403.1798934529828
15,Comunidad Foral de Navarra,1959,246.9507204523628,0.0,246.9507204523628
16,País Vasco,1959,738.5803142856735,0.0,738.5803142856735
17,La Rioja,1959,185.78743170827616,0.0,185.78743170827616
18,Ceuta,1959,0.0,0.0,0.0
19,Melilla,1959,0.0,0.0,0.0
01,Andalucía,1960,3064.0856349543897,0.0,3064.0856349543897
02,Aragón,1960,1402.6563052668166,0.0,1402.6563052668166
03,Principado de Asturias,1960,547.8289175301494,0.0,547.8289175301494
04,Illes Balears,1960,226.78338188062492,0.0,226.78338188062492
05,Canarias,1960,0.0,0.0,0.0
06,Cantabria,1960,333.19766881742913,0.0,333.19766881742913
07,Castilla y León,1960,3059.7992238637994,0.0,3059.7992238637994
08,Castilla-La Mancha,1960,1534.771368889241,0.0,1534.771368889241
09,Cataluña,1960,1592.3138280943458,0.0,1592.3138280943458
10,Comunitat Valenciana,1960,1216.205335575697,0.0,1216.205335575697
11,Extremadura,1960,841.1312176993359,0.0,841.1312176993359
12,Galicia,1960,859.1873707688654,0.0,859.1873707688654
13,Comunidad de Madrid,1960,418.26229730122424,0.0,418.26229730122424
14,Región de Murcia,1960,403.1798934529828,0.0,403.1798934529828
15,Comunidad Foral de Navarra,1960,246.9507204523628,0.0,246.9507204523628
16,País Vasco,1960,738.5803142856735,0.0,738.5803142856735
17,La Rioja,1960,185.78743170827616,0.0,185.78743170827616
18,Ceuta,1960,0.0,0.0,0.0
19,Melilla,1960,0.0,0.0,0.0
01,Andalucía,1961,3063.937538793356,0.0,3063.937538793356
02,Aragón,1961,1402.6563052668166,0.0,1402.6563052668166
03,Principado de Asturias,1961,547.8289175301494,0.0,547.8289175301494
04,Illes Balears,1961,226.78338188062492,0.0,226.78338188062492
05,Canarias,1961,0.0,0.0,0.0
06,Cantabria,1961,333.19766881742913,0.0,333.19766881742913
07,Castilla y León,1961,3057.7026349142475,0.0,3057.7026349142475
08,Castilla-La Mancha,1961,1534.771368889241,0.0,1534.771368889241
09,Cataluña,1961,1592.3138280943458,0.0,1592.3138280943458
10,Comunitat Valenciana,1961,1216.205335575697,0.0,1216.205335575697
11,Extremadura,1961,841.1312176993359,0.0,841.1312176993359
12,Galicia,1961,859.1873707688654,0.0,859.1873707688654
13,Comunidad de Madrid,1961,418.26229730122424,0.0,418.26229730122424
14,Región de Murcia,1961,403.1798934529828,0.0,403.1798934529828
15,Comunidad Foral de Navarra,1961,246.9507204523628,0.0,246.9507204523628
16,País Vasco,1961,738.5803142856735,0.0,738.5803142856735
17,La Rioja,1961,185.78743170827616,0.0,185.78743170827616
18,Ceuta,1961,0.0,0.0,0.0
19,Melilla,1961,0.0,0.0,0.0
01,Andalucía,1962,3050.791517240559,0.0,3050.791517240559
02,Aragón,1962,1402.6563052668166,0.0,1402.6563052668166
03,Principado de Asturias,1962,602.1083409325655,0.0,602.1083409325655
04,Illes Balears,1962,226.78338188062492,0.0,226.78338188062492
05,Canarias,1962,0.0,0.0,0.0
06,Cantabria,1962,333.19766881742913,0.0,333.19766881742913
07,Castilla y León,1962,3057.7026349142475,0.0,3057.7026349142475
08,Castilla-La Mancha,1962,1534.771368889241,0.0,1534.771368889241
09,Cataluña,1962,1592.3138280943458,0.0,1592.3138280943458
10,Comunitat Valenciana,1962,1216.205335575697,0.0,1216.205335575697
11,Extremadura,1962,841.1312176993359,0.0,841.1312176993359
12,Galicia,1962,898.2372818136355,0.0,898.2372818136355
13,Comunidad de Madrid,1962,418.26229730122424,0.0,418.26229730122424
14,Región de Murcia,1962,403.1798934529828,0.0,403.1798934529828
15,Comunidad Foral de Navarra,1962,246.9507204523628,0.0,246.9507204523628
16,País Vasco,1962,738.5803142856735,0.0,738.5803142856735
17,La Rioja,1962,185.78743170827616,0.0,185.78743170827616
18,Ceuta,1962,0.0,0.0,0.0
19,Melilla,1962,0.0,0.0,0.0
01,Andalucía,1963,3050.791517240559,0.0,3050.791517240559
02,Aragón,1963,1402.6563052668166,0.0,1402.6563052668166
03,Principado de Asturias,1963,564.2332534132921,0.0,564.2332534132921
04,Illes Balears,1963,226.78338188062492,0.0,226.78338188062492
05,Canarias,1963,0.0,0.0,0.0
06,Cantabria,1963,333.19766881742913,0.0,333.19766881742913
07,Castilla y León,1963,3062.234794045323,0.0,3062.234794045323
08,Castilla-La Mancha,1963,1463.8329534554907,0.0,1463.8329534554907
09,Cataluña,1963,1582.9345948237035,0.0,1582.9345948237035
10,Comunitat Valenciana,1963,1170.5409386869164,0.0,1170.5409386869164
11,Extremadura,1963,841.1312176993359,0.0,841.1312176993359
12,Galicia,1963,898.2372818136355,0.0,898.2372818136355
13,Comunidad de Madrid,1963,418.26229730122424,0.0,418.26229730122424
14,Región de Murcia,1963,403.1798934529828,0.0,403.1798934529828
15,Comunidad Foral de Navarra,1963,246.9507204523628,0.0,246.9507204523628
16,País Vasco,1963,738.5803142856735,0.0,738.5803142856735
17,La Rioja,1963,185.78743170827616,0.0,185.78743170827616
18,Ceuta,1963,0.0,0.0,0.0
19,Melilla,1963,0.0,0.0,0.0
01,Andalucía,1964,3050.791517240559,0.0,3050.791517240559
02,Aragón,1964,1402.6563052668166,0.0,1402.6563052668166
03,Principado de Asturias,1964,555.1006060933037,0.0,555.1006060933037
04,Illes Balears,1964,173.475858117098,0.0,173.475858117098
05,Canarias,1964,0.0,0.0,0.0
06,Cantabria,1964,333.19766881742913,0.0,333.19766881742913
07,Castilla y León,1964,3062.234794045323,0.0,3062.234794045323
08,Castilla-La Mancha,1964,1463.8329534554907,0.0,1463.8329534554907
09,Cataluña,1964,1582.9345948237035,0.0,1582.9345948237035
10,Comunitat Valenciana,1964,1170.5409386869164,0.0,1170.5409386869164
11,Extremadura,1964,841.1312176993359,0.0,841.1312176993359
12,Galicia,1964,892.4952270120089,0.0,892.4952270120089
13,Comunidad de Madrid,1964,422.0716680306827,0.0,422.0716680306827
14,Región de Murcia,1964,403.1798934529828,0.0,403.1798934529828
15,Comunidad Foral de Navarra,1964,246.9507204523628,0.0,246.9507204523628
16,País Vasco,1964,738.5803142856735,0.0,738.5803142856735
17,La Rioja,1964,154.30576661786995,0.0,154.30576661786995
18,Ceuta,1964,0.0,0.0,0.0
19,Melilla,1964,0.0,0.0,0.0
01,Andalucía,1965,2987.83906071244,0.0,2987.83906071244
02,Aragón,1965,1364.2941881703555,0.0,1364.2941881703555
03,Principado de Asturias,1965,555.1006060933037,0.0,555.1006060933037
04,Illes Balears,1965,173.475858117098,0.0,173.475858117098
05,Canarias,1965,0.0,0.0,0.0
06,Cantabria,1965,333.19766881742913,0.0,333.19766881742913
07,Castilla y León,1965,3061.5243075798107,0.0,3061.5243075798107
08,Castilla-La Mancha,1965,1463.8329534554907,0.0,1463.8329534554907
09,Cataluña,1965,1580.5256359432603,0.0,1580.5256359432603
10,Comunitat Valenciana,1965,1142.3233215415387,0.0,1142.3233215415387
11,Extremadura,1965,841.1312176993359,0.0,841.1312176993359
12,Galicia,1965,892.4952270120089,0.0,892.4952270120089
13,Comunidad de Madrid,1965,459.24633644527233,0.0,459.24633644527233
14,Región de Murcia,1965,403.1798934529828,0.0,403.1798934529828
15,Comunidad Foral de Navarra,1965,246.9507204523628,0.0,246.9507204523628
16,País Vasco,1965,738.5803142856735,0.0,738.5803142856735
17,La Rioja,1965,154.30576661786995,0.0,154.30576661786995
18,Ceuta,1965,0.0,0.0,0.0
19,Melilla,1965,0.0,0.0,0.0
01,Andalucía,1966,2952.2502071293225,0.0,2952.2502071293225
02,Aragón,1966,1248.349337571835,0.0,1248.349337571835
03,Principado de Asturias,1966,555.1006060933037,0.0,555.1006060933037
04,Illes Balears,1966,173.475858117098,0.0,173.475858117098
05,Canarias,1966,0.0,0.0,0.0
06,Cantabria,1966,320.9783767938549,0.0,320.9783767938549
07,Castilla y León,1966,3061.5243075798107,0.0,3061.5243075798107
08,Castilla-La Mancha,1966,1454.7487790478526,0.0,1454.7487790478526
09,Cataluña,1966,1580.5256359432603,0.0,1580.5256359432603
10,Comunitat Valenciana,1966,1142.3233215415387,0.0,1142.3233215415387
11,Extremadura,1966,841.1312176993359,0.0,841.1312176993359
12,Galicia,1966,936.8896534462278,0.0,936.8896534462278
13,Comunidad de Madrid,1966,439.67145077626634,0.0,439.67145077626634
14,Región de Murcia,1966,403.1798934529828,0.0,403.1798934529828
15,Comunidad Foral de Navarra,1966,246.9507204523628,0.0,246.9507204523628
16,País Vasco,1966,715.8864111965377,0.0,715.8864111965377
17,La Rioja,1966,123.22786406147787,0.0,123.22786406147787
18,Ceuta,1966,0.0,0.0,0.0
19,Melilla,1966,0.0,0.0,0.0
01,Andalucía,1967,2952.2502071293225,0.0,2952.2502071293225
02,Aragón,1967,1248.349337571835,0.0,1248.349337571835
03,Principado de Asturias,1967,555.1006060933037,0.0,555.1006060933037
04,Illes Balears,1967,173.475858117098,0.0,173.475858117098
05,Canarias,1967,0.0,0.0,0.0
06,Cantabria,1967,320.9783767938549,0.0,320.9783767938549
07,Castilla y León,1967,3061.5243075798107,0.0,3061.5243075798107
08,Castilla-La Mancha,1967,1454.7487790478526,0.0,1454.7487790478526
09,Cataluña,1967,1580.5256359432603,0.0,1580.5256359432603
10,Comunitat Valenciana,1967,1142.3233215415387,0.0,1142.3233215415387
11,Extremadura,1967,841.1312176993359,0.0,841.1312176993359
12,Galicia,1967,924.0692706285286,0.0,924.0692706285286
13,Comunidad de Madrid,1967,439.67145077626634,0.0,439.67145077626634
14,Región de Murcia,1967,403.1798934529828,0.0,403.1798934529828
15,Comunidad Foral de Navarra,1967,246.9507204523628,0.0,246.9507204523628
16,País Vasco,1967,715.8864111965377,0.0,715.8864111965377
17,La Rioja,1967,123.22786406147787,0.0,123.22786406147787
18,Ceuta,1967,0.0,0.0,0.0
19,Melilla,1967,0.0,0.0,0.0
01,Andalucía,1968,2915.0745221043226,0.0,2915.0745221043226
02,Aragón,1968,1248.349337571835,0.0,1248.349337571835
03,Principado de Asturias,1968,545.7730912396015,0.0,545.7730912396015
04,Illes Balears,1968,137.45100789778147,0.0,137.45100789778147
05,Canarias,1968,0.0,0.0,0.0
06,Cantabria,1968,320.9783767938549,0.0,320.9783767938549
07,Castilla y León,1968,3228.3618297520825,0.0,3228.3618297520825
08,Castilla-La Mancha,1968,1454.7487790478526,0.0,1454.7487790478526
09,Cataluña,1968,1551.988848529783,0.0,1551.988848529783
10,Comunitat Valenciana,1968,1142.3233215415387,0.0,1142.3233215415387
11,Extremadura,1968,841.1312176993359,0.0,841.1312176993359
12,Galicia,1968,946.3100987304384,0.0,946.3100987304384
13,Comunidad de Madrid,1968,533.9166307930924,0.0,533.9166307930924
14,Región de Murcia,1968,403.1798934529828,0.0,403.1798934529828
15,Comunidad Foral de Navarra,1968,222.70462988539956,0.0,222.70462988539956
16,País Vasco,1968,621.1641901223552,0.0,621.1641901223552
17,La Rioja,1968,123.22786406147787,0.0,123.22786406147787
18,Ceuta,1968,0.0,0.0,0.0
19,Melilla,1968,0.0,0.0,0.0
01,Andalucía,1969,2772.8981800408255,0.0,2772.8981800408255
02,Aragón,1969,1248.349337571835,0.0,1248.349337571835
03,Principado de Asturias,1969,545.7730912396015,0.0,545.7730912396015
04,Illes Balears,1969,137.45100789778147,0.0,137.45100789778147
05,Canarias,1969,0.0,0.0,0.0
06,Cantabria,1969,320.9783767938549,0.0,320.9783767938549
07,Castilla y León,1969,3017.7630373851753,0.0,3017.7630373851753
08,Castilla-La Mancha,1969,1454.7487790478526,0.0,1454.7487790478526
09,Cataluña,1969,1464.643519661512,0.0,1464.643519661512
10,Comunitat Valenciana,1969,1060.063729426914,0.0,1060.063729426914
11,Extremadura,1969,841.1312176993359,0.0,841.1312176993359
12,Galicia,1969,946.3100987304384,0.0,946.3100987304384
13,Comunidad de Madrid,1969,531.34560870577,0.0,531.34560870577
14,Región de Murcia,1969,335.43409073835215,0.0,335.43409073835215
15,Comunidad Foral de Navarra,1969,222.70462988539956,0.0,222.70462988539956
16,País Vasco,1969,621.1641901223552,0.0,621.1641901223552
17,La Rioja,1969,123.22786406147787,0.0,123.22786406147787
18,Ceuta,1969,0.0,0.0,0.0
19,Melilla,1969,0.0,0.0,0.0
01,Andalucía,1970,2556.0130370110483,0.0,2556.0130370110483
02,Aragón,1970,1194.7011483153794,0.0,1194.7011483153794
03,Principado de Asturias,1970,545.7730912396015,0.0,545.7730912396015
04,Illes Balears,1970,137.45100789778147,0.0,137.45100789778147
05,Canarias,1970,0.0,0.0,0.0
06,Cantabria,1970,320.9783767938549,0.0,320.9783767938549
07,Castilla y León,1970,3017.7630373851753,0.0,3017.7630373851753
08,Castilla-La Mancha,1970,1379.9942991390662,0.0,1379.9942991390662
09,Cataluña,1970,1464.643519661512,0.0,1464.643519661512
10,Comunitat Valenciana,1970,1060.063729426914,0.0,1060.063729426914
11,Extremadura,1970,802.3837690180916,0.0,802.3837690180916
12,Galicia,1970,946.3100987304384,0.0,946.3100987304384
13,Comunidad de Madrid,1970,491.86111813382263,0.0,491.86111813382263
14,Región de Murcia,1970,335.43409073835215,0.0,335.43409073835215
15,Comunidad Foral de Navarra,1970,222.70462988539956,0.0,222.70462988539956
16,País Vasco,1970,611.4558879551843,0.0,611.4558879551843
17,La Rioja,1970,123.22786406147787,0.0,123.22786406147787
18,Ceuta,1970,0.0,0.0,0.0
19,Melilla,1970,0.0,0.0,0.0
01,Andalucía,1971,2556.0130370110483,0.0,2556.0130370110483
02,Aragón,1971,1190.399527846831,0.0,1190.399527846831
03,Principado de Asturias,1971,545.7730912396015,0.0,545.7730912396015
04,Illes Balears,1971,137.45100789778147,0.0,137.45100789778147
05,Canarias,1971,0.0,0.0,0.0
06,Cantabria,1971,320.9783767938549,0.0,320.9783767938549
07,Castilla y León,1971,3017.7630373851753,0.0,3017.7630373851753
08,Castilla-La Mancha,1971,1379.9942991390662,0.0,1379.9942991390662
09,Cataluña,1971,1464.643519661512,0.0,1464.643519661512
10,Comunitat Valenciana,1971,1060.063729426914,0.0,1060.063729426914
11,Extremadura,1971,802.3837690180916,0.0,802.3837690180916
12,Galicia,1971,946.3100987304384,0.0,946.3100987304384
13,Comunidad de Madrid,1971,491.86111813382263,0.0,491.86111813382263
14,Región de Murcia,1971,267.80127688803395,0.0,267.80127688803395
15,Comunidad Foral de Navarra,1971,222.70462988539956,0.0,222.70462988539956
16,País Vasco,1971,585.7731133595412,0.0,585.7731133595412
17,La Rioja,1971,123.22786406147787,0.0,123.22786406147787
18,Ceuta,1971,0.0,0.0,0.0
19,Melilla,1971,0.0,0.0,0.0
01,Andalucía,1972,2556.0130370110483,0.0,2556.0130370110483
02,Aragón,1972,1068.736656737726,0.0,1068.736656737726
03,Principado de Asturias,1972,590.2679392573623,0.0,590.2679392573623
04,Illes Balears,1972,137.45100789778147,0.0,137.45100789778147
05,Canarias,1972,0.0,0.0,0.0
06,Cantabria,1972,320.9783767938549,0.0,320.9783767938549
07,Castilla y León,1972,3017.7630373851753,0.0,3017.7630373851753
08,Castilla-La Mancha,1972,1379.9942991390662,0.0,1379.9942991390662
09,Cataluña,1972,1449.420495583817,0.0,1449.420495583817
10,Comunitat Valenciana,1972,979.2179243987997,0.0,979.2179243987997
11,Extremadura,1972,802.3837690180916,0.0,802.3837690180916
12,Galicia,1972,946.6228550345726,0.0,946.6228550345726
13,Comunidad de Madrid,1972,491.86111813382263,0.0,491.86111813382263
14,Región de Murcia,1972,267.80127688803395,0.0,267.80127688803395
15,Comunidad Foral de Navarra,1972,209.12803884555174,0.0,209.12803884555174
16,País Vasco,1972,585.7731133595412,0.0,585.7731133595412
17,La Rioja,1972,123.22786406147787,0.0,123.22786406147787
18,Ceuta,1972,0.0,0.0,0.0
19,Melilla,1972,0.0,0.0,0.0
01,Andalucía,1973,2516.662255854604,0.0,2516.662255854604
02,Aragón,1973,1005.7607055682281,0.0,1005.7607055682281
03,Principado de Asturias,1973,592.8177973368205,0.0,592.8177973368205
04,Illes Balears,1973,137.45100789778147,0.0,137.45100789778147
05,Canarias,1973,0.0,0.0,0.0
06,Cantabria,1973,320.9783767938549,0.0,320.9783767938549
07,Castilla y León,1973,3017.7630373851753,0.0,3017.7630373851753
08,Castilla-La Mancha,1973,1379.9942991390662,0.0,1379.9942991390662
09,Cataluña,1973,1369.8164071813233,0.0,1369.8164071813233
10,Comunitat Valenciana,1973,979.2179243987997,0.0,979.2179243987997
11,Extremadura,1973,802.3837690180916,0.0,802.3837690180916
12,Galicia,1973,946.6228550345726,0.0,946.6228550345726
13,Comunidad de Madrid,1973,491.86111813382263,0.0,491.86111813382263
14,Región de Murcia,1973,267.80127688803395,0.0,267.80127688803395
15,Comunidad Foral de Navarra,1973,209.12803884555174,0.0,209.12803884555174
16,País Vasco,1973,585.7731133595412,0.0,585.7731133595412
17,La Rioja,1973,123.22786406147787,0.0,123.22786406147787
18,Ceuta,1973,0.0,0.0,0.0
19,Melilla,1973,0.0,0.0,0.0
01,Andalucía,1974,2381.0567645060823,0.0,2381.0567645060823
02,Aragón,1974,1005.7607055682281,0.0,1005.7607055682281
03,Principado de Asturias,1974,592.8177973368205,0.0,592.8177973368205
04,Illes Balears,1974,137.45100789778147,0.0,137.45100789778147
05,Canarias,1974,0.0,0.0,0.0
06,Cantabria,1974,320.9783767938549,0.0,320.9783767938549
07,Castilla y León,1974,3017.7630373851753,0.0,3017.7630373851753
08,Castilla-La Mancha,1974,1379.9942991390662,0.0,1379.9942991390662
09,Cataluña,1974,1369.8164071813233,0.0,1369.8164071813233
10,Comunitat Valenciana,1974,962.187305710307,0.0,962.187305710307
11,Extremadura,1974,786.3040242829934,0.0,786.3040242829934
12,Galicia,1974,946.6228550345726,0.0,946.6228550345726
13,Comunidad de Madrid,1974,491.86111813382263,0.0,491.86111813382263
14,Región de Murcia,1974,267.80127688803395,0.0,267.80127688803395
15,Comunidad Foral de Navarra,1974,209.12803884555174,0.0,209.12803884555174
16,País Vasco,1974,585.7731133595412,0.0,585.7731133595412
17,La Rioja,1974,123.22786406147787,0.0,123.22786406147787
18,Ceuta,1974,0.0,0.0,0.0
19,Melilla,1974,0.0,0.0,0.0
01,Andalucía,1975,2352.820903384686,0.0,2352.820903384686
02,Aragón,1975,1005.7607055682281,0.0,1005.7607055682281
03,Principado de Asturias,1975,592.8177973368205,0.0,592.8177973368205
04,Illes Balears,1975,137.45100789778147,0.0,137.45100789778147
05,Canarias,1975,0.0,0.0,0.0
06,Cantabria,1975,320.9783767938549,0.0,320.9783767938549
07,Castilla y León,1975,3017.7630373851753,0.0,3017.7630373851753
08,Castilla-La Mancha,1975,1379.9942991390662,0.0,1379.9942991390662
09,Cataluña,1975,1369.8164071813233,0.0,1369.8164071813233
10,Comunitat Valenciana,1975,962.187305710307,0.0,962.187305710307
11,Extremadura,1975,786.3040242829934,0.0,786.3040242829934
12,Galicia,1975,946.6228550345726,0.0,946.6228550345726
13,Comunidad de Madrid,1975,491.86111813382263,0.0,491.86111813382263
14,Región de Murcia,1975,267.80127688803395,0.0,267.80127688803395
15,Comunidad Foral de Navarra,1975,209.12803884555174,0.0,209.12803884555174
16,País Vasco,1975,563.81079743084,0.0,563.81079743084
17,La Rioja,1975,123.22786406147787,0.0,123.22786406147787
18,Ceuta,1975,0.0,0.0,0.0
19,Melilla,1975,0.0,0.0,0.0
01,Andalucía,1976,2352.820903384686,0.0,2352.820903384686
02,Aragón,1976,1005.7607055682281,0.0,1005.7607055682281
03,Principado de Asturias,1976,592.8177973368205,0.0,592.8177973368205
04,Illes Balears,1976,137.45100789778147,0.0,137.45100789778147
05,Canarias,1976,0.0,0.0,0.0
06,Cantabria,1976,273.40079421551025,0.0,273.40079421551025
07,Castilla y León,1976,3008.631265356118,0.0,3008.631265356118
08,Castilla-La Mancha,1976,1379.9942991390662,0.0,1379.9942991390662
09,Cataluña,1976,1361.550358644178,0.0,1361.550358644178
10,Comunitat Valenciana,1976,962.187305710307,0.0,962.187305710307
11,Extremadura,1976,786.3040242829934,0.0,786.3040242829934
12,Galicia,1976,946.6228550345726,0.0,946.6228550345726
13,Comunidad de Madrid,1976,510.858826695238,0.0,510.858826695238
14,Región de Murcia,1976,271.8449369684918,0.0,271.8449369684918
15,Comunidad Foral de Navarra,1976,209.12803884555174,0.0,209.12803884555174
16,País Vasco,1976,563.81079743084,0.0,563.81079743084
17,La Rioja,1976,123.22786406147787,0.0,123.22786406147787
18,Ceuta,1976,0.0,0.0,0.0
19,Melilla,1976,0.0,0.0,0.0
01,Andalucía,1977,2363.6368439528887,0.0,2363.6368439528887
02,Aragón,1977,1005.7607055682281,0.0,1005.7607055682281
03,Principado de Asturias,1977,592.8177973368205,0.0,592.8177973368205
04,Illes Balears,1977,57.08487524545666,0.0,57.08487524545666
05,Canarias,1977,0.0,0.0,0.0
06,Cantabria,1977,273.40079421551025,0.0,273.40079421551025
07,Castilla y León,1977,3008.631265356118,0.0,3008.631265356118
08,Castilla-La Mancha,1977,1379.9942991390662,0.0,1379.9942991390662
09,Cataluña,1977,1361.550358644178,0.0,1361.550358644178
10,Comunitat Valenciana,1977,962.187305710307,0.0,962.187305710307
11,Extremadura,1977,786.3040242829934,0.0,786.3040242829934
12,Galicia,1977,946.6228550345726,0.0,946.6228550345726
13,Comunidad de Madrid,1977,510.858826695238,0.0,510.858826695238
14,Región de Murcia,1977,271.8449369684918,0.0,271.8449369684918
15,Comunidad Foral de Navarra,1977,209.12803884555174,0.0,209.12803884555174
16,País Vasco,1977,563.81079743084,0.0,563.81079743084
17,La Rioja,1977,123.22786406147787,0.0,123.22786406147787
18,Ceuta,1977,0.0,0.0,0.0
19,Melilla,1977,0.0,0.0,0.0
01,Andalucía,1978,2363.6368439528887,0.0,2363.6368439528887
02,Aragón,1978,1005.7607055682281,0.0,1005.7607055682281
03,Principado de Asturias,1978,592.8177973368205,0.0,592.8177973368205
04,Illes Balears,1978,57.08487524545666,0.0,57.08487524545666
05,Canarias,1978,0.0,0.0,0.0
06,Cantabria,1978,273.40079421551025,0.0,273.40079421551025
07,Castilla y León,1978,3008.631265356118,0.0,3008.631265356118
08,Castilla-La Mancha,1978,1379.9942991390662,0.0,1379.9942991390662
09,Cataluña,1978,1361.550358644178,0.0,1361.550358644178
10,Comunitat Valenciana,1978,962.187305710307,0.0,962.187305710307
11,Extremadura,1978,786.3040242829934,0.0,786.3040242829934
12,Galicia,1978,946.6228550345726,0.0,946.6228550345726
13,Comunidad de Madrid,1978,510.858826695238,0.0,510.858826695238
14,Región de Murcia,1978,271.8449369684918,0.0,271.8449369684918
15,Comunidad Foral de Navarra,1978,209.12803884555174,0.0,209.12803884555174
16,País Vasco,1978,563.81079743084,0.0,563.81079743084
17,La Rioja,1978,123.22786406147787,0.0,123.22786406147787
18,Ceuta,1978,0.0,0.0,0.0
19,Melilla,1978,0.0,0.0,0.0
01,Andalucía,1979,2363.6368439528887,0.0,2363.6368439528887
02,Aragón,1979,1005.7607055682281,0.0,1005.7607055682281
03,Principado de Asturias,1979,592.8177973368205,0.0,592.8177973368205
04,Illes Balears,1979,57.08487524545666,0.0,57.08487524545666
05,Canarias,1979,0.0,0.0,0.0
06,Cantabria,1979,273.40079421551025,0.0,273.40079421551025
07,Castilla y León,1979,3008.631265356118,0.0,3008.631265356118
08,Castilla-La Mancha,1979,1379.9942991390662,0.0,1379.9942991390662
09,Cataluña,1979,1361.550358644178,0.0,1361.550358644178
10,Comunitat Valenciana,1979,962.187305710307,0.0,962.187305710307
11,Extremadura,1979,786.3040242829934,0.0,786.3040242829934
12,Galicia,1979,946.6228550345726,0.0,946.6228550345726
13,Comunidad de Madrid,1979,510.858826695238,0.0,510.858826695238
14,Región de Murcia,1979,271.8449369684918,0.0,271.8449369684918
15,Comunidad Foral de Navarra,1979,209.12803884555174,0.0,209.12803884555174
16,País Vasco,1979,563.81079743084,0.0,563.81079743084
17,La Rioja,1979,123.22786406147787,0.0,123.22786406147787
18,Ceuta,1979,0.0,0.0,0.0
19,Melilla,1979,0.0,0.0,0.0
01,Andalucía,1980,2342.2211314314136,0.0,2342.2211314314136
02,Aragón,1980,1005.7607055682281,0.0,1005.7607055682281
03,Principado de Asturias,1980,592.8177973368205,0.0,592.8177973368205
04,Illes Balears,1980,57.08487524545666,0.0,57.08487524545666
05,Canarias,1980,0.0,0.0,0.0
06,Cantabria,1980,273.40079421551025,0.0,273.40079421551025
07,Castilla y León,1980,3008.631265356118,0.0,3008.631265356118
08,Castilla-La Mancha,1980,1379.9942991390662,0.0,1379.9942991390662
09,Cataluña,1980,1350.7294287861102,0.0,1350.7294287861102
10,Comunitat Valenciana,1980,962.187305710307,0.0,962.187305710307
11,Extremadura,1980,786.3040242829934,0.0,786.3040242829934
12,Galicia,1980,946.6228550345726,0.0,946.6228550345726
13,Comunidad de Madrid,1980,510.858826695238,0.0,510.858826695238
14,Región de Murcia,1980,271.8449369684918,0.0,271.8449369684918
15,Comunidad Foral de Navarra,1980,209.12803884555174,0.0,209.12803884555174
16,País Vasco,1980,563.81079743084,0.0,563.81079743084
17,La Rioja,1980,123.22786406147787,0.0,123.22786406147787
18,Ceuta,1980,0.0,0.0,0.0
19,Melilla,1980,0.0,0.0,0.0
01,Andalucía,1981,2342.2211314314136,0.0,2342.2211314314136
02,Aragón,1981,1005.7607055682281,0.0,1005.7607055682281
03,Principado de Asturias,1981,592.8177973368205,0.0,592.8177973368205
04,Illes Balears,1981,28.70021854671794,0.0,28.70021854671794
05,Canarias,1981,0.0,0.0,0.0
06,Cantabria,1981,273.40079421551025,0.0,273.40079421551025
07,Castilla y León,1981,3008.631265356118,0.0,3008.631265356118
08,Castilla-La Mancha,1981,1379.9942991390662,0.0,1379.9942991390662
09,Cataluña,1981,1350.7294287861102,0.0,1350.7294287861102
10,Comunitat Valenciana,1981,962.187305710307,0.0,962.187305710307
11,Extremadura,1981,786.3040242829934,0.0,786.3040242829934
12,Galicia,1981,946.6228550345726,0.0,946.6228550345726
13,Comunidad de Madrid,1981,510.858826695238,0.0,510.858826695238
14,Región de Murcia,1981,271.8449369684918,0.0,271.8449369684918
15,Comunidad Foral de Navarra,1981,209.12803884555174,0.0,209.12803884555174
16,País Vasco,1981,563.81079743084,0.0,563.81079743084
17,La Rioja,1981,123.22786406147787,0.0,123.22786406147787
18,Ceuta,1981,0.0,0.0,0.0
19,Melilla,1981,0.0,0.0,0.0
01,Andalucía,1982,2342.2211314314136,0.0,2342.2211314314136
02,Aragón,1982,1005.7607055682281,0.0,1005.7607055682281
03,Principado de Asturias,1982,592.8177973368205,0.0,592.8177973368205
04,Illes Balears,1982,28.70021854671794,0.0,28.70021854671794
05,Canarias,1982,0.0,0.0,0.0
06,Cantabria,1982,273.40079421551025,0.0,273.40079421551025
07,Castilla y León,1982,3008.631265356118,0.0,3008.631265356118
08,Castilla-La Mancha,1982,1379.9942991390662,0.0,1379.9942991390662
09,Cataluña,1982,1372.1483394657052,0.0,1372.1483394657052
10,Comunitat Valenciana,1982,962.187305710307,0.0,962.187305710307
11,Extremadura,1982,786.3040242829934,0.0,786.3040242829934
12,Galicia,1982,946.6228550345726,0.0,946.6228550345726
13,Comunidad de Madrid,1982,510.858826695238,0.0,510.858826695238
14,Región de Murcia,1982,271.8449369684918,0.0,271.8449369684918
15,Comunidad Foral de Navarra,1982,209.12803884555174,0.0,209.12803884555174
16,País Vasco,1982,563.81079743084,0.0,563.81079743084
17,La Rioja,1982,123.22786406147787,0.0,123.22786406147787
18,Ceuta,1982,0.0,0.0,0.0
19,Melilla,1982,0.0,0.0,0.0
01,Andalucía,1983,2342.2211314314136,0.0,2342.2211314314136
02,Aragón,1983,1005.7607055682281,0.0,1005.7607055682281
03,Principado de Asturias,1983,592.8177973368205,0.0,592.8177973368205
04,Illes Balears,1983,28.70021854671794,0.0,28.70021854671794
05,Canarias,1983,0.0,0.0,0.0
06,Cantabria,1983,273.40079421551025,0.0,273.40079421551025
07,Castilla y León,1983,3008.631265356118,0.0,3008.631265356118
08,Castilla-La Mancha,1983,1379.9942991390662,0.0,1379.9942991390662
09,Cataluña,1983,1372.1483394657052,0.0,1372.1483394657052
10,Comunitat Valenciana,1983,962.187305710307,0.0,962.187305710307
11,Extremadura,1983,786.3040242829934,0.0,786.3040242829934
12,Galicia,1983,946.6228550345726,0.0,946.6228550345726
13,Comunidad de Madrid,1983,510.858826695238,0.0,510.858826695238
14,Región de Murcia,1983,271.8449369684918,0.0,271.8449369684918
15,Comunidad Foral de Navarra,1983,209.12803884555174,0.0,209.12803884555174
16,País Vasco,1983,563.81079743084,0.0,563.81079743084
17,La Rioja,1983,123.22786406147787,0.0,123.22786406147787
18,Ceuta,1983,0.0,0.0,0.0
19,Melilla,1983,0.0,0.0,0.0
01,Andalucía,1984,2061.73738720493,0.0,2061.73738720493
02,Aragón,1984,1005.7607055682281,0.0,1005.7607055682281
03,Principado de Asturias,1984,592.8177973368205,0.0,592.8177973368205
04,Illes Balears,1984,28.70021854671794,0.0,28.70021854671794
05,Canarias,1984,0.0,0.0,0.0
06,Cantabria,1984,273.40079421551025,0.0,273.40079421551025
07,Castilla y León,1984,2735.714862850406,0.0,2735.714862850406
08,Castilla-La Mancha,1984,1361.139069848865,0.0,1361.139069848865
09,Cataluña,1984,1373.6530673328716,0.0,1373.6530673328716
10,Comunitat Valenciana,1984,962.187305710307,0.0,962.187305710307
11,Extremadura,1984,728.3676168704595,0.0,728.3676168704595
12,Galicia,1984,946.6228550345726,0.0,946.6228550345726
13,Comunidad de Madrid,1984,510.858826695238,0.0,510.858826695238
14,Región de Murcia,1984,271.8449369684918,0.0,271.8449369684918
15,Comunidad Foral de Navarra,1984,209.12803884555174,0.0,209.12803884555174
16,País Vasco,1984,563.81079743084,0.0,563.81079743084
17,La Rioja,1984,123.22786406147787,0.0,123.22786406147787
18,Ceuta,1984,0.0,0.0,0.0
19,Melilla,1984,0.0,0.0,0.0
01,Andalucía,1985,1864.5197218159688,0.0,1864.5197218159688
02,Aragón,1985,945.8527108271775,0.0,945.8527108271775
03,Principado de Asturias,1985,592.8177973368205,0.0,592.8177973368205
04,Illes Balears,1985,28.70021854671794,0.0,28.70021854671794
05,Canarias,1985,0.0,0.0,0.0
06,Cantabria,1985,273.40079421551025,0.0,273.40079421551025
07,Castilla y León,1985,2530.4407511548025,0.0,2530.4407511548025
08,Castilla-La Mancha,1985,1361.139069848865,0.0,1361.139069848865
09,Cataluña,1985,1373.6530673328716,0.0,1373.6530673328716
10,Comunitat Valenciana,1985,962.187305710307,0.0,962.187305710307
11,Extremadura,1985,728.3676168704595,0.0,728.3676168704595
12,Galicia,1985,946.6228550345726,0.0,946.6228550345726
13,Comunidad de Madrid,1985,510.858826695238,0.0,510.858826695238
14,Región de Murcia,1985,265.06142623736173,0.0,265.06142623736173
15,Comunidad Foral de Navarra,1985,209.12803884555174,0.0,209.12803884555174
16,País Vasco,1985,563.81079743084,0.0,563.81079743084
17,La Rioja,1985,123.22786406147787,0.0,123.22786406147787
18,Ceuta,1985,0.0,0.0,0.0
19,Melilla,1985,0.0,0.0,0.0
01,Andalucía,1986,1864.5197218159688,0.0,1864.5197218159688
02,Aragón,1986,945.8527108271775,0.0,945.8527108271775
03,Principado de Asturias,1986,586.0088445031149,0.0,586.0088445031149
04,Illes Balears,1986,28.70021854671794,0.0,28.70021854671794
05,Canarias,1986,0.0,0.0,0.0
06,Cantabria,1986,273.40079421551025,0.0,273.40079421551025
07,Castilla y León,1986,2530.4407511548025,0.0,2530.4407511548025
08,Castilla-La Mancha,1986,1361.139069848865,0.0,1361.139069848865
09,Cataluña,1986,1373.6530673328716,0.0,1373.6530673328716
10,Comunitat Valenciana,1986,962.187305710307,0.0,962.187305710307
11,Extremadura,1986,728.3676168704595,0.0,728.3676168704595
12,Galicia,1986,946.6228550345726,0.0,946.6228550345726
13,Comunidad de Madrid,1986,510.858826695238,0.0,510.858826695238
14,Región de Murcia,1986,265.06142623736173,0.0,265.06142623736173
15,Comunidad Foral de Navarra,1986,209.12803884555174,0.0,209.12803884555174
16,País Vasco,1986,563.81079743084,0.0,563.81079743084
17,La Rioja,1986,123.22786406147787,0.0,123.22786406147787
18,Ceuta,1986,0.0,0.0,0.0
19,Melilla,1986,0.0,0.0,0.0
01,Andalucía,1987,1818.3799831223885,0.0,1818.3799831223885
02,Aragón,1987,945.8527108271775,0.0,945.8527108271775
03,Principado de Asturias,1987,580.7677665429576,0.0,580.7677665429576
04,Illes Balears,1987,28.70021854671794,0.0,28.70021854671794
05,Canarias,1987,0.0,0.0,0.0
06,Cantabria,1987,273.40079421551025,0.0,273.40079421551025
07,Castilla y León,1987,2453.9811022706626,0.0,2453.9811022706626
08,Castilla-La Mancha,1987,1361.139069848865,0.0,1361.139069848865
09,Cataluña,1987,1373.6530673328716,0.0,1373.6530673328716
10,Comunitat Valenciana,1987,962.187305710307,0.0,962.187305710307
11,Extremadura,1987,728.3676168704595,0.0,728.3676168704595
12,Galicia,1987,946.6228550345726,0.0,946.6228550345726
13,Comunidad de Madrid,1987,510.858826695238,0.0,510.858826695238
14,Región de Murcia,1987,261.01776615690386,0.0,261.01776615690386
15,Comunidad Foral de Navarra,1987,209.12803884555174,0.0,209.12803884555174
16,País Vasco,1987,563.81079743084,0.0,563.81079743084
17,La Rioja,1987,123.22786406147787,0.0,123.22786406147787
18,Ceuta,1987,0.0,0.0,0.0
19,Melilla,1987,0.0,0.0,0.0
01,Andalucía,1988,1818.8605020390005,0.0,1818.8605020390005
02,Aragón,1988,945.8527108271775,0.0,945.8527108271775
03,Principado de Asturias,1988,580.7677665429576,0.0,580.7677665429576
04,Illes Balears,1988,28.70021854671794,0.0,28.70021854671794
05,Canarias,1988,0.0,0.0,0.0
06,Cantabria,1988,273.40079421551025,0.0,273.40079421551025
07,Castilla y León,1988,2382.426890527996,0.0,2382.426890527996
08,Castilla-La Mancha,1988,1229.0782177484298,0.0,1229.0782177484298
09,Cataluña,1988,1373.6530673328716,0.0,1373.6530673328716
10,Comunitat Valenciana,1988,962.187305710307,0.0,962.187305710307
11,Extremadura,1988,728.3676168704595,0.0,728.3676168704595
12,Galicia,1988,946.6228550345726,0.0,946.6228550345726
13,Comunidad de Madrid,1988,501.19143259238007,0.0,501.19143259238007
14,Región de Murcia,1988,261.01776615690386,0.0,261.01776615690386
15,Comunidad Foral de Navarra,1988,209.12803884555174,0.0,209.12803884555174
16,País Vasco,1988,534.8786578630059,0.0,534.8786578630059
17,La Rioja,1988,123.22786406147787,0.0,123.22786406147787
18,Ceuta,1988,0.0,0.0,0.0
19,Melilla,1988,0.0,0.0,0.0
01,Andalucía,1989,1818.8605020390005,0.0,1818.8605020390005
02,Aragón,1989,945.8527108271775,0.0,945.8527108271775
03,Principado de Asturias,1989,580.7677665429576,0.0,580.7677665429576
04,Illes Balears,1989,28.70021854671794,0.0,28.70021854671794
05,Canarias,1989,0.0,0.0,0.0
06,Cantabria,1989,273.40079421551025,0.0,273.40079421551025
07,Castilla y León,1989,2382.426890527996,0.0,2382.426890527996
08,Castilla-La Mancha,1989,1229.0782177484298,0.0,1229.0782177484298
09,Cataluña,1989,1362.924672670005,0.0,1362.924672670005
10,Comunitat Valenciana,1989,962.187305710307,0.0,962.187305710307
11,Extremadura,1989,728.3676168704595,0.0,728.3676168704595
12,Galicia,1989,946.6228550345726,0.0,946.6228550345726
13,Comunidad de Madrid,1989,501.19143259238007,0.0,501.19143259238007
14,Región de Murcia,1989,261.01776615690386,0.0,261.01776615690386
15,Comunidad Foral de Navarra,1989,209.12803884555174,0.0,209.12803884555174
16,País Vasco,1989,534.8786578630059,0.0,534.8786578630059
17,La Rioja,1989,123.22786406147787,0.0,123.22786406147787
18,Ceuta,1989,0.0,0.0,0.0
19,Melilla,1989,0.0,0.0,0.0
01,Andalucía,1990,1798.5745203071126,0.0,1798.5745203071126
02,Aragón,1990,945.8527108271775,0.0,945.8527108271775
03,Principado de Asturias,1990,579.5647123169159,0.0,579.5647123169159
04,Illes Balears,1990,28.70021854671794,0.0,28.70021854671794
05,Canarias,1990,0.0,0.0,0.0
06,Cantabria,1990,273.40079421551025,0.0,273.40079421551025
07,Castilla y León,1990,2382.426890527996,0.0,2382.426890527996
08,Castilla-La Mancha,1990,1204.7055405398216,0.0,1204.7055405398216
09,Cataluña,1990,1362.924672670005,0.0,1362.924672670005
10,Comunitat Valenciana,1990,962.187305710307,0.0,962.187305710307
11,Extremadura,1990,728.3676168704595,0.0,728.3676168704595
12,Galicia,1990,946.6228550345726,0.0,946.6228550345726
13,Comunidad de Madrid,1990,501.19143259238007,0.0,501.19143259238007
14,Región de Murcia,1990,261.01776615690386,0.0,261.01776615690386
15,Comunidad Foral de Navarra,1990,209.12803884555174,0.0,209.12803884555174
16,País Vasco,1990,534.8786578630059,0.0,534.8786578630059
17,La Rioja,1990,123.22786406147787,0.0,123.22786406147787
18,Ceuta,1990,0.0,0.0,0.0
19,Melilla,1990,0.0,0.0,0.0
01,Andalucía,1991,1798.5745203071126,0.0,1798.5745203071126
02,Aragón,1991,945.8527108271775,0.0,945.8527108271775
03,Principado de Asturias,1991,579.5647123169159,0.0,579.5647123169159
04,Illes Balears,1991,28.70021854671794,0.0,28.70021854671794
05,Canarias,1991,0.0,0.0,0.0
06,Cantabria,1991,273.40079421551025,0.0,273.40079421551025
07,Castilla y León,1991,2382.426890527996,0.0,2382.426890527996
08,Castilla-La Mancha,1991,1204.7055405398216,0.0,1204.7055405398216
09,Cataluña,1991,1362.924672670005,0.0,1362.924672670005
10,Comunitat Valenciana,1991,962.187305710307,0.0,962.187305710307
11,Extremadura,1991,728.3676168704595,0.0,728.3676168704595
12,Galicia,1991,946.6228550345726,0.0,946.6228550345726
13,Comunidad de Madrid,1991,501.19143259238007,0.0,501.19143259238007
14,Región de Murcia,1991,261.01776615690386,0.0,261.01776615690386
15,Comunidad Foral de Navarra,1991,209.12803884555174,0.0,209.12803884555174
16,País Vasco,1991,534.8786578630059,0.0,534.8786578630059
17,La Rioja,1991,123.22786406147787,0.0,123.22786406147787
18,Ceuta,1991,0.0,0.0,0.0
19,Melilla,1991,0.0,0.0,0.0
01,Andalucía,1992,1960.5916590646116,203.82583166680416,1756.7658273978075
02,Aragón,1992,945.8527108271775,0.0,945.8527108271775
03,Principado de Asturias,1992,579.5647123169159,0.0,579.5647123169159
04,Illes Balears,1992,28.70021854671794,0.0,28.70021854671794
05,Canarias,1992,0.0,0.0,0.0
06,Cantabria,1992,273.40079421551025,0.0,273.40079421551025
07,Castilla y León,1992,2382.426890527996,0.0,2382.426890527996
08,Castilla-La Mancha,1992,1428.931125398139,224.2255848583175,1204.7055405398216
09,Cataluña,1992,1362.924672670005,0.0,1362.924672670005
10,Comunitat Valenciana,1992,962.187305710307,0.0,962.187305710307
11,Extremadura,1992,728.3676168704595,0.0,728.3676168704595
12,Galicia,1992,946.6228550345726,0.0,946.6228550345726
13,Comunidad de Madrid,1992,535.1112261768193,33.919793584439205,501.19143259238007
14,Región de Murcia,1992,261.01776615690386,0.0,261.01776615690386
15,Comunidad Foral de Navarra,1992,209.12803884555174,0.0,209.12803884555174
16,País Vasco,1992,534.8786578630059,0.0,534.8786578630059
17,La Rioja,1992,123.22786406147787,0.0,123.22786406147787
18,Ceuta,1992,0.0,0.0,0.0
19,Melilla,1992,0.0,0.0,0.0
01,Andalucía,1993,1960.5916590646116,203.82583166680416,1756.7658273978075
02,Aragón,1993,945.8527108271775,0.0,945.8527108271775
03,Principado de Asturias,1993,579.5647123169159,0.0,579.5647123169159
04,Illes Balears,1993,28.70021854671794,0.0,28.70021854671794
05,Canarias,1993,0.0,0.0,0.0
06,Cantabria,1993,273.40079421551025,0.0,273.40079421551025
07,Castilla y León,1993,2295.9205279726593,0.0,2295.9205279726593
08,Castilla-La Mancha,1993,1428.931125398139,224.2255848583175,1204.7055405398216
09,Cataluña,1993,1362.924672670005,0.0,1362.924672670005
10,Comunitat Valenciana,1993,962.187305710307,0.0,962.187305710307
11,Extremadura,1993,728.3676168704595,0.0,728.3676168704595
12,Galicia,1993,946.6228550345726,0.0,946.6228550345726
13,Comunidad de Madrid,1993,535.1112261768193,33.919793584439205,501.19143259238007
14,Región de Murcia,1993,261.01776615690386,0.0,261.01776615690386
15,Comunidad Foral de Navarra,1993,209.12803884555174,0.0,209.12803884555174
16,País Vasco,1993,534.8786578630059,0.0,534.8786578630059
17,La Rioja,1993,123.22786406147787,0.0,123.22786406147787
18,Ceuta,1993,0.0,0.0,0.0
19,Melilla,1993,0.0,0.0,0.0
01,Andalucía,1994,1960.5916590646116,203.82583166680416,1756.7658273978075
02,Aragón,1994,945.8527108271775,0.0,945.8527108271775
03,Principado de Asturias,1994,579.5647123169159,0.0,579.5647123169159
04,Illes Balears,1994,28.70021854671794,0.0,28.70021854671794
05,Canarias,1994,0.0,0.0,0.0
06,Cantabria,1994,273.40079421551025,0.0,273.40079421551025
07,Castilla y León,1994,2295.9205279726593,0.0,2295.9205279726593
08,Castilla-La Mancha,1994,1428.931125398139,224.2255848583175,1204.7055405398216
09,Cataluña,1994,1362.924672670005,0.0,1362.924672670005
10,Comunitat Valenciana,1994,962.187305710307,0.0,962.187305710307
11,Extremadura,1994,728.3676168704595,0.0,728.3676168704595
12,Galicia,1994,946.6228550345726,0.0,946.6228550345726
13,Comunidad de Madrid,1994,535.1112261768193,33.919793584439205,501.19143259238007
14,Región de Murcia,1994,261.01776615690386,0.0,261.01776615690386
15,Comunidad Foral de Navarra,1994,209.12803884555174,0.0,209.12803884555174
16,País Vasco,1994,534.8786578630059,0.0,534.8786578630059
17,La Rioja,1994,123.22786406147787,0.0,123.22786406147787
18,Ceuta,1994,0.0,0.0,0.0
19,Melilla,1994,0.0,0.0,0.0
01,Andalucía,1995,1960.5916590646116,203.82583166680416,1756.7658273978075
02,Aragón,1995,883.059582704556,0.0,883.059582704556
03,Principado de Asturias,1995,576.597373045088,0.0,576.597373045088
04,Illes Balears,1995,28.70021854671794,0.0,28.70021854671794
05,Canarias,1995,0.0,0.0,0.0
06,Cantabria,1995,273.40079421551025,0.0,273.40079421551025
07,Castilla y León,1995,2100.4535963632648,0.0,2100.4535963632648
08,Castilla-La Mancha,1995,1428.931125398139,224.2255848583175,1204.7055405398216
09,Cataluña,1995,1363.8139594279917,0.0,1363.8139594279917
10,Comunitat Valenciana,1995,949.4226636849323,0.0,949.4226636849323
11,Extremadura,1995,728.3676168704595,0.0,728.3676168704595
12,Galicia,1995,946.6228550345726,0.0,946.6228550345726
13,Comunidad de Madrid,1995,535.1112261768193,33.919793584439205,501.19143259238007
14,Región de Murcia,1995,261.01776615690386,0.0,261.01776615690386
15,Comunidad Foral de Navarra,1995,209.12803884555174,0.0,209.12803884555174
16,País Vasco,1995,534.8786578630059,0.0,534.8786578630059
17,La Rioja,1995,123.22786406147787,0.0,123.22786406147787
18,Ceuta,1995,0.0,0.0,0.0
19,Melilla,1995,0.0,0.0,0.0
01,Andalucía,1996,1960.5916590646116,203.82583166680416,1756.7658273978075
02,Aragón,1996,874.8146858262135,0.0,874.8146858262135
03,Principado de Asturias,1996,576.597373045088,0.0,576.597373045088
04,Illes Balears,1996,28.70021854671794,0.0,28.70021854671794
05,Canarias,1996,0.0,0.0,0.0
06,Cantabria,1996,273.40079421551025,0.0,273.40079421551025
07,Castilla y León,1996,2046.4302171810139,0.0,2046.4302171810139
08,Castilla-La Mancha,1996,1428.931125398139,224.2255848583175,1204.7055405398216
09,Cataluña,1996,1363.8139594279917,0.0,1363.8139594279917
10,Comunitat Valenciana,1996,949.4226636849323,0.0,949.4226636849323
11,Extremadura,1996,728.3676168704595,0.0,728.3676168704595
12,Galicia,1996,946.6228550345726,0.0,946.6228550345726
13,Comunidad de Madrid,1996,535.1112261768193,33.919793584439205,501.19143259238007
14,Región de Murcia,1996,261.01776615690386,0.0,261.01776615690386
15,Comunidad Foral de Navarra,1996,188.83433846896992,0.0,188.83433846896992
16,País Vasco,1996,534.8786578630059,0.0,534.8786578630059
17,La Rioja,1996,115.69415766275554,0.0,115.69415766275554
18,Ceuta,1996,0.0,0.0,0.0
19,Melilla,1996,0.0,0.0,0.0
01,Andalucía,1997,1960.5916590646116,203.82583166680416,1756.7658273978075
02,Aragón,1997,874.8146858262135,0.0,874.8146858262135
03,Principado de Asturias,1997,576.597373045088,0.0,576.597373045088
04,Illes Balears,1997,28.70021854671794,0.0,28.70021854671794
05,Canarias,1997,0.0,0.0,0.0
06,Cantabria,1997,273.40079421551025,0.0,273.40079421551025
07,Castilla y León,1997,2046.4302171810139,0.0,2046.4302171810139
08,Castilla-La Mancha,1997,1428.931125398139,224.2255848583175,1204.7055405398216
09,Cataluña,1997,1363.8139594279917,0.0,1363.8139594279917
10,Comunitat Valenciana,1997,949.4226636849323,0.0,949.4226636849323
11,Extremadura,1997,728.3676168704595,0.0,728.3676168704595
12,Galicia,1997,946.6228550345726,0.0,946.6228550345726
13,Comunidad de Madrid,1997,460.2913772014394,33.919793584439205,426.37158361700017
14,Región de Murcia,1997,261.01776615690386,0.0,261.01776615690386
15,Comunidad Foral de Navarra,1997,188.83433846896992,0.0,188.83433846896992
16,País Vasco,1997,534.8786578630059,0.0,534.8786578630059
17,La Rioja,1997,115.69415766275554,0.0,115.69415766275554
18,Ceuta,1997,0.0,0.0,0.0
19,Melilla,1997,0.0,0.0,0.0
01,Andalucía,1998,1960.5916590646116,203.82583166680416,1756.7658273978075
02,Aragón,1998,874.8146858262135,0.0,874.8146858262135
03,Principado de Asturias,1998,576.597373045088,0.0,576.597373045088
04,Illes Balears,1998,28.70021854671794,0.0,28.70021854671794
05,Canarias,1998,0.0,0.0,0.0
06,Cantabria,1998,273.40079421551025,0.0,273.40079421551025
07,Castilla y León,1998,2046.4302171810139,0.0,2046.4302171810139
08,Castilla-La Mancha,1998,1428.931125398139,224.2255848583175,1204.7055405398216
09,Cataluña,1998,1363.8139594279917,0.0,1363.8139594279917
10,Comunitat Valenciana,1998,938.5778096313489,0.0,938.5778096313489
11,Extremadura,1998,728.3676168704595,0.0,728.3676168704595
12,Galicia,1998,946.6228550345726,0.0,946.6228550345726
13,Comunidad de Madrid,1998,460.2913772014394,33.919793584439205,426.37158361700017
14,Región de Murcia,1998,261.01776615690386,0.0,261.01776615690386
15,Comunidad Foral de Navarra,1998,188.83433846896992,0.0,188.83433846896992
16,País Vasco,1998,534.8786578630059,0.0,534.8786578630059
17,La Rioja,1998,115.69415766275554,0.0,115.69415766275554
18,Ceuta,1998,0.0,0.0,0.0
19,Melilla,1998,0.0,0.0,0.0
01,Andalucía,1999,1960.5916590646116,203.82583166680416,1756.7658273978075
02,Aragón,1999,874.8146858262135,0.0,874.8146858262135
03,Principado de Asturias,1999,576.597373045088,0.0,576.597373045088
04,Illes Balears,1999,28.70021854671794,0.0,28.70021854671794
05,Canarias,1999,0.0,0.0,0.0
06,Cantabria,1999,273.40079421551025,0.0,273.40079421551025
07,Castilla y León,1999,2046.4302171810139,0.0,2046.4302171810139
08,Castilla-La Mancha,1999,1428.931125398139,224.2255848583175,1204.7055405398216
09,Cataluña,1999,1363.8139594279917,0.0,1363.8139594279917
10,Comunitat Valenciana,1999,938.5778096313489,0.0,938.5778096313489
11,Extremadura,1999,728.3676168704595,0.0,728.3676168704595
12,Galicia,1999,946.6228550345726,0.0,946.6228550345726
13,Comunidad de Madrid,1999,460.2913772014394,33.919793584439205,426.37158361700017
14,Región de Murcia,1999,261.01776615690386,0.0,261.01776615690386
15,Comunidad Foral de Navarra,1999,188.83433846896992,0.0,188.83433846896992
16,País Vasco,1999,534.2010547837618,0.0,534.2010547837618
17,La Rioja,1999,115.69415766275554,0.0,115.69415766275554
18,Ceuta,1999,0.0,0.0,0.0
19,Melilla,1999,0.0,0.0,0.0
01,Andalucía,2000,1960.5916590646116,203.82583166680416,1756.7658273978075
02,Aragón,2000,874.8146858262135,0.0,874.8146858262135
03,Principado de Asturias,2000,576.597373045088,0.0,576.597373045088
04,Illes Balears,2000,56.37521338477188,0.0,56.37521338477188
05,Canarias,2000,0.0,0.0,0.0
06,Cantabria,2000,273.40079421551025,0.0,273.40079421551025
07,Castilla y León,2000,2046.4302171810139,0.0,2046.4302171810139
08,Castilla-La Mancha,2000,1428.931125398139,224.2255848583175,1204.7055405398216
09,Cataluña,2000,1363.8139594279917,0.0,1363.8139594279917
10,Comunitat Valenciana,2000,938.4444425235292,0.0,938.4444425235292
11,Extremadura,2000,728.3676168704595,0.0,728.3676168704595
12,Galicia,2000,946.6228550345726,0.0,946.6228550345726
13,Comunidad de Madrid,2000,460.2913772014394,33.919793584439205,426.37158361700017
14,Región de Murcia,2000,261.01776615690386,0.0,261.01776615690386
15,Comunidad Foral de Navarra,2000,188.83433846896992,0.0,188.83433846896992
16,País Vasco,2000,534.2010547837618,0.0,534.2010547837618
17,La Rioja,2000,115.69415766275554,0.0,115.69415766275554
18,Ceuta,2000,0.0,0.0,0.0
19,Melilla,2000,0.0,0.0,0.0
01,Andalucía,2001,1960.5916590646116,203.82583166680416,1756.7658273978075
02,Aragón,2001,952.974109536158,78.15942370994463,874.8146858262135
03,Principado de Asturias,2001,576.597373045088,0.0,576.597373045088
04,Illes Balears,2001,73.6422768711219,0.0,73.6422768711219
05,Canarias,2001,0.0,0.0,0.0
06,Cantabria,2001,273.40079421551025,0.0,273.40079421551025
07,Castilla y León,2001,2046.4302171810139,0.0,2046.4302171810139
08,Castilla-La Mancha,2001,1428.931125398139,224.2255848583175,1204.7055405398216
09,Cataluña,2001,1363.8139594279917,0.0,1363.8139594279917
10,Comunitat Valenciana,2001,938.4444425235292,0.0,938.4444425235292
11,Extremadura,2001,728.3676168704595,0.0,728.3676168704595
12,Galicia,2001,946.6228550345726,0.0,946.6228550345726
13,Comunidad de Madrid,2001,460.2913772014394,33.919793584439205,426.37158361700017
14,Región de Murcia,2001,261.01776615690386,0.0,261.01776615690386
15,Comunidad Foral de Navarra,2001,188.83433846896992,0.0,188.83433846896992
16,País Vasco,2001,534.2010547837618,0.0,534.2010547837618
17,La Rioja,2001,115.69415766275554,0.0,115.69415766275554
18,Ceuta,2001,0.0,0.0,0.0
19,Melilla,2001,0.0,0.0,0.0
01,Andalucía,2002,1960.5916590646116,203.82583166680416,1756.7658273978075
02,Aragón,2002,952.974109536158,78.15942370994463,874.8146858262135
03,Principado de Asturias,2002,576.597373045088,0.0,576.597373045088
04,Illes Balears,2002,82.06722981670823,0.0,82.06722981670823
05,Canarias,2002,0.0,0.0,0.0
06,Cantabria,2002,273.40079421551025,0.0,273.40079421551025
07,Castilla y León,2002,2046.4302171810139,0.0,2046.4302171810139
08,Castilla-La Mancha,2002,1428.931125398139,224.2255848583175,1204.7055405398216
09,Cataluña,2002,1363.8139594279917,0.0,1363.8139594279917
10,Comunitat Valenciana,2002,938.4444425235292,0.0,938.4444425235292
11,Extremadura,2002,728.3676168704595,0.0,728.3676168704595
12,Galicia,2002,946.6228550345726,0.0,946.6228550345726
13,Comunidad de Madrid,2002,460.2913772014394,33.919793584439205,426.37158361700017
14,Región de Murcia,2002,261.01776615690386,0.0,261.01776615690386
15,Comunidad Foral de Navarra,2002,188.83433846896992,0.0,188.83433846896992
16,País Vasco,2002,534.2010547837618,0.0,534.2010547837618
17,La Rioja,2002,115.69415766275554,0.0,115.69415766275554
18,Ceuta,2002,0.0,0.0,0.0
19,Melilla,2002,0.0,0.0,0.0
01,Andalucía,2003,1960.5916590646116,203.82583166680416,1756.7658273978075
02,Aragón,2003,1210.8394114082253,336.02472558201174,874.8146858262135
03,Principado de Asturias,2003,576.597373045088,0.0,576.597373045088
04,Illes Balears,2003,102.30266387581453,0.0,102.30266387581453
05,Canarias,2003,0.0,0.0,0.0
06,Cantabria,2003,273.40079421551025,0.0,273.40079421551025
07,Castilla y León,2003,2074.695038058525,28.264820877511063,2046.4302171810139
08,Castilla-La Mancha,2003,1518.3760378635375,313.6704973237159,1204.7055405398216
09,Cataluña,2003,1386.7095594740244,22.895600046032655,1363.8139594279917
10,Comunitat Valenciana,2003,938.4444425235292,0.0,938.4444425235292
11,Extremadura,2003,728.3676168704595,0.0,728.3676168704595
12,Galicia,2003,950.421870573262,0.0,950.421870573262
13,Comunidad de Madrid,2003,507.98350255482023,81.61191893782006,426.37158361700017
14,Región de Murcia,2003,261.01776615690386,0.0,261.01776615690386
15,Comunidad Foral de Navarra,2003,188.83433846896992,0.0,188.83433846896992
16,País Vasco,2003,531.706672480094,0.0,531.706672480094
17,La Rioja,2003,115.69415766275554,0.0,115.69415766275554
18,Ceuta,2003,0.0,0.0,0.0
19,Melilla,2003,0.0,0.0,0.0
01,Andalucía,2004,1960.5916590646116,203.82583166680416,1756.7658273978075
02,Aragón,2004,1210.8394114082253,336.02472558201174,874.8146858262135
03,Principado de Asturias,2004,576.597373045088,0.0,576.597373045088
04,Illes Balears,2004,102.30266387581453,0.0,102.30266387581453
05,Canarias,2004,0.0,0.0,0.0
06,Cantabria,2004,273.40079421551025,0.0,273.40079421551025
07,Castilla y León,2004,2074.695038058525,28.264820877511063,2046.4302171810139
08,Castilla-La Mancha,2004,1518.3760378635375,313.6704973237159,1204.7055405398216
09,Cataluña,2004,1379.7672415362022,22.895600046032655,1356.8716414901694
10,Comunitat Valenciana,2004,938.4444425235292,0.0,938.4444425235292
11,Extremadura,2004,728.3676168704595,0.0,728.3676168704595
12,Galicia,2004,950.421870573262,0.0,950.421870573262
13,Comunidad de Madrid,2004,507.98350255482023,81.61191893782006,426.37158361700017
14,Región de Murcia,2004,261.01776615690386,0.0,261.01776615690386
15,Comunidad Foral de Navarra,2004,188.83433846896992,0.0,188.83433846896992
16,País Vasco,2004,531.706672480094,0.0,531.706672480094
17,La Rioja,2004,115.69415766275554,0.0,115.69415766275554
18,Ceuta,2004,0.0,0.0,0.0
19,Melilla,2004,0.0,0.0,0.0
01,Andalucía,2005,1960.5916590646116,203.82583166680416,1756.7658273978075
02,Aragón,2005,1210.8394114082253,336.02472558201174,874.8146858262135
03,Principado de Asturias,2005,576.597373045088,0.0,576.597373045088
04,Illes Balears,2005,102.30266387581453,0.0,102.30266387581453
05,Canarias,2005,0.0,0.0,0.0
06,Cantabria,2005,273.40079421551025,0.0,273.40079421551025
07,Castilla y León,2005,2074.695038058525,28.264820877511063,2046.4302171810139
08,Castilla-La Mancha,2005,1531.8712789199303,327.1657383801087,1204.7055405398216
09,Cataluña,2005,1379.7672415362022,22.895600046032655,1356.8716414901694
10,Comunitat Valenciana,2005,938.4444425235292,0.0,938.4444425235292
11,Extremadura,2005,728.3676168704595,0.0,728.3676168704595
12,Galicia,2005,950.421870573262,0.0,950.421870573262
13,Comunidad de Madrid,2005,507.98350255482023,81.61191893782006,426.37158361700017
14,Región de Murcia,2005,261.01776615690386,0.0,261.01776615690386
15,Comunidad Foral de Navarra,2005,188.83433846896992,0.0,188.83433846896992
16,País Vasco,2005,531.706672480094,0.0,531.706672480094
17,La Rioja,2005,115.69415766275554,0.0,115.69415766275554
18,Ceuta,2005,0.0,0.0,0.0
19,Melilla,2005,0.0,0.0,0.0
01,Andalucía,2006,2054.2379274678624,297.47210007005486,1756.7658273978075
02,Aragón,2006,1210.8394114082253,336.02472558201174,874.8146858262135
03,Principado de Asturias,2006,576.597373045088,0.0,576.597373045088
04,Illes Balears,2006,102.30266387581453,0.0,102.30266387581453
05,Canarias,2006,0.0,0.0,0.0
06,Cantabria,2006,273.40079421551025,0.0,273.40079421551025
07,Castilla y León,2006,2074.695038058525,28.264820877511063,2046.4302171810139
08,Castilla-La Mancha,2006,1531.8712789199303,327.1657383801087,1204.7055405398216
09,Cataluña,2006,1469.4420633899729,112.57042189980348,1356.8716414901694
10,Comunitat Valenciana,2006,938.4444425235292,0.0,938.4444425235292
11,Extremadura,2006,728.3676168704595,0.0,728.3676168704595
12,Galicia,2006,932.1946385122992,0.0,932.1946385122992
13,Comunidad de Madrid,2006,507.98350255482023,81.61191893782006,426.37158361700017
14,Región de Murcia,2006,261.01776615690386,0.0,261.01776615690386
15,Comunidad Foral de Navarra,2006,188.83433846896992,0.0,188.83433846896992
16,País Vasco,2006,531.706672480094,0.0,531.706672480094
17,La Rioja,2006,115.69415766275554,0.0,115.69415766275554
18,Ceuta,2006,0.0,0.0,0.0
19,Melilla,2006,0.0,0.0,0.0
01,Andalucía,2007,2079.7686399900435,354.43395379878086,1725.3346861912628
02,Aragón,2007,1210.8394114082253,336.02472558201174,874.8146858262135
03,Principado de Asturias,2007,576.597373045088,0.0,576.597373045088
04,Illes Balears,2007,102.30266387581453,0.0,102.30266387581453
05,Canarias,2007,0.0,0.0,0.0
06,Cantabria,2007,273.40079421551025,0.0,273.40079421551025
07,Castilla y León,2007,2196.51688689506,150.08666971404622,2046.4302171810139
08,Castilla-La Mancha,2007,1531.8712789199303,327.1657383801087,1204.7055405398216
09,Cataluña,2007,1469.4420633899729,112.57042189980348,1356.8716414901694
10,Comunitat Valenciana,2007,938.4444425235292,0.0,938.4444425235292
11,Extremadura,2007,728.3676168704595,0.0,728.3676168704595
12,Galicia,2007,932.1946385122992,0.0,932.1946385122992
13,Comunidad de Madrid,2007,569.0213379191437,142.64949773439213,426.37184018475153
14,Región de Murcia,2007,261.01776615690386,0.0,261.01776615690386
15,Comunidad Foral de Navarra,2007,188.83433846896992,0.0,188.83433846896992
16,País Vasco,2007,531.706672480094,0.0,531.706672480094
17,La Rioja,2007,115.69415766275554,0.0,115.69415766275554
18,Ceuta,2007,0.0,0.0,0.0
19,Melilla,2007,0.0,0.0,0.0
01,Andalucía,2008,2079.7686399900435,354.43395379878086,1725.3346861912628
02,Aragón,2008,1210.8394114082253,336.02472558201174,874.8146858262135
03,Principado de Asturias,2008,576.597373045088,0.0,576.597373045088
04,Illes Balears,2008,102.30266387581453,0.0,102.30266387581453
05,Canarias,2008,0.0,0.0,0.0
06,Cantabria,2008,273.40079421551025,0.0,273.40079421551025
07,Castilla y León,2008,2195.321874911582,150.08666971404622,2045.2352051975358
08,Castilla-La Mancha,2008,1531.8712789199303,327.1657383801087,1204.7055405398216
09,Cataluña,2008,1566.0249216644975,209.1532801743282,1356.8716414901694
10,Comunitat Valenciana,2008,938.4444425235292,0.0,938.4444425235292
11,Extremadura,2008,728.3676168704595,0.0,728.3676168704595
12,Galicia,2008,932.1946385122992,0.0,932.1946385122992
13,Comunidad de Madrid,2008,569.0213379191437,142.64949773439213,426.37184018475153
14,Región de Murcia,2008,261.01776615690386,0.0,261.01776615690386
15,Comunidad Foral de Navarra,2008,188.83433846896992,0.0,188.83433846896992
16,País Vasco,2008,531.706672480094,0.0,531.706672480094
17,La Rioja,2008,115.69415766275554,0.0,115.69415766275554
18,Ceuta,2008,0.0,0.0,0.0
19,Melilla,2008,0.0,0.0,0.0
01,Andalucía,2009,2079.7686399900435,354.43395379878086,1725.3346861912628
02,Aragón,2009,1210.8394114082253,336.02472558201174,874.8146858262135
03,Principado de Asturias,2009,576.597373045088,0.0,576.597373045088
04,Illes Balears,2009,102.30266387581453,0.0,102.30266387581453
05,Canarias,2009,0.0,0.0,0.0
06,Cantabria,2009,273.40079421551025,0.0,273.40079421551025
07,Castilla y León,2009,2195.321874911582,150.08666971404622,2045.2352051975358
08,Castilla-La Mancha,2009,1531.8712789199303,327.1657383801087,1204.7055405398216
09,Cataluña,2009,1566.0249216644975,209.1532801743282,1356.8716414901694
10,Comunitat Valenciana,2009,938.4444425235292,0.0,938.4444425235292
11,Extremadura,2009,728.3676168704595,0.0,728.3676168704595
12,Galicia,2009,932.1946385122992,0.0,932.1946385122992
13,Comunidad de Madrid,2009,569.0213379191437,142.64949773439213,426.37184018475153
14,Región de Murcia,2009,261.01776615690386,0.0,261.01776615690386
15,Comunidad Foral de Navarra,2009,188.83433846896992,0.0,188.83433846896992
16,País Vasco,2009,531.706672480094,0.0,531.706672480094
17,La Rioja,2009,115.69415766275554,0.0,115.69415766275554
18,Ceuta,2009,0.0,0.0,0.0
19,Melilla,2009,0.0,0.0,0.0
01,Andalucía,2010,2079.7686399900435,354.43395379878086,1725.3346861912628
02,Aragón,2010,1210.8394114082253,336.02472558201174,874.8146858262135
03,Principado de Asturias,2010,576.597373045088,0.0,576.597373045088
04,Illes Balears,2010,102.30266387581453,0.0,102.30266387581453
05,Canarias,2010,0.0,0.0,0.0
06,Cantabria,2010,273.40079421551025,0.0,273.40079421551025
07,Castilla y León,2010,2195.321874911582,150.08666971404622,2045.2352051975358
08,Castilla-La Mancha,2010,1841.7443333917429,637.0387928519212,1204.7055405398216
09,Cataluña,2010,1566.0249216644975,209.1532801743282,1356.8716414901694
10,Comunitat Valenciana,2010,1039.2104343646265,100.35394541768117,938.8564889469453
11,Extremadura,2010,728.3676168704595,0.0,728.3676168704595
12,Galicia,2010,932.1946385122992,0.0,932.1946385122992
13,Comunidad de Madrid,2010,582.5275678342036,156.15572764945205,426.37184018475153
14,Región de Murcia,2010,261.01776615690386,0.0,261.01776615690386
15,Comunidad Foral de Navarra,2010,188.83433846896992,0.0,188.83433846896992
16,País Vasco,2010,531.706672480094,0.0,531.706672480094
17,La Rioja,2010,115.69415766275554,0.0,115.69415766275554
18,Ceuta,2010,0.0,0.0,0.0
19,Melilla,2010,0.0,0.0,0.0
01,Andalucía,2011,2079.7686399900435,354.43395379878086,1725.3346861912628
02,Aragón,2011,1210.8394114082253,336.02472558201174,874.8146858262135
03,Principado de Asturias,2011,571.1030509223298,0.0,571.1030509223298
04,Illes Balears,2011,102.30266387581453,0.0,102.30266387581453
05,Canarias,2011,0.0,0.0,0.0
06,Cantabria,2011,273.40079421551025,0.0,273.40079421551025
07,Castilla y León,2011,2086.0582025241665,150.08666971404622,1935.9715328101204
08,Castilla-La Mancha,2011,1841.7443333917429,637.0387928519212,1204.7055405398216
09,Cataluña,2011,1566.0249216644975,209.1532801743282,1356.8716414901694
10,Comunitat Valenciana,2011,1039.2104343646265,100.35394541768117,938.8564889469453
11,Extremadura,2011,728.3676168704595,0.0,728.3676168704595
12,Galicia,2011,1023.0930524025488,140.1702435123226,882.9228088902262
13,Comunidad de Madrid,2011,587.6592698021518,156.15572764945205,431.50354215269977
14,Región de Murcia,2011,261.01776615690386,0.0,261.01776615690386
15,Comunidad Foral de Navarra,2011,188.83433846896992,0.0,188.83433846896992
16,País Vasco,2011,531.706672480094,0.0,531.706672480094
17,La Rioja,2011,115.69415766275554,0.0,115.69415766275554
18,Ceuta,2011,0.0,0.0,0.0
19,Melilla,2011,0.0,0.0,0.0
01,Andalucía,2012,2082.2634889824017,354.43395379878086,1727.829535183621
02,Aragón,2012,1210.8394114082253,336.02472558201174,874.8146858262135
03,Principado de Asturias,2012,571.1030509223298,0.0,571.1030509223298
04,Illes Balears,2012,102.30266387581453,0.0,102.30266387581453
05,Canarias,2012,0.0,0.0,0.0
06,Cantabria,2012,273.40079421551025,0.0,273.40079421551025
07,Castilla y León,2012,2086.0582025241665,150.08666971404622,1935.9715328101204
08,Castilla-La Mancha,2012,1841.7443333917429,637.0387928519212,1204.7055405398216
09,Cataluña,2012,1566.0249216644975,209.1532801743282,1356.8716414901694
10,Comunitat Valenciana,2012,1039.2104343646265,100.35394541768117,938.8564889469453
11,Extremadura,2012,728.3676168704595,0.0,728.3676168704595
12,Galicia,2012,1023.0930524025488,140.1702435123226,882.9228088902262
13,Comunidad de Madrid,2012,587.6592698021518,156.15572764945205,431.50354215269977
14,Región de Murcia,2012,261.01776615690386,0.0,261.01776615690386
15,Comunidad Foral de Navarra,2012,188.83433846896992,0.0,188.83433846896992
16,País Vasco,2012,531.706672480094,0.0,531.706672480094
17,La Rioja,2012,115.69415766275554,0.0,115.69415766275554
18,Ceuta,2012,0.0,0.0,0.0
19,Melilla,2012,0.0,0.0,0.0
01,Andalucía,2013,2082.2634889824017,354.43395379878086,1727.829535183621
02,Aragón,2013,1210.8394114082253,336.02472558201174,874.8146858262135
03,Principado de Asturias,2013,571.1030509223298,0.0,571.1030509223298
04,Illes Balears,2013,102.30266387581453,0.0,102.30266387581453
05,Canarias,2013,0.0,0.0,0.0
06,Cantabria,2013,273.40079421551025,0.0,273.40079421551025
07,Castilla y León,2013,2086.0582025241665,150.08666971404622,1935.9715328101204
08,Castilla-La Mancha,2013,1937.5134040187272,732.8078634789055,1204.7055405398216
09,Cataluña,2013,1712.8020113493117,355.9303698591424,1356.8716414901694
10,Comunitat Valenciana,2013,1105.3352431923886,166.47875424544318,938.8564889469453
11,Extremadura,2013,728.3676168704595,0.0,728.3676168704595
12,Galicia,2013,1023.0930524025488,140.1702435123226,882.9228088902262
13,Comunidad de Madrid,2013,587.6592698021518,156.15572764945205,431.50354215269977
14,Región de Murcia,2013,261.01776615690386,0.0,261.01776615690386
15,Comunidad Foral de Navarra,2013,188.83433846896992,0.0,188.83433846896992
16,País Vasco,2013,531.706672480094,0.0,531.706672480094
17,La Rioja,2013,115.69415766275554,0.0,115.69415766275554
18,Ceuta,2013,0.0,0.0,0.0
19,Melilla,2013,0.0,0.0,0.0
01,Andalucía,2014,2082.2634889824017,354.43395379878086,1727.829535183621
02,Aragón,2014,1210.8394114082253,336.02472558201174,874.8146858262135
03,Principado de Asturias,2014,571.1030509223298,0.0,571.1030509223298
04,Illes Balears,2014,102.30266387581453,0.0,102.30266387581453
05,Canarias,2014,0.0,0.0,0.0
06,Cantabria,2014,273.40079421551025,0.0,273.40079421551025
07,Castilla y León,2014,2086.0582025241665,150.08666971404622,1935.9715328101204
08,Castilla-La Mancha,2014,1937.5134040187272,732.8078634789055,1204.7055405398216
09,Cataluña,2014,1712.8020113493117,355.9303698591424,1356.8716414901694
10,Comunitat Valenciana,2014,1105.3352431923886,166.47875424544318,938.8564889469453
11,Extremadura,2014,728.3676168704595,0.0,728.3676168704595
12,Galicia,2014,1023.0930524025488,140.1702435123226,882.9228088902262
13,Comunidad de Madrid,2014,587.6592698021518,156.15572764945205,431.50354215269977
14,Región de Murcia,2014,261.01776615690386,0.0,261.01776615690386
15,Comunidad Foral de Navarra,2014,188.83433846896992,0.0,188.83433846896992
16,País Vasco,2014,531.706672480094,0.0,531.706672480094
17,La Rioja,2014,115.69415766275554,0.0,115.69415766275554
18,Ceuta,2014,0.0,0.0,0.0
19,Melilla,2014,0.0,0.0,0.0
01,Andalucía,2015,2082.2634889824017,354.43395379878086,1727.829535183621
02,Aragón,2015,1210.8394114082253,336.02472558201174,874.8146858262135
03,Principado de Asturias,2015,571.1030509223298,0.0,571.1030509223298
04,Illes Balears,2015,102.30266387581453,0.0,102.30266387581453
05,Canarias,2015,0.0,0.0,0.0
06,Cantabria,2015,273.40079421551025,0.0,273.40079421551025
07,Castilla y León,2015,2475.092743682946,539.1212108728258,1935.9715328101204
08,Castilla-La Mancha,2015,1937.5134040187272,732.8078634789055,1204.7055405398216
09,Cataluña,2015,1714.7064945912548,355.9303698591424,1358.7761247321123
10,Comunitat Valenciana,2015,1105.3352431923886,166.47875424544318,938.8564889469453
11,Extremadura,2015,728.3676168704595,0.0,728.3676168704595
12,Galicia,2015,1142.9147319868243,259.4748887153352,883.439843271489
13,Comunidad de Madrid,2015,587.6592698021518,156.15572764945205,431.50354215269977
14,Región de Murcia,2015,261.01776615690386,0.0,261.01776615690386
15,Comunidad Foral de Navarra,2015,188.83433846896992,0.0,188.83433846896992
16,País Vasco,2015,531.7064640468408,0.0,531.7064640468408
17,La Rioja,2015,115.69415766275554,0.0,115.69415766275554
18,Ceuta,2015,0.0,0.0,0.0
19,Melilla,2015,0.0,0.0,0.0
01,Andalucía,2016,2082.2634889824017,354.43395379878086,1727.829535183621
02,Aragón,2016,1210.8394114082253,336.02472558201174,874.8146858262135
03,Principado de Asturias,2016,571.1030509223298,0.0,571.1030509223298
04,Illes Balears,2016,102.30266387581453,0.0,102.30266387581453
05,Canarias,2016,0.0,0.0,0.0
06,Cantabria,2016,273.40079421551025,0.0,273.40079421551025
07,Castilla y León,2016,2475.092743682946,539.1212108728258,1935.9715328101204
08,Castilla-La Mancha,2016,1937.5134040187272,732.8078634789055,1204.7055405398216
09,Cataluña,2016,1717.7322767506143,355.9303698591424,1361.8019068914718
10,Comunitat Valenciana,2016,1105.3352431923886,166.47875424544318,938.8564889469453
11,Extremadura,2016,728.3676168704595,0.0,728.3676168704595
12,Galicia,2016,1142.9147319868243,259.4748887153352,883.439843271489
13,Comunidad de Madrid,2016,587.6592698021518,156.15572764945205,431.50354215269977
14,Región de Murcia,2016,261.01776615690386,0.0,261.01776615690386
15,Comunidad Foral de Navarra,2016,188.83433846896992,0.0,188.83433846896992
16,País Vasco,2016,531.7064640468408,0.0,531.7064640468408
17,La Rioja,2016,115.69415766275554,0.0,115.69415766275554
18,Ceuta,2016,0.0,0.0,0.0
19,Melilla,2016,0.0,0.0,0.0
01,Andalucía,2017,2082.2634889824017,354.43395379878086,1727.829535183621
02,Aragón,2017,1210.8394114082253,336.02472558201174,874.8146858262135
03,Principado de Asturias,2017,571.1030509223298,0.0,571.1030509223298
04,Illes Balears,2017,102.30266387581453,0.0,102.30266387581453
05,Canarias,2017,0.0,0.0,0.0
06,Cantabria,2017,273.40079421551025,0.0,273.40079421551025
07,Castilla y León,2017,2475.092743682946,539.1212108728258,1935.9715328101204
08,Castilla-La Mancha,2017,1937.5134040187272,732.8078634789055,1204.7055405398216
09,Cataluña,2017,1717.7322767506143,355.9303698591424,1361.8019068914718
10,Comunitat Valenciana,2017,1105.3352431923886,166.47875424544318,938.8564889469453
11,Extremadura,2017,728.3676168704595,0.0,728.3676168704595
12,Galicia,2017,1142.9147319868243,259.4748887153352,883.439843271489
13,Comunidad de Madrid,2017,587.6592698021518,156.15572764945205,431.50354215269977
14,Región de Murcia,2017,261.01776615690386,0.0,261.01776615690386
15,Comunidad Foral de Navarra,2017,188.83433846896992,0.0,188.83433846896992
16,País Vasco,2017,531.7064640468408,0.0,531.7064640468408
17,La Rioja,2017,115.69415766275554,0.0,115.69415766275554
18,Ceuta,2017,0.0,0.0,0.0
19,Melilla,2017,0.0,0.0,0.0
01,Andalucía,2018,2081.723671222295,354.43395379878086,1727.289717423514
02,Aragón,2018,1210.8394114082253,336.02472558201174,874.8146858262135
03,Principado de Asturias,2018,571.1030509223298,0.0,571.1030509223298
04,Illes Balears,2018,102.30266387581453,0.0,102.30266387581453
05,Canarias,2018,0.0,0.0,0.0
06,Cantabria,2018,273.40079421551025,0.0,273.40079421551025
07,Castilla y León,2018,2475.092743682946,539.1212108728258,1935.9715328101204
08,Castilla-La Mancha,2018,1937.5134040187272,732.8078634789055,1204.7055405398216
09,Cataluña,2018,1717.7322767506143,355.9303698591424,1361.8019068914718
10,Comunitat Valenciana,2018,1105.3352431923886,166.47875424544318,938.8564889469453
11,Extremadura,2018,728.3676168704595,0.0,728.3676168704595
12,Galicia,2018,1142.9147319868243,259.4748887153352,883.439843271489
13,Comunidad de Madrid,2018,587.6592698021518,156.15572764945205,431.50354215269977
14,Región de Murcia,2018,261.01776615690386,0.0,261.01776615690386
15,Comunidad Foral de Navarra,2018,188.83433846896992,0.0,188.83433846896992
16,País Vasco,2018,531.7064640468408,0.0,531.7064640468408
17,La Rioja,2018,115.69415766275554,0.0,115.69415766275554
18,Ceuta,2018,0.0,0.0,0.0
19,Melilla,2018,0.0,0.0,0.0
01,Andalucía,2019,2195.467749411681,468.1780319881669,1727.289717423514
02,Aragón,2019,1210.8394114082253,336.02472558201174,874.8146858262135
03,Principado de Asturias,2019,571.1030509223298,0.0,571.1030509223298
04,Illes Balears,2019,102.30266387581453,0.0,102.30266387581453
05,Canarias,2019,0.0,0.0,0.0
06,Cantabria,2019,273.40079421551025,0.0,273.40079421551025
07,Castilla y León,2019,2475.092743682946,539.1212108728258,1935.9715328101204
08,Castilla-La Mancha,2019,1937.5134040187272,732.8078634789055,1204.7055405398216
09,Cataluña,2019,1717.7322767506143,355.9303698591424,1361.8019068914718
10,Comunitat Valenciana,2019,1105.3352431923886,166.47875424544318,938.8564889469453
11,Extremadura,2019,728.3676168704595,0.0,728.3676168704595
12,Galicia,2019,1142.9147319868243,259.4748887153352,883.439843271489
13,Comunidad de Madrid,2019,587.6592698021518,156.15572764945205,431.50354215269977
14,Región de Murcia,2019,261.01776615690386,0.0,261.01776615690386
15,Comunidad Foral de Navarra,2019,188.83433846896992,0.0,188.83433846896992
16,País Vasco,2019,531.7064640468408,0.0,531.7064640468408
17,La Rioja,2019,115.69415766275554,0.0,115.69415766275554
18,Ceuta,2019,0.0,0.0,0.0
19,Melilla,2019,0.0,0.0,0.0
01,Andalucía,2020,2195.467749411681,468.1780319881669,1727.289717423514
02,Aragón,2020,1210.8394114082253,336.02472558201174,874.8146858262135
03,Principado de Asturias,2020,571.1030509223298,0.0,571.1030509223298
04,Illes Balears,2020,102.30266387581453,0.0,102.30266387581453
05,Canarias,2020,0.0,0.0,0.0
06,Cantabria,2020,273.40079421551025,0.0,273.40079421551025
07,Castilla y León,2020,2475.092743682946,539.1212108728258,1935.9715328101204
08,Castilla-La Mancha,2020,1937.5134040187272,732.8078634789055,1204.7055405398216
09,Cataluña,2020,1721.201341434888,355.9303698591424,1365.2709715757455
10,Comunitat Valenciana,2020,1105.3352431923886,166.47875424544318,938.8564889469453
11,Extremadura,2020,728.3676168704595,0.0,728.3676168704595
12,Galicia,2020,1142.9147319868243,259.4748887153352,883.439843271489
13,Comunidad de Madrid,2020,587.6592698021518,156.15572764945205,431.50354215269977
14,Región de Murcia,2020,261.01776615690386,0.0,261.01776615690386
15,Comunidad Foral de Navarra,2020,188.83433846896992,0.0,188.83433846896992
16,País Vasco,2020,531.7064640468408,0.0,531.7064640468408
17,La Rioja,2020,115.69415766275554,0.0,115.69415766275554
18,Ceuta,2020,0.0,0.0,0.0
19,Melilla,2020,0.0,0.0,0.0
01,Andalucía,2021,2195.467749411681,468.1780319881669,1727.289717423514
02,Aragón,2021,1210.8394114082253,336.02472558201174,874.8146858262135
03,Principado de Asturias,2021,571.1030509223298,0.0,571.1030509223298
04,Illes Balears,2021,102.30266387581453,0.0,102.30266387581453
05,Canarias,2021,0.0,0.0,0.0
06,Cantabria,2021,273.40079421551025,0.0,273.40079421551025
07,Castilla y León,2021,2475.092743682946,539.1212108728258,1935.9715328101204
08,Castilla-La Mancha,2021,1764.7426572476452,732.8078634789055,1031.9347937687398
09,Cataluña,2021,1721.201341434888,355.9303698591424,1365.2709715757455
10,Comunitat Valenciana,2021,1133.49588151043,217.19903189113862,916.2968496192914
11,Extremadura,2021,728.3676168704595,0.0,728.3676168704595
12,Galicia,2021,1142.9147319868243,259.4748887153352,883.439843271489
13,Comunidad de Madrid,2021,587.6592698021518,156.15572764945205,431.50354215269977
14,Región de Murcia,2021,196.1094699533465,14.810899688483408,181.2985702648631
15,Comunidad Foral de Navarra,2021,188.83433846896992,0.0,188.83433846896992
16,País Vasco,2021,531.7064640468408,0.0,531.7064640468408
17,La Rioja,2021,115.69415766275554,0.0,115.69415766275554
18,Ceuta,2021,0.0,0.0,0.0
19,Melilla,2021,0.0,0.0,0.0
01,Andalucía,2022,2195.467749411681,468.1780319881669,1727.289717423514
02,Aragón,2022,1210.8394114082253,336.02472558201174,874.8146858262135
03,Principado de Asturias,2022,571.1030509223298,0.0,571.1030509223298
04,Illes Balears,2022,102.30266387581453,0.0,102.30266387581453
05,Canarias,2022,0.0,0.0,0.0
06,Cantabria,2022,273.40079421551025,0.0,273.40079421551025
07,Castilla y León,2022,2557.5283975449265,621.556864734806,1935.9715328101204
08,Castilla-La Mancha,2022,1764.7426572476452,732.8078634789055,1031.9347937687398
09,Cataluña,2022,1721.201341434888,355.9303698591424,1365.2709715757455
10,Comunitat Valenciana,2022,1133.49588151043,217.19903189113862,916.2968496192914
11,Extremadura,2022,728.3676168704595,0.0,728.3676168704595
12,Galicia,2022,1142.9147319868243,259.4748887153352,883.439843271489
13,Comunidad de Madrid,2022,587.6592698021518,156.15572764945205,431.50354215269977
14,Región de Murcia,2022,196.1094699533465,14.810899688483408,181.2985702648631
15,Comunidad Foral de Navarra,2022,188.83433846896992,0.0,188.83433846896992
16,País Vasco,2022,531.7064640468408,0.0,531.7064640468408
17,La Rioja,2022,115.69415766275554,0.0,115.69415766275554
18,Ceuta,2022,0.0,0.0,0.0
19,Melilla,2022,0.0,0.0,0.0
01,Andalucía,2023,2195.467749411681,468.1780319881669,1727.289717423514
02,Aragón,2023,1210.8394114082253,336.02472558201174,874.8146858262135
03,Principado de Asturias,2023,571.1030509223298,0.0,571.1030509223298
04,Illes Balears,2023,102.30266387581453,0.0,102.30266387581453
05,Canarias,2023,0.0,0.0,0.0
06,Cantabria,2023,273.40079421551025,0.0,273.40079421551025
07,Castilla y León,2023,2557.5283975449265,621.556864734806,1935.9715328101204
08,Castilla-La Mancha,2023,1764.7426572476452,732.8078634789055,1031.9347937687398
09,Cataluña,2023,1721.201341434888,355.9303698591424,1365.2709715757455
10,Comunitat Valenciana,2023,1133.49588151043,217.19903189113862,916.2968496192914
11,Extremadura,2023,728.3676168704595,0.0,728.3676168704595
12,Galicia,2023,1142.9147319868243,259.4748887153352,883.439843271489
13,Comunidad de Madrid,2023,587.6592698021518,156.15572764945205,431.50354215269977
14,Región de Murcia,2023,196.1094699533465,14.810899688483408,181.2985702648631
15,Comunidad Foral de Navarra,2023,188.83433846896992,0.0,188.83433846896992
16,País Vasco,2023,531.7064640468408,0.0,531.7064640468408
17,La Rioja,2023,115.69415766275554,0.0,115.69415766275554
18,Ceuta,2023,0.0,0.0,0.0
19,Melilla,2023,0.0,0.0,0.0
