{
"type": "FeatureCollection",
"name": "spain_autonomous_communities",
"crs": { "type": "name", "properties": { "name": "urn:ogc:def:crs:OGC:1.3:CRS84" } },
"features": [
{ "type": "Feature", "properties": { "territory_id": "01", "territory_name": "Andalucía" }, "geometry": { "type": "Polygon", "coordinates": [ [ [ -6.931317349555956, 38.208771949177319 ], [ -6.857096341041105, 38.179690659495954 ], [ -6.794120939876988, 38.178075032291432 ], [ -6.809864790168017, 38.111834316906091 ], [ -6.76938060370537, 38.111834316906091 ], [ -6.746889389003901, 38.09083116324733 ], [ -6.623187708145815, 38.097293672065405 ], [ -6.580454400213021, 38.052056110338839 ], [ -6.587201764623462, 38.026206075066511 ], [ -6.571457914332434, 38.01974356624843 ], [ -6.546717578160816, 38.027821702271027 ], [ -6.465749205235523, 38.010049803021303 ], [ -6.474745691116112, 38.024590447861989 ], [ -6.443257990534054, 38.047209228725272 ], [ -6.452254476414641, 38.055287364747876 ], [ -6.414019411422142, 38.058518619156914 ], [ -6.366787860549055, 38.048824855929794 ], [ -6.355542253198321, 38.010049803021303 ], [ -6.30381245938494, 37.977737258930894 ], [ -6.195854628817882, 37.956734105272133 ], [ -6.180110778526853, 37.940577833226925 ], [ -6.119384498832883, 37.980968513339938 ], [ -5.952949510042004, 37.995509158180624 ], [ -5.934956538280828, 38.047209228725272 ], [ -5.907967080639065, 38.06821238238404 ], [ -5.928209173870387, 38.087599908838286 ], [ -5.912465323579358, 38.123143707337732 ], [ -5.8809776229973, 38.132837470564859 ], [ -5.876479380057006, 38.155456251428149 ], [ -5.838244315064507, 38.174843777882387 ], [ -5.755026820669068, 38.181306286700476 ], [ -5.728037363027303, 38.197462558745677 ], [ -5.687553176564657, 38.181306286700476 ], [ -5.705546148325833, 38.163534387450746 ], [ -5.694300540975098, 38.150609369814582 ], [ -5.741532091848185, 38.126374961746777 ], [ -5.732535605967596, 38.087599908838286 ], [ -5.694300540975098, 38.084368654429241 ], [ -5.633574261281128, 38.137684352178418 ], [ -5.584093588937893, 38.131221843360336 ], [ -5.575097103057306, 38.150609369814582 ], [ -5.559353252766277, 38.14899374261006 ], [ -5.536862038064807, 38.168381269064312 ], [ -5.539111159534954, 38.200693813154714 ], [ -5.521118187773778, 38.207156321972803 ], [ -5.525616430714072, 38.263703274131018 ], [ -5.575097103057306, 38.328328362311836 ], [ -5.559353252766277, 38.367103415220328 ], [ -5.584093588937893, 38.401031586515252 ], [ -5.568349738646864, 38.433344130605661 ], [ -5.51886906630363, 38.464041047491548 ], [ -5.485132244251425, 38.462425420287033 ], [ -5.478384879840984, 38.485044201150316 ], [ -5.410911235736574, 38.520587999649763 ], [ -5.40641299279628, 38.543206780513053 ], [ -5.383921778094809, 38.543206780513053 ], [ -5.390669142505251, 38.562594306967299 ], [ -5.372676170744075, 38.583597460626066 ], [ -5.307451648109812, 38.578750579012507 ], [ -5.309700769579958, 38.594906851057708 ], [ -5.21073942489349, 38.653069430420445 ], [ -5.208490303423343, 38.66761007526113 ], [ -5.183749967251725, 38.659531939238526 ], [ -5.183749967251725, 38.675688211283727 ], [ -5.168006116960695, 38.67730383848825 ], [ -5.183749967251725, 38.719310145805778 ], [ -5.100532472856285, 38.708000755374137 ], [ -5.046553557572757, 38.729003909032905 ], [ -5.024062342871288, 38.725772654623867 ], [ -5.001571128169816, 38.69507573773798 ], [ -4.877869447311731, 38.685381974510854 ], [ -4.862125597020702, 38.617525631920998 ], [ -4.709185337050705, 38.572288070194418 ], [ -4.704687094110412, 38.554516170944694 ], [ -4.621469599714972, 38.523819254058807 ], [ -4.610223992364237, 38.496353591581958 ], [ -4.513511769147915, 38.464041047491548 ], [ -4.452785489453946, 38.401031586515252 ], [ -4.286350500663067, 38.342869007152515 ], [ -4.268357528901891, 38.347715888766075 ], [ -4.275104893312331, 38.391337823288133 ], [ -4.254862800081009, 38.401031586515252 ], [ -4.15590145539454, 38.380028432856491 ], [ -3.912996336618662, 38.367103415220328 ], [ -3.859017421335134, 38.373565924038402 ], [ -3.807287627521752, 38.42203474017402 ], [ -3.730817497536753, 38.423650367378542 ], [ -3.620610545499551, 38.39456907769717 ], [ -3.586873723447345, 38.405878468128819 ], [ -3.58237548050705, 38.451116029855385 ], [ -3.541891294044405, 38.44465352103731 ], [ -3.528396565223522, 38.409109722537856 ], [ -3.472168528469847, 38.397800332106215 ], [ -3.42493697759676, 38.407494095333334 ], [ -3.377705426723672, 38.439806639423743 ], [ -3.375456305253525, 38.475350437923197 ], [ -3.325975632910291, 38.481812946741272 ], [ -3.28099320350735, 38.460809793082511 ], [ -3.1303020650075, 38.438191012219221 ], [ -3.065077542373237, 38.478581692332234 ], [ -3.004351262679268, 38.415572231355938 ], [ -2.995354776798679, 38.44465352103731 ], [ -2.961617954746474, 38.470503556309637 ], [ -2.9053899179928, 38.470503556309637 ], [ -2.88964606770177, 38.455962911468951 ], [ -2.763695265373537, 38.531897390081411 ], [ -2.673730406567657, 38.496353591581958 ], [ -2.597260276582658, 38.512509863627166 ], [ -2.565772576000601, 38.489891082763876 ], [ -2.572519940411041, 38.413956604151416 ], [ -2.484804203075308, 38.397800332106215 ], [ -2.484804203075308, 38.300862699834987 ], [ -2.442070895142514, 38.284706427789779 ], [ -2.435323530732074, 38.265318901335533 ], [ -2.45331650249325, 38.220081339608967 ], [ -2.446569138082808, 38.184537541109513 ], [ -2.552277847179719, 38.084368654429241 ], [ -2.424077923381338, 38.032668583884586 ], [ -2.340860428985899, 38.026206075066511 ], [ -2.298127121053104, 38.003587294203221 ], [ -2.237400841359136, 37.927652815590761 ], [ -2.172176318724873, 37.88887776268227 ], [ -2.122695646381636, 37.900187153113912 ], [ -2.100204431680169, 37.877568372250629 ], [ -2.019236058754874, 37.869490236228025 ], [ -1.99449572258326, 37.880799626659666 ], [ -1.974253629351935, 37.867874609023502 ], [ -1.99449572258326, 37.842024573751175 ], [ -2.00799045140414, 37.774168231161319 ], [ -1.996744844053406, 37.727315042230224 ], [ -2.012488694344434, 37.672383717276531 ], [ -1.978751872292229, 37.622299273936392 ], [ -1.846053705553555, 37.454274044666271 ], [ -1.807818640561056, 37.433270891007503 ], [ -1.812316883501349, 37.451042790257226 ], [ -1.738095874986499, 37.442964654234629 ], [ -1.630138044419443, 37.375108311644766 ], [ -1.670622230882088, 37.357336412395043 ], [ -1.796573033210322, 37.229701863237928 ], [ -1.850551948493848, 37.068139142785881 ], [ -1.900032620837084, 36.987357782559855 ], [ -1.895534377896791, 36.948582729651363 ], [ -1.985499236702669, 36.900113913515753 ], [ -2.0012430869937, 36.883957641470545 ], [ -1.998993965523553, 36.840335706948494 ], [ -2.06196936668767, 36.803176281244525 ], [ -2.064218488157817, 36.775710618767675 ], [ -2.104702674620462, 36.762785601131512 ], [ -2.124944767851787, 36.732088684245625 ], [ -2.192418411956195, 36.720779293813983 ], [ -2.293628878112811, 36.820948180494256 ], [ -2.361102522217221, 36.841951334153016 ], [ -2.426327044851485, 36.811254417267129 ], [ -2.475807717194719, 36.837104452539457 ], [ -2.561274333060306, 36.816101298880689 ], [ -2.619751491284129, 36.727241802632065 ], [ -2.700719864209422, 36.683619868110014 ], [ -2.759197022433243, 36.68038861370097 ], [ -2.819923302127213, 36.706238648973297 ], [ -2.858158367119712, 36.698160512950693 ], [ -2.896393432112211, 36.736935565859184 ], [ -2.939126740045005, 36.75147621069987 ], [ -2.977361805037503, 36.738551193063707 ], [ -3.245007259984998, 36.754707465108915 ], [ -3.339470361731173, 36.738551193063707 ], [ -3.418189613186319, 36.694929258541656 ], [ -3.483414135820583, 36.696544885746178 ], [ -3.526147443753375, 36.724010548223021 ], [ -3.55313690139514, 36.714316784995901 ], [ -3.600368452268228, 36.743398074677273 ], [ -3.661094731962196, 36.746629329086311 ], [ -3.674589460783078, 36.73047305704111 ], [ -3.735315740477049, 36.727241802632065 ], [ -3.834277085163517, 36.754707465108915 ], [ -3.957978766021602, 36.725626175427543 ], [ -4.065936596588658, 36.748244956290833 ], [ -4.173894427155716, 36.715932412200424 ], [ -4.39655745270027, 36.722394921018505 ], [ -4.43479251769277, 36.699776140155215 ], [ -4.513511769147915, 36.594760371861391 ], [ -4.60797487089409, 36.559216573361937 ], [ -4.639462571476148, 36.507516502817282 ], [ -4.740673037632764, 36.484897721953999 ], [ -4.898111540543054, 36.507516502817282 ], [ -5.008318492580258, 36.459047686681672 ], [ -5.177002602841284, 36.415425752159621 ], [ -5.219735910774078, 36.375035072046607 ], [ -5.246725368415841, 36.310409983865789 ], [ -5.316448133990399, 36.228012996435247 ], [ -5.33893934869187, 36.153694145027302 ], [ -5.386170899564958, 36.179544180299629 ], [ -5.426655086027603, 36.176312925890592 ], [ -5.442398936318632, 36.158541026640869 ], [ -5.440149814848485, 36.127844109754975 ], [ -5.422156843087309, 36.132690991368541 ], [ -5.422156843087309, 36.119765973732378 ], [ -5.442398936318632, 36.1213816009369 ], [ -5.431153328967897, 36.07129715759676 ], [ -5.606584803639365, 36.009903323824986 ], [ -5.649318111572157, 36.051909631142514 ], [ -5.712293512736274, 36.058372139960596 ], [ -5.782016278310831, 36.087453429641968 ], [ -5.795511007131713, 36.077759666414842 ], [ -5.914714445049505, 36.184391061913196 ], [ -6.033917882967296, 36.181159807504152 ], [ -6.112637134422442, 36.292638084616065 ], [ -6.141875713534354, 36.295869339025103 ], [ -6.306061580855086, 36.536597792498654 ], [ -6.279072123213322, 36.530135283680572 ], [ -6.254331787041705, 36.468741449908791 ], [ -6.22734232939994, 36.462278941090709 ], [ -6.173363414116412, 36.522057147657968 ], [ -6.200352871758176, 36.52851965647605 ], [ -6.231840572340234, 36.504285248408245 ], [ -6.256580908511852, 36.520441520453446 ], [ -6.236338815280527, 36.525288402067005 ], [ -6.222844086459647, 36.568910336589063 ], [ -6.240837058220823, 36.585066608634264 ], [ -6.265577394392439, 36.580219727020705 ], [ -6.301563337914791, 36.618994779929196 ], [ -6.355542253198321, 36.615763525520151 ], [ -6.39377731819082, 36.633535424769882 ], [ -6.443257990534054, 36.738551193063707 ], [ -6.362289617608761, 36.78378875479028 ], [ -6.396026439660966, 36.80640753565357 ], [ -6.443257990534054, 36.900113913515753 ], [ -6.506233391698171, 36.966354628901094 ], [ -6.915573499264926, 37.176386165488751 ], [ -6.888584041623163, 37.145689248602864 ], [ -7.06401551629463, 37.210314336783682 ], [ -7.270934691548154, 37.202236200761078 ], [ -7.372145157704772, 37.169923656670669 ], [ -7.408131101227124, 37.182848674306832 ], [ -7.43287143739874, 37.247473762487651 ], [ -7.421625830048004, 37.273323797759979 ], [ -7.441867923279329, 37.30725196905491 ], [ -7.439618801809182, 37.391264583689974 ], [ -7.462110016510652, 37.407420855735175 ], [ -7.446366166219622, 37.420345873371339 ], [ -7.464359137980798, 37.48658658875668 ], [ -7.49359771709271, 37.523746014460649 ], [ -7.509341567383739, 37.523746014460649 ], [ -7.516088931794179, 37.568983576187222 ], [ -7.455362652100211, 37.646533682004204 ], [ -7.423874951518153, 37.754780704707073 ], [ -7.320415363891389, 37.819405792887892 ], [ -7.279931177428743, 37.875952745046106 ], [ -7.248443476846685, 37.955118478067611 ], [ -7.261938205667567, 37.977737258930894 ], [ -7.201211925973597, 38.003587294203221 ], [ -7.174222468331834, 37.99227790377158 ], [ -7.120243553048304, 38.005202921407744 ], [ -7.129240038928893, 38.029437329475549 ], [ -7.097752338346835, 38.043977974316235 ], [ -7.043773423063307, 38.013281057430348 ], [ -7.001040115130513, 38.022974820657467 ], [ -6.98754538630963, 38.103756180883494 ], [ -6.97405065748875, 38.105371808088009 ], [ -6.958306807197721, 38.150609369814582 ], [ -6.969552414548454, 38.160303133041708 ], [ -6.931317349555956, 38.208771949177319 ] ] ] } },
{ "type": "Feature", "properties": { "territory_id": "02", "territory_name": "Aragón" }, "geometry": { "type": "Polygon", "coordinates": [ [ [ -2.050723759336933, 41.14759783420002 ], [ -2.079962338448844, 41.17021661506331 ], [ -2.145186861083108, 41.184757259903989 ], [ -2.174425440195019, 41.288157400993299 ], [ -2.163179832844284, 41.356013743583162 ], [ -2.12044652491149, 41.380248151650967 ], [ -2.102453553150315, 41.446488867036308 ], [ -2.034979909045905, 41.427101340582063 ], [ -2.041727273456345, 41.388326287673571 ], [ -1.938267685829583, 41.407713814127817 ], [ -1.954011536120611, 41.462645139081509 ], [ -1.981000993762375, 41.486879547149314 ], [ -1.967506264941495, 41.545042126512051 ], [ -1.99449572258326, 41.57735467060246 ], [ -1.992246601113113, 41.601589078670273 ], [ -1.922523835538552, 41.598357824261228 ], [ -1.859548434374439, 41.661367285237525 ], [ -1.812316883501349, 41.661367285237525 ], [ -1.803320397620762, 41.695295456532456 ], [ -1.787576547329731, 41.698526710941493 ], [ -1.776330939978997, 41.724376746213821 ], [ -1.810067762031203, 41.735686136645469 ], [ -1.803320397620762, 41.750226781486148 ], [ -1.825811612322234, 41.77930807116752 ], [ -1.852801069963995, 41.789001834394639 ], [ -1.81906424791179, 41.827776887303131 ], [ -1.823562490852087, 41.864936313007107 ], [ -1.857299312904292, 41.910173874733673 ], [ -1.866295798784879, 41.978030217323536 ], [ -1.843804584083408, 41.987723980550655 ], [ -1.848302827023701, 42.008727134209423 ], [ -1.834808098202821, 41.995802116573259 ], [ -1.76733445409841, 41.995802116573259 ], [ -1.715604660285027, 41.957027063664768 ], [ -1.654878380591057, 41.965105199687372 ], [ -1.558166157374739, 41.913405129142717 ], [ -1.501938120621062, 41.924714519574358 ], [ -1.420969747695768, 41.913405129142717 ], [ -1.382734682703269, 41.944102046028604 ], [ -1.340001374770477, 42.018420897436542 ], [ -1.304015431248125, 42.042655305504354 ], [ -1.310762795658565, 42.071736595185719 ], [ -1.351246982121211, 42.073352222390241 ], [ -1.366990832412242, 42.107280393685173 ], [ -1.3984785329943, 42.126667920139418 ], [ -1.39173116858386, 42.181599245093111 ], [ -1.416471504755474, 42.221989925206124 ], [ -1.389482047113713, 42.278536877364338 ], [ -1.3984785329943, 42.291461895000502 ], [ -1.328755767419743, 42.356086983181321 ], [ -1.360243468001801, 42.378705764044604 ], [ -1.342250496240624, 42.423943325771177 ], [ -1.272527730666067, 42.482105905133913 ], [ -1.292769823897391, 42.511187194815285 ], [ -1.265780366255626, 42.556424756541858 ], [ -1.225296179792981, 42.541884111701172 ], [ -1.202804965091509, 42.549962247723776 ], [ -1.202804965091509, 42.579043537405141 ], [ -1.15782253568857, 42.600046691063909 ], [ -1.180313750390038, 42.608124827086513 ], [ -1.15782253568857, 42.609740454291028 ], [ -1.153324292748273, 42.646899879995004 ], [ -1.038619097770777, 42.648515507199519 ], [ -1.027373490420043, 42.700215577744174 ], [ -0.96889633219622, 42.703446832153219 ], [ -0.923913902793281, 42.743837512266225 ], [ -0.899173566621663, 42.743837512266225 ], [ -0.901422688091809, 42.759993784311433 ], [ -0.865436744569458, 42.763225038720478 ], [ -0.84744377280828, 42.785843819583761 ], [ -0.860938501629164, 42.802000091628969 ], [ -0.85644025868887, 42.847237653355535 ], [ -0.815956072226221, 42.874703315832384 ], [ -0.818205193696368, 42.902168978309234 ], [ -0.782219250174016, 42.92155650476348 ], [ -0.72824033489049, 42.919940877558957 ], [ -0.732738577830784, 42.897322096695675 ], [ -0.678759662547254, 42.884397079059511 ], [ -0.55280886021902, 42.777765683561157 ], [ -0.510075552286228, 42.824618872492252 ], [ -0.442601908181818, 42.79553758281088 ], [ -0.408865086129612, 42.808462600447044 ], [ -0.395370357308732, 42.798768837219924 ], [ -0.31215286291329, 42.848853280560057 ], [ -0.179454696174616, 42.785843819583761 ], [ -0.159212602943295, 42.798768837219924 ], [ -0.107482809129912, 42.721218731402942 ], [ -0.069247744137414, 42.717987476993898 ], [ -0.062500379726973, 42.695368696130615 ], [ 0.000475021437143, 42.685674932903495 ], [ 0.17590649610861, 42.73737500344815 ], [ 0.259123990504051, 42.716371849789383 ], [ 0.295109934026403, 42.672749915267332 ], [ 0.360334456660667, 42.724449985811987 ], [ 0.421060736354637, 42.690521814517055 ], [ 0.531267688391839, 42.701831204948697 ], [ 0.65946761219022, 42.690521814517055 ], [ 0.695453555712572, 42.658209270426646 ], [ 0.697702677182718, 42.629127980745274 ], [ 0.767425442757276, 42.611356081495551 ], [ 0.756179835406542, 42.564502892564462 ], [ 0.72019389188419, 42.512802822019808 ], [ 0.73368862070507, 42.504724685997203 ], [ 0.690955312772278, 42.48695278674748 ], [ 0.747183349525951, 42.385168272862686 ], [ 0.722443013354336, 42.36578074640844 ], [ 0.771923685697569, 42.351240101567761 ], [ 0.740435985115511, 42.336699456727075 ], [ 0.765176321287129, 42.322158811886389 ], [ 0.713446527473746, 42.223605552410646 ], [ 0.697702677182718, 42.171905481865991 ], [ 0.713446527473746, 42.162211718638865 ], [ 0.695453555712572, 42.150902328207223 ], [ 0.699951798652865, 42.10566476648065 ], [ 0.652720247779779, 42.026499033459146 ], [ 0.663965855130513, 42.015189643027504 ], [ 0.623481668667868, 41.992570862164214 ], [ 0.60548869690669, 41.960258318073812 ], [ 0.591993968085809, 41.969952081300931 ], [ 0.562755388973898, 41.932792655596963 ], [ 0.603239575436543, 41.923098892369836 ], [ 0.591993968085809, 41.884323839461345 ], [ 0.607737818376837, 41.871398821825181 ], [ 0.580748360735075, 41.863320685802584 ], [ 0.580748360735075, 41.850395668166421 ], [ 0.558257146033604, 41.853626922575458 ], [ 0.542513295742573, 41.819698751280526 ], [ 0.511025595160515, 41.821314378485049 ], [ 0.484036137518753, 41.801926852030803 ], [ 0.470541408697869, 41.766383053531356 ], [ 0.400818643123312, 41.75668929030423 ], [ 0.396320400183019, 41.732454882236425 ], [ 0.385074792832285, 41.740533018259029 ], [ 0.328846756078608, 41.682370438896292 ], [ 0.326597634608461, 41.662982912442047 ], [ 0.35808533519052, 41.63228599555616 ], [ 0.349088849309933, 41.59997345146575 ], [ 0.427808100765077, 41.601589078670273 ], [ 0.445801072526251, 41.541810872103014 ], [ 0.398569521653165, 41.490110801558359 ], [ 0.340092363429342, 41.483648292740277 ], [ 0.355836213720373, 41.452951375854383 ], [ 0.319850270198021, 41.394788796491653 ], [ 0.373829185481547, 41.351166861969602 ], [ 0.349088849309933, 41.328548081106312 ], [ 0.385074792832285, 41.27846363776618 ], [ 0.36483269960096, 41.226763567221525 ], [ 0.322099391668168, 41.225147940017003 ], [ 0.30410641990699, 41.163754106245229 ], [ 0.252376626093611, 41.150829088609065 ], [ 0.250127504623464, 41.129825934950297 ], [ 0.200646832280228, 41.124979053336737 ], [ 0.200646832280228, 41.084588373223724 ], [ 0.218639804041405, 41.082972746019202 ], [ 0.218639804041405, 41.060353965155919 ], [ 0.279366083735372, 41.018347657838383 ], [ 0.259123990504051, 41.015116403429346 ], [ 0.283864326675669, 40.965031960089213 ], [ 0.238881897272726, 40.884250599863186 ], [ 0.279366083735372, 40.82124113888689 ], [ 0.229885411392139, 40.767925441137713 ], [ 0.17590649610861, 40.755000423501556 ], [ 0.171408253168316, 40.732381642638266 ], [ 0.072446908481847, 40.714609743388543 ], [ 0.043208329369936, 40.690375335320738 ], [ 0.016218871728174, 40.727534761024707 ], [ -0.06474950119712, 40.727534761024707 ], [ -0.127724902361237, 40.753384796297034 ], [ -0.145717874122411, 40.785697340387443 ], [ -0.195198546465647, 40.782466085978399 ], [ -0.240180975868586, 40.71784099779758 ], [ -0.235682732928293, 40.690375335320738 ], [ -0.316651105853584, 40.662909672843888 ], [ -0.327896713204321, 40.680681572093611 ], [ -0.381875628487848, 40.661294045639366 ], [ -0.370630021137114, 40.651600282412247 ], [ -0.379626507017701, 40.624134619935397 ], [ -0.321149348793881, 40.603131466276629 ], [ -0.294159891152116, 40.612825229503756 ], [ -0.300907255562556, 40.522350106050609 ], [ -0.273917797920792, 40.473881289914992 ], [ -0.345889684965496, 40.443184373029105 ], [ -0.282914283801379, 40.367249894416645 ], [ -0.399868600249025, 40.296162297417744 ], [ -0.384124749957994, 40.263849753327335 ], [ -0.4943317019952, 40.228305954827889 ], [ -0.543812374338433, 40.250924735691171 ], [ -0.570801831980198, 40.155602730624466 ], [ -0.629278990204021, 40.102287032875289 ], [ -0.61353513991299, 40.069974488784879 ], [ -0.761977156942695, 40.039277571898992 ], [ -0.791215736054607, 39.98919312855886 ], [ -0.833949043987399, 39.979499365331733 ], [ -0.845194651338133, 39.947186821241324 ], [ -0.829450801047106, 39.906796141128311 ], [ -0.797963100465047, 39.880946105855983 ], [ -0.867685866039604, 39.847017934561059 ], [ -0.887927959270925, 39.851864816174619 ], [ -0.910419173972397, 39.86802108821982 ], [ -0.899173566621663, 39.892255496287632 ], [ -0.919415659852984, 39.964958720491055 ], [ -0.932910388673868, 39.95688058446845 ], [ -1.002633154248425, 39.981114992536256 ], [ -1.142078685397539, 39.971421229309129 ], [ -1.164569900099011, 40.01019628221762 ], [ -1.083601527173716, 40.036046317489948 ], [ -1.072355919822982, 40.06028072555776 ], [ -1.15782253568857, 40.115212050511452 ], [ -1.236541787143715, 40.11359642330693 ], [ -1.297268066837685, 40.199224665146517 ], [ -1.310762795658565, 40.204071546760076 ], [ -1.322008403009303, 40.184684020305831 ], [ -1.319759281539152, 40.145908967397339 ], [ -1.353496103591358, 40.129752695352138 ], [ -1.39173116858386, 40.134599576965698 ], [ -1.447959205337533, 40.145908967397339 ], [ -1.438962719456946, 40.197609037941994 ], [ -1.474948662979298, 40.184684020305831 ], [ -1.51093460650165, 40.204071546760076 ], [ -1.540173185613561, 40.191146529123913 ], [ -1.688615202643263, 40.309087315053908 ], [ -1.713355538814881, 40.276774770963499 ], [ -1.729099389105912, 40.301009179031304 ], [ -1.697611688523853, 40.317165451076505 ], [ -1.776330939978997, 40.39148430248445 ], [ -1.805569519090909, 40.397946811302532 ], [ -1.801071276150616, 40.41410308334774 ], [ -1.785327425859585, 40.412487456143218 ], [ -1.749341482337233, 40.462571899483351 ], [ -1.69311344558356, 40.486806307551156 ], [ -1.702109931464147, 40.541737632504848 ], [ -1.675120473822382, 40.591822075844988 ], [ -1.598650343837384, 40.562740786163616 ], [ -1.544671428553855, 40.595053330254025 ], [ -1.564913521785179, 40.614440856708271 ], [ -1.537924064143414, 40.658062791230321 ], [ -1.535674942673268, 40.687144080911693 ], [ -1.562664400315033, 40.74045977866087 ], [ -1.540173185613561, 40.761462932319631 ], [ -1.544671428553855, 40.81639425727333 ], [ -1.621141558538852, 40.881019345454149 ], [ -1.607646829717972, 40.927872534385244 ], [ -1.803320397620762, 41.089435254837284 ], [ -1.931520321419143, 41.137904070972901 ], [ -1.958509779060908, 41.171832242267826 ], [ -2.050723759336933, 41.14759783420002 ] ], [ [ -1.101594498934894, 42.482105905133913 ], [ -1.128583956576659, 42.446562106634467 ], [ -1.061110312472248, 42.433637088998303 ], [ -1.052113826591658, 42.444946479429944 ], [ -1.101594498934894, 42.482105905133913 ] ], [ [ -1.14882604980798, 42.4417152250209 ], [ -1.182562871860185, 42.423943325771177 ], [ -1.184811993330332, 42.401324544907894 ], [ -1.155573414218424, 42.414249562544057 ], [ -1.14882604980798, 42.4417152250209 ] ] ] } },
{ "type": "Feature", "properties": { "territory_id": "03", "territory_name": "Principado de Asturias" }, "geometry": { "type": "Polygon", "coordinates": [ [ [ -7.046022544533454, 43.477332263118512 ], [ -7.030278694242424, 43.556497996140017 ], [ -6.97405065748875, 43.556497996140017 ], [ -6.949310321317132, 43.572654268185218 ], [ -6.809864790168017, 43.554882368935495 ], [ -6.767131482235223, 43.569423013776181 ], [ -6.724398174302431, 43.556497996140017 ], [ -6.627685951086109, 43.569423013776181 ], [ -6.524226363459347, 43.550035487321935 ], [ -6.472496569645966, 43.55165111452645 ], [ -6.470247448175817, 43.571038640980703 ], [ -6.37128610348935, 43.55165111452645 ], [ -6.24308617969097, 43.590426167434941 ], [ -6.112637134422442, 43.554882368935495 ], [ -6.022672275616562, 43.585579285821382 ], [ -5.959696874452446, 43.5791167770033 ], [ -5.914714445049505, 43.609813693889194 ], [ -5.914714445049505, 43.624354338729873 ], [ -5.887724987407742, 43.622738711525358 ], [ -5.842742558004801, 43.656666882820282 ], [ -5.784265399780978, 43.630816847547955 ], [ -5.79101276419142, 43.614660575502754 ], [ -5.755026820669068, 43.582348031412344 ], [ -5.701047905385538, 43.567807386571658 ], [ -5.694300540975098, 43.546804232912891 ], [ -5.413160357206721, 43.554882368935495 ], [ -5.386170899564958, 43.535494842481249 ], [ -5.300704283699369, 43.535494842481249 ], [ -5.215237667833783, 43.474101008709475 ], [ -5.129771051968197, 43.483794771936594 ], [ -5.012816735520552, 43.457944736664267 ], [ -4.936346605535554, 43.459560363868789 ], [ -4.652957300297031, 43.401397784506052 ], [ -4.544999469729973, 43.39978215730153 ], [ -4.511262647677768, 43.382010258051807 ], [ -4.533753862379237, 43.367469613211121 ], [ -4.522508255028503, 43.280225744167019 ], [ -4.538252105319533, 43.268916353735378 ], [ -4.549497712670266, 43.285072625780579 ], [ -4.60797487089409, 43.29638201621222 ], [ -4.632715207065706, 43.267300726530856 ], [ -4.729427430282028, 43.255991336099214 ], [ -4.720430944401441, 43.230141300826887 ], [ -4.733925673222322, 43.188134993509351 ], [ -4.754167766453646, 43.183288111895791 ], [ -4.841883503789379, 43.180056857486747 ], [ -4.871122082901291, 43.228525673622364 ], [ -4.895862419072907, 43.238219436849491 ], [ -4.943093969945995, 43.225294419213327 ], [ -4.997072885229523, 43.184903739100314 ], [ -4.997072885229523, 43.170363094259628 ], [ -5.021813221401141, 43.183288111895791 ], [ -5.075792136684669, 43.178441230282232 ], [ -5.102781594326434, 43.102506751669765 ], [ -5.141016659318932, 43.102506751669765 ], [ -5.147764023729373, 43.115431769305928 ], [ -5.219735910774078, 43.083119225215526 ], [ -5.282711311938193, 43.076656716397437 ], [ -5.341188470162017, 43.083119225215526 ], [ -5.343437591632163, 43.094428615647168 ], [ -5.383921778094809, 43.087966106829086 ], [ -5.390669142505251, 43.049191053920595 ], [ -5.480634001311131, 43.054037935534154 ], [ -5.494128730132013, 43.021725391443745 ], [ -5.629076018340834, 43.033034781875386 ], [ -5.687553176564657, 43.057269189943199 ], [ -5.728037363027303, 43.042728545102513 ], [ -5.766272428019802, 42.986181592944298 ], [ -5.759525063609361, 42.973256575308135 ], [ -5.804507493012302, 42.961947184876493 ], [ -5.887724987407742, 42.979719084126216 ], [ -5.887724987407742, 42.994259728966895 ], [ -5.955198631512152, 43.016878509830185 ], [ -5.973191603273328, 43.065347325965796 ], [ -6.01592491120612, 43.054037935534154 ], [ -6.081149433840384, 43.076656716397437 ], [ -6.096893284131413, 43.031419154670871 ], [ -6.13737747059406, 43.021725391443745 ], [ -6.216096722049205, 43.047575426716072 ], [ -6.22734232939994, 43.008800373807581 ], [ -6.283570366153615, 43.034650409079909 ], [ -6.328552795556556, 43.031419154670871 ], [ -6.357791374668468, 43.057269189943199 ], [ -6.396026439660966, 43.037881663488953 ], [ -6.407272047011702, 42.999106610580462 ], [ -6.445507112004201, 42.982950338535254 ], [ -6.476994812586259, 42.99264410176238 ], [ -6.46799832670567, 42.966794066490053 ], [ -6.434261504653465, 42.963562812081008 ], [ -6.432012383183318, 42.939328404013203 ], [ -6.542219335220523, 42.911862741536353 ], [ -6.61194210079508, 42.924787759172517 ], [ -6.722149052832284, 42.916709623149913 ], [ -6.773878846645665, 42.882781451854989 ], [ -6.771629725175519, 42.89893772390019 ], [ -6.841352490750076, 42.928019013581562 ], [ -6.83685424780978, 42.957100303262926 ], [ -6.881836677212721, 42.991028474557858 ], [ -6.908826134854486, 42.989412847353336 ], [ -6.947061199846985, 43.033034781875386 ], [ -6.965054171608161, 43.026572273057312 ], [ -6.962805050138014, 42.991028474557858 ], [ -6.996541872190219, 43.020109764239223 ], [ -6.983047143369337, 43.041112917897991 ], [ -6.971801536018603, 43.029803527466349 ], [ -6.951559442787278, 43.075041089192922 ], [ -6.915573499264926, 43.0734254619884 ], [ -6.827857761929193, 43.123509905328532 ], [ -6.821110397518753, 43.142897431782778 ], [ -6.839103369279929, 43.165516212646068 ], [ -6.875089312802281, 43.186519366304836 ], [ -6.886334920153015, 43.157438076623464 ], [ -6.958306807197721, 43.134819295760181 ], [ -6.98079802189919, 43.167131839850583 ], [ -6.971801536018603, 43.204291265554559 ], [ -7.001040115130513, 43.207522519963597 ], [ -7.010036601011102, 43.223678792008805 ], [ -7.019033086891689, 43.213985028781678 ], [ -7.061766394824483, 43.244681945667566 ], [ -7.06401551629463, 43.30122889782578 ], [ -7.102250581287128, 43.304460152234824 ], [ -7.13148916039904, 43.330310187507152 ], [ -7.138236524809482, 43.383625885256329 ], [ -7.176471589801981, 43.382010258051807 ], [ -7.171973346861687, 43.430479074187417 ], [ -7.097752338346835, 43.433710328596462 ], [ -7.091004973936395, 43.454713482255229 ], [ -7.046022544533454, 43.477332263118512 ] ] ] } },
{ "type": "Feature", "properties": { "territory_id": "04", "territory_name": "Illes Balears" }, "geometry": { "type": "MultiPolygon", "coordinates": [ [ [ [ 1.433165397920792, 38.774241470759478 ], [ 1.417421547629765, 38.785550861191119 ], [ 1.421919790570058, 38.796860251622761 ], [ 1.433165397920792, 38.774241470759478 ] ] ], [ [ [ 1.410674183219321, 38.890566629484951 ], [ 1.406175940279027, 38.832404050122214 ], [ 1.38368472557756, 38.842097813349341 ], [ 1.372439118226822, 38.830788422917692 ], [ 1.34320053911491, 38.871179103030705 ], [ 1.266730409129913, 38.877641611848787 ], [ 1.246488315898588, 38.856638458190019 ], [ 1.212751493846383, 38.897029138303033 ], [ 1.235242708547855, 38.940651072825084 ], [ 1.215000615316534, 38.956807344870285 ], [ 1.307214595592558, 38.972963616915493 ], [ 1.284723380891091, 38.99881365218782 ], [ 1.291470745301531, 39.024663687460148 ], [ 1.361193510876088, 39.07474813080028 ], [ 1.374688239696969, 39.061823113164117 ], [ 1.426418033510352, 39.092520030050011 ], [ 1.439912762331232, 39.081210639618362 ], [ 1.532126742607261, 39.118370065322338 ], [ 1.556867078778879, 39.094135657254526 ], [ 1.590603900831084, 39.09736691166357 ], [ 1.608596872592258, 39.077979385209325 ], [ 1.590603900831084, 39.07474813080028 ], [ 1.595102143771378, 39.052129349936997 ], [ 1.617593358472849, 39.037588705096312 ], [ 1.583856536420644, 39.014969924233029 ], [ 1.581607414950494, 38.989119888960701 ], [ 1.552368835838585, 38.992351143369739 ], [ 1.532126742607261, 38.979426125733575 ], [ 1.529877621137114, 38.945497954438643 ], [ 1.50963552790579, 38.947113581643166 ], [ 1.475898705853584, 38.913185410348234 ], [ 1.439912762331232, 38.916416664757278 ], [ 1.410674183219321, 38.890566629484951 ] ] ], [ [ [ 1.388182968517853, 38.641760039988803 ], [ 1.379186482637262, 38.719310145805778 ], [ 1.417421547629765, 38.722541400214823 ], [ 1.435414519390939, 38.759700825918792 ], [ 1.491642556144615, 38.690228856124413 ], [ 1.529877621137114, 38.67245695687469 ], [ 1.561365321719173, 38.691844483328936 ], [ 1.581607414950494, 38.67730383848825 ], [ 1.572610929069906, 38.651453803215922 ], [ 1.525379378196821, 38.653069430420445 ], [ 1.475898705853584, 38.682150720101816 ], [ 1.442161883801379, 38.683766347306332 ], [ 1.388182968517853, 38.641760039988803 ] ] ], [ [ [ 2.319319257158718, 39.577208191406143 ], [ 2.30807364980798, 39.582055073019703 ], [ 2.337312228919892, 39.598211345064911 ], [ 2.319319257158718, 39.577208191406143 ] ] ], [ [ [ 2.598210319456946, 39.548126901724771 ], [ 2.537484039762976, 39.517429984838884 ], [ 2.523989310942095, 39.457651778271625 ], [ 2.501498096240624, 39.46088303268067 ], [ 2.456515666837685, 39.50450496720272 ], [ 2.467761274188419, 39.519045612043406 ], [ 2.452017423897392, 39.53681751129313 ], [ 2.418280601845186, 39.523892493656966 ], [ 2.42277884478548, 39.535201884088607 ], [ 2.404785873024302, 39.53681751129313 ], [ 2.386792901263128, 39.520661239247929 ], [ 2.346308714800479, 39.564283173769979 ], [ 2.35530520068107, 39.577208191406143 ], [ 2.344059593330332, 39.586901954633262 ], [ 2.35530520068107, 39.606289481087515 ], [ 2.463263031248125, 39.651527042814081 ], [ 2.530736675352536, 39.701611486154221 ], [ 2.584715590636065, 39.716152130994899 ], [ 2.67018220650165, 39.792086609607367 ], [ 2.775890915598559, 39.840555425742977 ], [ 2.773641794128412, 39.851864816174619 ], [ 2.874852260285028, 39.877714851446946 ], [ 2.951322390270029, 39.919721158764474 ], [ 2.987308333792381, 39.908411768332833 ], [ 3.027792520255026, 39.935877430809683 ], [ 3.061529342307232, 39.932646176400638 ], [ 3.054781977896791, 39.922952413173519 ], [ 3.120006500531055, 39.931030549196123 ], [ 3.146995958172816, 39.953649330059406 ], [ 3.214469602277227, 39.96172746608201 ], [ 3.15374332258326, 39.922952413173519 ], [ 3.090767921419143, 39.911643022741877 ], [ 3.079522314068406, 39.889024241878587 ], [ 3.111010014650464, 39.8583273249927 ], [ 3.203223994926493, 39.889024241878587 ], [ 3.178483658754875, 39.840555425742977 ], [ 3.120006500531055, 39.832477289720373 ], [ 3.120006500531055, 39.803396000039008 ], [ 3.15374332258326, 39.767852201539554 ], [ 3.254953788739876, 39.729077148631063 ], [ 3.324676554314433, 39.758158438312435 ], [ 3.347167769015901, 39.788855355198322 ], [ 3.457374721053107, 39.745233420676271 ], [ 3.452876478112813, 39.720999012608459 ], [ 3.475367692814281, 39.720999012608459 ], [ 3.457374721053107, 39.704842740563258 ], [ 3.45512559958296, 39.654758297223125 ], [ 3.392150198418843, 39.617598871519156 ], [ 3.385402834008403, 39.588517581837785 ], [ 3.40114668429943, 39.577208191406143 ], [ 3.378655469597959, 39.575592564201621 ], [ 3.367409862247225, 39.551358156133816 ], [ 3.295437975202521, 39.499658085589161 ], [ 3.275195881971197, 39.415645470954097 ], [ 3.250455545799579, 39.386564181272732 ], [ 3.187480144635465, 39.334864110728077 ], [ 3.120006500531055, 39.312245329864787 ], [ 3.072774949657965, 39.268623395342736 ], [ 3.050283734956494, 39.265392140933699 ], [ 3.005301305553555, 39.315476584273831 ], [ 2.985059212322234, 39.315476584273831 ], [ 2.991806576732674, 39.336479737932592 ], [ 2.96481711909091, 39.359098518795882 ], [ 2.789385644419443, 39.36232977320492 ], [ 2.739904972076207, 39.417261098158619 ], [ 2.748901457956794, 39.436648624612864 ], [ 2.721912000315033, 39.475423677521356 ], [ 2.751150579426945, 39.50450496720272 ], [ 2.726410243255327, 39.53197062967957 ], [ 2.631947141509151, 39.569130055383539 ], [ 2.625199777098711, 39.546511274520256 ], [ 2.598210319456946, 39.548126901724771 ] ] ], [ [ [ 2.946824147329732, 39.124832574140413 ], [ 2.913087325277527, 39.144220100594666 ], [ 2.949073268799879, 39.149066982208225 ], [ 2.946824147329732, 39.163607627048904 ], [ 2.976062726441643, 39.158760745435345 ], [ 2.946824147329732, 39.124832574140413 ] ] ], [ [ [ 4.271556693246325, 39.808242881652568 ], [ 3.956679687425744, 39.939108685218727 ], [ 3.821732399216923, 39.922952413173519 ], [ 3.835227128037804, 39.960111838877488 ], [ 3.826230642157217, 39.995655637376942 ], [ 3.794742941575159, 40.000502518990501 ], [ 3.792493820105012, 40.019890045444747 ], [ 3.821732399216923, 40.050586962330634 ], [ 3.898202529201921, 40.06028072555776 ], [ 3.909448136552655, 40.048971335126112 ], [ 4.033149817410742, 40.06512760717132 ], [ 4.048893667701769, 40.052202589535156 ], [ 4.087128732694271, 40.068358861580364 ], [ 4.102872582985299, 40.044124453512552 ], [ 4.134360283567357, 40.063511979966798 ], [ 4.123114676216623, 40.03766194469447 ], [ 4.138858526507651, 40.032815063080911 ], [ 4.136609405037504, 40.066743234375842 ], [ 4.165847984149416, 40.058665098353238 ], [ 4.159100619738975, 40.042508826308037 ], [ 4.181591834440443, 40.021505672649269 ], [ 4.188339198850887, 40.034430690285433 ], [ 4.219826899432945, 39.997271264581457 ], [ 4.258061964425444, 39.995655637376942 ], [ 4.255812842955297, 39.963343093286532 ], [ 4.282802300597059, 39.943955566832287 ], [ 4.276054936186618, 39.932646176400638 ], [ 4.309791758238823, 39.877714851446946 ], [ 4.294047907947796, 39.880946105855983 ], [ 4.307542636768677, 39.848633561765581 ], [ 4.271556693246325, 39.808242881652568 ] ] ] ] } },
{ "type": "Feature", "properties": { "territory_id": "05", "territory_name": "Canarias" }, "geometry": { "type": "MultiPolygon", "coordinates": [ [ [ [ -17.956510796216623, 27.720120137430545 ], [ -17.985749375328535, 27.63772315 ], [ -18.050973897962798, 27.692654474953699 ], [ -18.145436999708974, 27.70396386538534 ], [ -18.16118085, 27.716888883021504 ], [ -18.152184364119414, 27.760510817543558 ], [ -18.131942270888089, 27.7718202079752 ], [ -18.104952813246324, 27.757279563134517 ], [ -18.039728290612061, 27.762126444748077 ], [ -17.996994982679269, 27.791207734429445 ], [ -17.992496739738975, 27.821904651315336 ], [ -17.918275731224124, 27.847754686587663 ], [ -17.882289787701772, 27.812210888088213 ], [ -17.931770460045005, 27.728198273453149 ], [ -17.956510796216623, 27.720120137430545 ] ] ], [ [ [ -17.886788030642066, 28.552168147758579 ], [ -17.925023095634565, 28.595790082280629 ], [ -18.005991468559856, 28.776740329186921 ], [ -17.920524852694271, 28.857521689412945 ], [ -17.857549451530154, 28.833287281345136 ], [ -17.77883020007501, 28.838134162958699 ], [ -17.72485128479148, 28.742812157891994 ], [ -17.769833714194419, 28.676571442506653 ], [ -17.749591620963098, 28.620024490348438 ], [ -17.760837228313832, 28.569940047008302 ], [ -17.832809115358536, 28.458461769896392 ], [ -17.857549451530154, 28.460077397100914 ], [ -17.875542423291328, 28.490774313986801 ], [ -17.886788030642066, 28.552168147758579 ] ] ], [ [ [ -17.191809496366638, 28.030320560698474 ], [ -17.270528747821782, 28.025473679084911 ], [ -17.34924799927693, 28.09817690328833 ], [ -17.346998877806783, 28.148261346628466 ], [ -17.317760298694871, 28.203192671582162 ], [ -17.259283140471048, 28.217733316422844 ], [ -17.117588487851787, 28.151492601037507 ], [ -17.099595516090609, 28.094945648879289 ], [ -17.191809496366638, 28.030320560698474 ] ] ], [ [ [ -16.732988716456646, 28.067479986402443 ], [ -16.834199182613261, 28.20157704437764 ], [ -16.838697425553555, 28.254892742126817 ], [ -16.919665798478849, 28.342136611170918 ], [ -16.917416677008703, 28.359908510420645 ], [ -16.829700939672968, 28.393836681715573 ], [ -16.809458846441643, 28.37606478246585 ], [ -16.755479931158117, 28.374449155261328 ], [ -16.674511558232822, 28.400299190533655 ], [ -16.602539671188119, 28.393836681715573 ], [ -16.476588868859885, 28.440689870646668 ], [ -16.429357317986799, 28.489158686782282 ], [ -16.422609953576359, 28.518239976463651 ], [ -16.332645094770477, 28.557015029372138 ], [ -16.33039597330033, 28.576402555826384 ], [ -16.224687264203421, 28.565093165394742 ], [ -16.157213620099011, 28.589327573462548 ], [ -16.13472240539754, 28.581249437439947 ], [ -16.121227676576659, 28.552168147758579 ], [ -16.143718891278127, 28.521471230872692 ], [ -16.235932871554155, 28.485927432373241 ], [ -16.253925843315333, 28.450383633873791 ], [ -16.355136309471948, 28.382527291283932 ], [ -16.368631038292829, 28.355061628807082 ], [ -16.361883673882389, 28.306592812671472 ], [ -16.424859075046506, 28.20157704437764 ], [ -16.424859075046506, 28.151492601037507 ], [ -16.546311634434446, 28.025473679084911 ], [ -16.595792306777678, 28.028704933493952 ], [ -16.67900980117312, 27.998008016608065 ], [ -16.708248380285028, 28.010933034244228 ], [ -16.710497501755178, 28.046476832743679 ], [ -16.737486959396939, 28.054554968766279 ], [ -16.732988716456646, 28.067479986402443 ] ] ], [ [ [ -15.415003534950497, 28.048092459948197 ], [ -15.367771984077407, 27.991545507789983 ], [ -15.379017591428143, 27.94630794606341 ], [ -15.361024619666967, 27.936614182836287 ], [ -15.383515834368438, 27.926920419609164 ], [ -15.385764955838585, 27.857448449814786 ], [ -15.412754413480348, 27.847754686587663 ], [ -15.421750899360937, 27.810595260883691 ], [ -15.563445551980198, 27.758895190339036 ], [ -15.567943794920492, 27.73950766388479 ], [ -15.673652504017403, 27.749201427111913 ], [ -15.786108577524754, 27.8348296689515 ], [ -15.83334012839784, 27.91076414756396 ], [ -15.822094521047106, 28.012548661448747 ], [ -15.790606820465047, 28.019011170266829 ], [ -15.707389326069608, 28.090098767265729 ], [ -15.696143718718872, 28.151492601037507 ], [ -15.709638447539755, 28.166033245878189 ], [ -15.664656018136814, 28.157955109855589 ], [ -15.637666560495051, 28.172495754696271 ], [ -15.612926224323433, 28.148261346628466 ], [ -15.579189402271227, 28.143414465014903 ], [ -15.529708729927993, 28.154723855446548 ], [ -15.468982450234025, 28.12564256576518 ], [ -15.430747385241524, 28.145030092219425 ], [ -15.44199299259226, 28.162801991469149 ], [ -15.421750899360937, 28.180573890718875 ], [ -15.403757927599761, 28.174111381900794 ], [ -15.412754413480348, 28.128873820174221 ], [ -15.428498263771377, 28.146645719423944 ], [ -15.428498263771377, 28.12564256576518 ], [ -15.410505292010201, 28.09817690328833 ], [ -15.415003534950497, 28.048092459948197 ] ] ], [ [ [ -14.32642874339934, 28.046476832743679 ], [ -14.504109339540955, 28.072326868016006 ], [ -14.49961109660066, 28.099792530492852 ], [ -14.382656780153017, 28.114333175333535 ], [ -14.315183136048606, 28.145030092219425 ], [ -14.222969155772578, 28.216117689218326 ], [ -14.202727062541255, 28.329211593534758 ], [ -14.17573760489949, 28.346983492784481 ], [ -14.150997268727874, 28.429380480215023 ], [ -14.101516596384638, 28.476233669146119 ], [ -14.034042952280227, 28.592558827871589 ], [ -14.009302616108611, 28.676571442506653 ], [ -14.0182991019892, 28.715346495415144 ], [ -13.926085121713172, 28.750890293914594 ], [ -13.867607963489348, 28.746043412301034 ], [ -13.831622019966996, 28.69434334175638 ], [ -13.827123777026703, 28.552168147758579 ], [ -13.842867627317732, 28.503699331622965 ], [ -13.867607963489348, 28.481080550759678 ], [ -13.851864113198321, 28.393836681715573 ], [ -13.926085121713172, 28.241967724490653 ], [ -14.222969155772578, 28.162801991469149 ], [ -14.32642874339934, 28.046476832743679 ] ] ], [ [ [ -13.822625534086409, 28.73796527627843 ], [ -13.836120262907292, 28.752505921119116 ], [ -13.813629048205822, 28.76543093875528 ], [ -13.822625534086409, 28.73796527627843 ] ] ], [ [ [ -13.485257313564357, 28.991618747388141 ], [ -13.644944937944796, 28.918915523184722 ], [ -13.741657161161116, 28.899527996730477 ], [ -13.786639590564057, 28.838134162958699 ], [ -13.793386954974498, 28.854290435003904 ], [ -13.876604449369939, 28.859137316617463 ], [ -13.881102692310233, 28.884987351889791 ], [ -13.82937289849685, 28.930224913616364 ], [ -13.833871141437143, 28.990003120183623 ], [ -13.813629048205822, 29.033625054705674 ], [ -13.752902768511852, 29.078862616432247 ], [ -13.71016946057906, 29.078862616432247 ], [ -13.658439666765677, 29.12410017815882 ], [ -13.631450209123912, 29.117637669340738 ], [ -13.604460751482149, 29.135409568590461 ], [ -13.561727443549355, 29.117637669340738 ], [ -13.539236228847885, 29.12410017815882 ], [ -13.496502920915091, 29.217806556021007 ], [ -13.469513463273328, 29.238809709679771 ], [ -13.420032790930094, 29.201650283975802 ], [ -13.429029276810681, 29.154797095044707 ], [ -13.462766098862886, 29.116022042136215 ], [ -13.447022248571859, 29.09178763406841 ], [ -13.462766098862886, 29.023931291478551 ], [ -13.485257313564357, 28.991618747388141 ] ] ], [ [ [ -13.471762584743475, 29.266275372156617 ], [ -13.521243257086709, 29.219422183225525 ], [ -13.543734471788181, 29.219422183225525 ], [ -13.507748528265827, 29.290509780224426 ], [ -13.471762584743475, 29.266275372156617 ] ] ], [ [ [ -13.530239742967296, 29.385831785291131 ], [ -13.50549940679568, 29.416528702177022 ], [ -13.489755556504651, 29.403603684540858 ], [ -13.507748528265827, 29.384216158086613 ], [ -13.530239742967296, 29.385831785291131 ] ] ] ] } },
{ "type": "Feature", "properties": { "territory_id": "06", "territory_name": "Cantabria" }, "geometry": { "type": "MultiPolygon", "coordinates": [ [ [ [ -4.850879989669966, 43.17197872146415 ], [ -4.733925673222322, 43.188134993509351 ], [ -4.720430944401441, 43.230141300826887 ], [ -4.729427430282028, 43.255991336099214 ], [ -4.632715207065706, 43.267300726530856 ], [ -4.60797487089409, 43.29638201621222 ], [ -4.549497712670266, 43.285072625780579 ], [ -4.538252105319533, 43.268916353735378 ], [ -4.522508255028503, 43.280225744167019 ], [ -4.533753862379237, 43.367469613211121 ], [ -4.513511769147915, 43.393319648483448 ], [ -4.216627735088508, 43.396550902892493 ], [ -3.811785870462046, 43.495104162368236 ], [ -3.784796412820283, 43.491872907959198 ], [ -3.7713016839994, 43.467638499891393 ], [ -3.809536748991899, 43.456329109459745 ], [ -3.81628411340234, 43.436941583005506 ], [ -3.802789384581459, 43.425632192573858 ], [ -3.81628411340234, 43.407860293324134 ], [ -3.780298169879988, 43.424016565369342 ], [ -3.791543777230723, 43.430479074187417 ], [ -3.769052562529254, 43.448250973437148 ], [ -3.744312226357636, 43.448250973437148 ], [ -3.775799926939694, 43.459560363868789 ], [ -3.7330666190069, 43.459560363868789 ], [ -3.595870209327932, 43.512876061617959 ], [ -3.548638658454845, 43.509644807208922 ], [ -3.539642172574258, 43.493488535163721 ], [ -3.512652714932493, 43.491872907959198 ], [ -3.512652714932493, 43.477332263118512 ], [ -3.4316843420072, 43.462791618277834 ], [ -3.42493697759676, 43.445019719028103 ], [ -3.460922921119112, 43.438557210210021 ], [ -3.465421164059405, 43.40462903891509 ], [ -3.449677313768376, 43.435325955800984 ], [ -3.422687856126613, 43.412707174937694 ], [ -3.325975632910291, 43.415938429346738 ], [ -3.220266923813382, 43.393319648483448 ], [ -3.211270437932793, 43.375547749233725 ], [ -3.152793279708971, 43.352928968370435 ], [ -3.157291522649265, 43.30122889782578 ], [ -3.209021316462646, 43.283456998576057 ], [ -3.292238810858086, 43.289919507394139 ], [ -3.294487932328233, 43.30122889782578 ], [ -3.343968604671467, 43.294766389007705 ], [ -3.339470361731173, 43.278610116962497 ], [ -3.449677313768376, 43.236603809644969 ], [ -3.418189613186319, 43.133203668555659 ], [ -3.602617573738375, 43.14935994060086 ], [ -3.611614059618962, 43.168747467055105 ], [ -3.64984912461146, 43.180056857486747 ], [ -3.70382803989499, 43.118663023714973 ], [ -3.755557833708371, 43.10089112446525 ], [ -3.757806955178518, 43.086350479624564 ], [ -3.847771813984398, 43.084734852420041 ], [ -3.832027963693369, 43.063731698761273 ], [ -3.850020935454545, 43.041112917897991 ], [ -3.888256000447045, 43.042728545102513 ], [ -3.908498093678368, 43.016878509830185 ], [ -3.94448403720072, 43.007184746603059 ], [ -3.989466466603661, 42.931250267990599 ], [ -3.973722616312632, 42.911862741536353 ], [ -3.926491065439544, 42.903784605513749 ], [ -3.868013907215722, 42.955484676058404 ], [ -3.829778842223222, 42.929634640786077 ], [ -3.868013907215722, 42.89893772390019 ], [ -3.899501607797779, 42.903784605513749 ], [ -3.892754243387339, 42.887628333468548 ], [ -3.912996336618662, 42.858547043787183 ], [ -3.868013907215722, 42.856931416582661 ], [ -3.863515664275427, 42.88924396067307 ], [ -3.825280599282928, 42.868240807014303 ], [ -3.823031477812782, 42.798768837219924 ], [ -3.863515664275427, 42.785843819583761 ], [ -3.895003364857486, 42.805231346038006 ], [ -3.910747215148515, 42.768071920334037 ], [ -3.978220859252925, 42.758378157106911 ], [ -4.000712073954396, 42.769687547538553 ], [ -4.002961195424543, 42.831081381310334 ], [ -4.043445381887189, 42.789075073992805 ], [ -4.045694503357335, 42.766456293129515 ], [ -4.081680446879687, 42.761609411515956 ], [ -4.097424297170717, 42.79069070119732 ], [ -4.151403212454246, 42.789075073992805 ], [ -4.185140034506452, 42.816540736469648 ], [ -4.158150576864687, 42.837543890128416 ], [ -4.144655848043804, 42.829465754105811 ], [ -4.126662876282628, 42.856931416582661 ], [ -4.149154090984098, 42.871472061423347 ], [ -4.198634763327332, 42.844006398946497 ], [ -4.22337509949895, 42.863393925400743 ], [ -4.239118949789979, 42.953869048853889 ], [ -4.347076780357035, 42.971640948103612 ], [ -4.398806574170417, 43.034650409079909 ], [ -4.461781975334533, 43.060500444352236 ], [ -4.475276704155416, 43.037881663488953 ], [ -4.520259133558357, 43.047575426716072 ], [ -4.558494198550855, 43.018494137034708 ], [ -4.605725749423943, 43.034650409079909 ], [ -4.639462571476148, 43.016878509830185 ], [ -4.74292215910291, 43.026572273057312 ], [ -4.733925673222322, 43.047575426716072 ], [ -4.76541337380438, 43.055653562738676 ], [ -4.767662495274527, 43.075041089192922 ], [ -4.83288701790879, 43.102506751669765 ], [ -4.850879989669966, 43.126741159737577 ], [ -4.835136139378939, 43.157438076623464 ], [ -4.850879989669966, 43.17197872146415 ] ], [ [ -4.08842781129013, 42.808462600447044 ], [ -4.106420783051306, 42.827850126901289 ], [ -4.101922540111012, 42.793921955606365 ], [ -4.08842781129013, 42.808462600447044 ] ] ], [ [ [ -3.303484418208821, 43.257606963303729 ], [ -3.249505502925293, 43.259222590508251 ], [ -3.269747596156616, 43.233372555235924 ], [ -3.265249353216321, 43.205906892759074 ], [ -3.285491446447645, 43.197828756736477 ], [ -3.303484418208821, 43.257606963303729 ] ] ] ] } },
{ "type": "Feature", "properties": { "territory_id": "07", "territory_name": "Castilla y León" }, "geometry": { "type": "MultiPolygon", "coordinates": [ [ [ [ -6.958306807197721, 41.968336454096409 ], [ -6.992043629249926, 41.98610835334614 ], [ -6.960555928667867, 42.026499033459146 ], [ -6.97405065748875, 42.055580323140518 ], [ -7.007787479540955, 42.052349068731473 ], [ -7.032527815712571, 42.074967849594763 ], [ -7.00328923660066, 42.084661612821883 ], [ -6.989794507779779, 42.121821038525852 ], [ -6.949310321317132, 42.136361683366538 ], [ -6.938064713966398, 42.176752363479551 ], [ -6.899829648973897, 42.189677381115715 ], [ -6.886334920153015, 42.21391178918352 ], [ -6.854847219570958, 42.226836806819684 ], [ -6.787373575466546, 42.215527416388042 ], [ -6.803117425757575, 42.239761824455847 ], [ -6.767131482235223, 42.257533723705571 ], [ -6.74014202459346, 42.297924403818584 ], [ -6.733394660183018, 42.359318237590358 ], [ -6.821110397518753, 42.385168272862686 ], [ -6.843601612220223, 42.406171426521453 ], [ -6.816612154578458, 42.427174580180221 ], [ -6.821110397518753, 42.454640242657064 ], [ -6.807615668697871, 42.46918088749775 ], [ -6.83685424780978, 42.495030922770077 ], [ -6.848099855160516, 42.48695278674748 ], [ -6.924569985145515, 42.519265330837882 ], [ -6.960555928667867, 42.517649703633367 ], [ -6.97405065748875, 42.493415295565555 ], [ -7.073012002175219, 42.506340313201719 ], [ -7.057268151884189, 42.564502892564462 ], [ -7.032527815712571, 42.583890419018701 ], [ -7.050520787473747, 42.598431063859387 ], [ -7.046022544533454, 42.632359235154318 ], [ -7.016783965421542, 42.645284252790482 ], [ -7.014534843951395, 42.664671779244728 ], [ -7.046022544533454, 42.695368696130615 ], [ -7.014534843951395, 42.722834358607464 ], [ -6.983047143369337, 42.717987476993898 ], [ -6.956057685727574, 42.755146902697874 ], [ -6.935815592496249, 42.740606257857188 ], [ -6.868341948391839, 42.787459446788283 ], [ -6.841352490750076, 42.82300324528773 ], [ -6.870591069861986, 42.873087688627862 ], [ -6.821110397518753, 42.868240807014303 ], [ -6.834605126339634, 42.903784605513749 ], [ -6.8233595189889, 42.915093995945398 ], [ -6.755885874884489, 42.882781451854989 ], [ -6.722149052832284, 42.916709623149913 ], [ -6.690661352250226, 42.92155650476348 ], [ -6.490489541407142, 42.919940877558957 ], [ -6.432012383183318, 42.939328404013203 ], [ -6.434261504653465, 42.963562812081008 ], [ -6.46799832670567, 42.966794066490053 ], [ -6.476994812586259, 42.99264410176238 ], [ -6.445507112004201, 42.982950338535254 ], [ -6.407272047011702, 42.999106610580462 ], [ -6.396026439660966, 43.037881663488953 ], [ -6.357791374668468, 43.057269189943199 ], [ -6.328552795556556, 43.031419154670871 ], [ -6.283570366153615, 43.034650409079909 ], [ -6.22734232939994, 43.008800373807581 ], [ -6.216096722049205, 43.047575426716072 ], [ -6.13737747059406, 43.021725391443745 ], [ -6.096893284131413, 43.031419154670871 ], [ -6.081149433840384, 43.076656716397437 ], [ -6.01592491120612, 43.054037935534154 ], [ -5.973191603273328, 43.065347325965796 ], [ -5.955198631512152, 43.016878509830185 ], [ -5.887724987407742, 42.994259728966895 ], [ -5.887724987407742, 42.979719084126216 ], [ -5.804507493012302, 42.961947184876493 ], [ -5.759525063609361, 42.973256575308135 ], [ -5.766272428019802, 42.986181592944298 ], [ -5.728037363027303, 43.042728545102513 ], [ -5.687553176564657, 43.057269189943199 ], [ -5.629076018340834, 43.033034781875386 ], [ -5.494128730132013, 43.021725391443745 ], [ -5.480634001311131, 43.054037935534154 ], [ -5.390669142505251, 43.049191053920595 ], [ -5.383921778094809, 43.087966106829086 ], [ -5.343437591632163, 43.094428615647168 ], [ -5.341188470162017, 43.083119225215526 ], [ -5.282711311938193, 43.076656716397437 ], [ -5.219735910774078, 43.083119225215526 ], [ -5.147764023729373, 43.115431769305928 ], [ -5.141016659318932, 43.102506751669765 ], [ -5.102781594326434, 43.102506751669765 ], [ -5.075792136684669, 43.178441230282232 ], [ -5.021813221401141, 43.183288111895791 ], [ -4.997072885229523, 43.170363094259628 ], [ -4.997072885229523, 43.184903739100314 ], [ -4.943093969945995, 43.225294419213327 ], [ -4.895862419072907, 43.238219436849491 ], [ -4.839634382319232, 43.189750620713873 ], [ -4.850879989669966, 43.17197872146415 ], [ -4.835136139378939, 43.157438076623464 ], [ -4.850879989669966, 43.126741159737577 ], [ -4.83288701790879, 43.102506751669765 ], [ -4.767662495274527, 43.075041089192922 ], [ -4.76541337380438, 43.055653562738676 ], [ -4.733925673222322, 43.047575426716072 ], [ -4.74292215910291, 43.026572273057312 ], [ -4.639462571476148, 43.016878509830185 ], [ -4.605725749423943, 43.034650409079909 ], [ -4.558494198550855, 43.018494137034708 ], [ -4.520259133558357, 43.047575426716072 ], [ -4.475276704155416, 43.037881663488953 ], [ -4.461781975334533, 43.060500444352236 ], [ -4.398806574170417, 43.034650409079909 ], [ -4.347076780357035, 42.971640948103612 ], [ -4.239118949789979, 42.953869048853889 ], [ -4.22337509949895, 42.863393925400743 ], [ -4.198634763327332, 42.844006398946497 ], [ -4.149154090984098, 42.871472061423347 ], [ -4.126662876282628, 42.856931416582661 ], [ -4.144655848043804, 42.829465754105811 ], [ -4.158150576864687, 42.837543890128416 ], [ -4.185140034506452, 42.816540736469648 ], [ -4.151403212454246, 42.789075073992805 ], [ -4.097424297170717, 42.79069070119732 ], [ -4.081680446879687, 42.761609411515956 ], [ -4.045694503357335, 42.766456293129515 ], [ -4.043445381887189, 42.789075073992805 ], [ -4.002961195424543, 42.831081381310334 ], [ -4.000712073954396, 42.769687547538553 ], [ -3.978220859252925, 42.758378157106911 ], [ -3.910747215148515, 42.768071920334037 ], [ -3.895003364857486, 42.805231346038006 ], [ -3.863515664275427, 42.785843819583761 ], [ -3.823031477812782, 42.798768837219924 ], [ -3.825280599282928, 42.868240807014303 ], [ -3.863515664275427, 42.88924396067307 ], [ -3.868013907215722, 42.856931416582661 ], [ -3.912996336618662, 42.858547043787183 ], [ -3.892754243387339, 42.887628333468548 ], [ -3.899501607797779, 42.903784605513749 ], [ -3.868013907215722, 42.89893772390019 ], [ -3.829778842223222, 42.929634640786077 ], [ -3.868013907215722, 42.955484676058404 ], [ -3.926491065439544, 42.903784605513749 ], [ -3.973722616312632, 42.911862741536353 ], [ -3.989466466603661, 42.931250267990599 ], [ -3.94448403720072, 43.007184746603059 ], [ -3.908498093678368, 43.016878509830185 ], [ -3.888256000447045, 43.042728545102513 ], [ -3.850020935454545, 43.041112917897991 ], [ -3.832027963693369, 43.063731698761273 ], [ -3.847771813984398, 43.084734852420041 ], [ -3.757806955178518, 43.086350479624564 ], [ -3.755557833708371, 43.10089112446525 ], [ -3.70382803989499, 43.118663023714973 ], [ -3.64984912461146, 43.180056857486747 ], [ -3.611614059618962, 43.168747467055105 ], [ -3.602617573738375, 43.14935994060086 ], [ -3.418189613186319, 43.133203668555659 ], [ -3.254003745865587, 43.199444383941 ], [ -3.222516045283529, 43.17197872146415 ], [ -3.16853713, 43.178441230282232 ], [ -3.141547672358236, 43.165516212646068 ], [ -3.182031858820881, 43.120278650919495 ], [ -3.134800307947796, 43.097659870056205 ], [ -3.157291522649265, 43.0734254619884 ], [ -3.141547672358236, 43.06857858037484 ], [ -3.143796793828383, 43.028187900261827 ], [ -3.177533615880588, 43.021725391443745 ], [ -3.143796793828383, 43.007184746603059 ], [ -3.076323149723972, 43.008800373807581 ], [ -2.981860047977797, 42.939328404013203 ], [ -3.017845991500151, 42.908631487127316 ], [ -3.089817878544855, 42.89893772390019 ], [ -3.150544158238825, 42.919940877558957 ], [ -3.143796793828383, 42.934481522399643 ], [ -3.224765166753675, 42.949022167240329 ], [ -3.249505502925293, 42.911862741536353 ], [ -3.276494960567057, 42.902168978309234 ], [ -3.283242324977499, 42.876318943036907 ], [ -3.236010774104411, 42.837543890128416 ], [ -3.209021316462646, 42.844006398946497 ], [ -3.19102834470147, 42.869856434218825 ], [ -3.173035372940294, 42.856931416582661 ], [ -3.125803822067207, 42.890859587877586 ], [ -3.105561728835884, 42.879550197445944 ], [ -3.159540644119412, 42.805231346038006 ], [ -3.1303020650075, 42.789075073992805 ], [ -3.148295036768676, 42.756762529902389 ], [ -3.047084570612061, 42.764840665924993 ], [ -3.04033720620162, 42.738990630652665 ], [ -3.017845991500151, 42.740606257857188 ], [ -2.97961092650765, 42.703446832153219 ], [ -2.930130254164416, 42.708293713766778 ], [ -2.903140796522653, 42.693753068926092 ], [ -2.896393432112211, 42.654978016017601 ], [ -2.858158367119712, 42.6388217439724 ], [ -2.88289870329133, 42.621049844722677 ], [ -2.923382889753976, 42.621049844722677 ], [ -2.970614440627063, 42.640437371176915 ], [ -3.083070514134414, 42.640437371176915 ], [ -3.060579299432943, 42.603277945472946 ], [ -3.067326663843385, 42.58873730063226 ], [ -3.134800307947796, 42.541884111701172 ], [ -3.071824906783679, 42.527343466860486 ], [ -3.094316121485148, 42.49179966836104 ], [ -3.047084570612061, 42.444946479429944 ], [ -3.065077542373237, 42.404555799316931 ], [ -3.053831935022503, 42.373858882431044 ], [ -3.083070514134414, 42.398093290498849 ], [ -3.078572271194119, 42.415865189748573 ], [ -3.10106348589559, 42.417480816953095 ], [ -3.105561728835884, 42.386783900067208 ], [ -3.06282842090309, 42.362549491999403 ], [ -3.110059971776177, 42.351240101567761 ], [ -3.087568757074708, 42.246224333273929 ], [ -3.103312607365737, 42.212296161978998 ], [ -3.128052943537353, 42.200986771547356 ], [ -3.085319635604561, 42.134746056162015 ], [ -3.065077542373237, 42.1331304289575 ], [ -3.03358984179118, 42.086277240026405 ], [ -2.934628497104711, 42.089508494435449 ], [ -2.914386403873387, 42.023267779050109 ], [ -2.88289870329133, 42.008727134209423 ], [ -2.797432087425742, 42.047502187117914 ], [ -2.790684723015302, 42.108896020889688 ], [ -2.774940872724272, 42.123436665730374 ], [ -2.734456686261627, 42.125052292934896 ], [ -2.707467228619862, 42.10566476648065 ], [ -2.707467228619862, 42.086277240026405 ], [ -2.756947900963096, 42.032961542277228 ], [ -2.745702293612361, 42.008727134209423 ], [ -2.705218107149715, 42.015189643027504 ], [ -2.673730406567657, 41.997417743777781 ], [ -2.626498855694569, 42.0071115070049 ], [ -2.579267304821482, 41.995802116573259 ], [ -2.552277847179719, 42.045886559913392 ], [ -2.514042782187218, 42.068505340776682 ], [ -2.514042782187218, 42.113742902503255 ], [ -2.484804203075308, 42.10566476648065 ], [ -2.437572652202221, 42.13797731057106 ], [ -2.318369214284429, 42.144439819389142 ], [ -2.282383270762077, 42.131514801752978 ], [ -2.268888541941195, 42.087892867230927 ], [ -2.237400841359136, 42.102433512071613 ], [ -2.127193889321934, 42.097586630458046 ], [ -2.127193889321934, 42.079814731208323 ], [ -2.160930711374139, 42.066889713572159 ], [ -2.115948281971196, 42.021652151845586 ], [ -2.106951796090609, 42.002264625391341 ], [ -2.124944767851787, 41.995802116573259 ], [ -2.100204431680169, 41.955411436460246 ], [ -2.037229030516052, 41.94087079161956 ], [ -2.028232544635465, 41.953795809255723 ], [ -1.981000993762375, 41.918252010756277 ], [ -1.915776471128112, 41.932792655596963 ], [ -1.857299312904292, 41.966720826891887 ], [ -1.857299312904292, 41.910173874733673 ], [ -1.823562490852087, 41.864936313007107 ], [ -1.81906424791179, 41.827776887303131 ], [ -1.852801069963995, 41.789001834394639 ], [ -1.825811612322234, 41.77930807116752 ], [ -1.803320397620762, 41.750226781486148 ], [ -1.810067762031203, 41.735686136645469 ], [ -1.776330939978997, 41.724376746213821 ], [ -1.812316883501349, 41.661367285237525 ], [ -1.859548434374439, 41.661367285237525 ], [ -1.922523835538552, 41.598357824261228 ], [ -1.992246601113113, 41.601589078670273 ], [ -1.99449572258326, 41.57735467060246 ], [ -1.967506264941495, 41.545042126512051 ], [ -1.981000993762375, 41.486879547149314 ], [ -1.954011536120611, 41.462645139081509 ], [ -1.938267685829583, 41.407713814127817 ], [ -2.041727273456345, 41.388326287673571 ], [ -2.034979909045905, 41.427101340582063 ], [ -2.102453553150315, 41.446488867036308 ], [ -2.12044652491149, 41.380248151650967 ], [ -2.163179832844284, 41.356013743583162 ], [ -2.174425440195019, 41.288157400993299 ], [ -2.145186861083108, 41.184757259903989 ], [ -2.079962338448844, 41.17021661506331 ], [ -2.050723759336933, 41.14759783420002 ], [ -2.066467609627963, 41.095897763655366 ], [ -2.048474637866786, 41.078125864405642 ], [ -2.057471123747376, 41.070047728383038 ], [ -2.12944301079208, 41.116900917314133 ], [ -2.174425440195019, 41.082972746019202 ], [ -2.232902598418843, 41.097513390859888 ], [ -2.264390299000899, 41.066816473974001 ], [ -2.322867457224723, 41.057122710746874 ], [ -2.354355157806781, 41.086204000428246 ], [ -2.419579680441045, 41.057122710746874 ], [ -2.469060352784279, 41.078125864405642 ], [ -2.482555081605161, 41.116900917314133 ], [ -2.509544539246924, 41.118516544518656 ], [ -2.536533996888689, 41.162138479040706 ], [ -2.574769061881188, 41.139519698177423 ], [ -2.595011155112511, 41.149213461404543 ], [ -2.577018183351335, 41.178294751085915 ], [ -2.619751491284129, 41.183141632699474 ], [ -2.619751491284129, 41.196066650335638 ], [ -2.592762033642364, 41.20252915915372 ], [ -2.590512912172217, 41.225147940017003 ], [ -2.628747977164716, 41.215454176789876 ], [ -2.646740948925892, 41.239688584857689 ], [ -2.709716350090009, 41.252613602493852 ], [ -2.716463714500451, 41.275232383357135 ], [ -2.76144614390339, 41.27361675615262 ], [ -2.774940872724272, 41.249382348084808 ], [ -2.819923302127213, 41.257460484107412 ], [ -2.867154853000301, 41.275232383357135 ], [ -2.876151338880888, 41.322085572288231 ], [ -2.907639039462946, 41.32693245390179 ], [ -2.941375861515152, 41.314007436265626 ], [ -2.943624982985298, 41.297851164220425 ], [ -3.06282842090309, 41.27361675615262 ], [ -3.206772194992499, 41.304313673038507 ], [ -3.238259895574558, 41.288157400993299 ], [ -3.254003745865587, 41.259076111311934 ], [ -3.27424583909691, 41.260691738516456 ], [ -3.276494960567057, 41.275232383357135 ], [ -3.292238810858086, 41.257460484107412 ], [ -3.400196641425143, 41.254229229698367 ], [ -3.40244576289529, 41.213838549585361 ], [ -3.442929949357936, 41.215454176789876 ], [ -3.465421164059405, 41.183141632699474 ], [ -3.519400079342935, 41.162138479040706 ], [ -3.600368452268228, 41.155675970222624 ], [ -3.679087703723372, 41.084588373223724 ], [ -3.739813983417342, 41.053891456337837 ], [ -3.780298169879988, 41.00057575858866 ], [ -3.908498093678368, 40.955338196862087 ], [ -3.951231401611162, 40.893944363090313 ], [ -3.946733158670867, 40.863247446204426 ], [ -3.980469980723072, 40.784081713182921 ], [ -4.070434839528954, 40.79377547641004 ], [ -4.144655848043804, 40.695222216934297 ], [ -4.171645305685569, 40.680681572093611 ], [ -4.173894427155716, 40.630597128753479 ], [ -4.160399698334833, 40.624134619935397 ], [ -4.261610164491449, 40.604747093481151 ], [ -4.270606650372038, 40.628981501548957 ], [ -4.288599622133214, 40.627365874344434 ], [ -4.288599622133214, 40.564356413368138 ], [ -4.324585565655566, 40.549815768527452 ], [ -4.322336444185419, 40.449646881847187 ], [ -4.340329415946595, 40.436721864211023 ], [ -4.331332930066006, 40.407640574529651 ], [ -4.414550424461446, 40.409256201734173 ], [ -4.441539882103211, 40.388253048075413 ], [ -4.439290760633064, 40.351093622371437 ], [ -4.461781975334533, 40.339784231939795 ], [ -4.455034610924093, 40.318781078281027 ], [ -4.504515283267327, 40.31554982387199 ], [ -4.527006497968797, 40.344631113553355 ], [ -4.54724859120012, 40.339784231939795 ], [ -4.529255619438944, 40.292931043008707 ], [ -4.569739805901591, 40.259002871713776 ], [ -4.565241562961296, 40.218612191600762 ], [ -4.639462571476148, 40.197609037941994 ], [ -4.686694122349236, 40.210534055578158 ], [ -4.69793972969997, 40.281621652577059 ], [ -4.760915130864086, 40.260618498918291 ], [ -4.803648438796881, 40.275159143758977 ], [ -4.817143167617761, 40.255771617304731 ], [ -4.805897560267027, 40.234768463645963 ], [ -4.925100998184819, 40.170143375465145 ], [ -4.925100998184819, 40.13621520417022 ], [ -5.006069371110112, 40.110365168897893 ], [ -5.017314978460846, 40.158833985033503 ], [ -5.06679565080408, 40.150755849010906 ], [ -5.143265780789079, 40.090977642443647 ], [ -5.199493817542754, 40.081283879216521 ], [ -5.21073942489349, 40.105518287284326 ], [ -5.336690227221723, 40.115212050511452 ], [ -5.36817792780378, 40.16368086664707 ], [ -5.370427049273928, 40.215380937191725 ], [ -5.343437591632163, 40.263849753327335 ], [ -5.42890420749775, 40.252540362895694 ], [ -5.471637515430544, 40.207302801169121 ], [ -5.530114673654365, 40.194377783532957 ], [ -5.611083046579658, 40.215380937191725 ], [ -5.624577775400541, 40.247693481282127 ], [ -5.649318111572157, 40.249309108486649 ], [ -5.656065475982599, 40.270312262145417 ], [ -5.692051419504951, 40.291315415804185 ], [ -5.793261885661567, 40.286468534190618 ], [ -5.802258371542154, 40.297777924622267 ], [ -5.782016278310831, 40.312318569462946 ], [ -5.795511007131713, 40.351093622371437 ], [ -5.894472351818182, 40.318781078281027 ], [ -5.903468837698771, 40.294546670213222 ], [ -5.937205659750976, 40.281621652577059 ], [ -6.004679303855387, 40.305856060644864 ], [ -6.01592491120612, 40.339784231939795 ], [ -6.096893284131413, 40.355940503984996 ], [ -6.067654705019502, 40.397946811302532 ], [ -6.128380984713472, 40.420565592165815 ], [ -6.119384498832883, 40.441568745824583 ], [ -6.148623077944794, 40.436721864211023 ], [ -6.155370442355236, 40.457725017869791 ], [ -6.200352871758176, 40.483575053142118 ], [ -6.240837058220823, 40.485190680346633 ], [ -6.294815973504351, 40.451262509051709 ], [ -6.333051038496849, 40.448031254642665 ], [ -6.375784346429644, 40.399562438507054 ], [ -6.418517654362436, 40.399562438507054 ], [ -6.43875974759376, 40.373712403234727 ], [ -6.535471970810081, 40.347862367962399 ], [ -6.560212306981699, 40.328474841508154 ], [ -6.555714064041405, 40.291315415804185 ], [ -6.587201764623462, 40.270312262145417 ], [ -6.67266838048905, 40.263849753327335 ], [ -6.690661352250226, 40.242846599668567 ], [ -6.717650809891989, 40.268696634940895 ], [ -6.755885874884489, 40.246077854077612 ], [ -6.800868304287429, 40.242846599668567 ], [ -6.863843705451545, 40.270312262145417 ], [ -6.863843705451545, 40.296162297417744 ], [ -6.789622696936695, 40.334937350326236 ], [ -6.794120939876988, 40.355940503984996 ], [ -6.780626211056106, 40.3640186400076 ], [ -6.839103369279929, 40.41410308334774 ], [ -6.850348976630663, 40.451262509051709 ], [ -6.796370061347135, 40.511040715618961 ], [ -6.800868304287429, 40.549815768527452 ], [ -6.845850733690369, 40.56597204057266 ], [ -6.794120939876988, 40.661294045639366 ], [ -6.83010688339934, 40.742075405865393 ], [ -6.8233595189889, 40.845475546954695 ], [ -6.800868304287429, 40.84870680136374 ], [ -6.809864790168017, 40.882634972658664 ], [ -6.839103369279929, 40.890713108681268 ], [ -6.859345462511252, 40.950491315248527 ], [ -6.922320863675369, 41.002191385793182 ], [ -6.931317349555956, 41.029657048270025 ], [ -6.809864790168017, 41.036119557088114 ], [ -6.753636753414341, 41.10397589967797 ], [ -6.767131482235223, 41.134672816563857 ], [ -6.708654324011402, 41.173447869472348 ], [ -6.647928044317432, 41.247766720880293 ], [ -6.587201764623462, 41.252613602493852 ], [ -6.584952643153315, 41.241304212062204 ], [ -6.55121582110111, 41.24615109367577 ], [ -6.517478999048905, 41.275232383357135 ], [ -6.499486027287729, 41.265538620130016 ], [ -6.46799832670567, 41.301082418629463 ], [ -6.450005354944494, 41.299466791424948 ], [ -6.416268532892289, 41.347935607560558 ], [ -6.375784346429644, 41.360860625196722 ], [ -6.391528196720673, 41.383479406060005 ], [ -6.315058066735673, 41.389941914878094 ], [ -6.333051038496849, 41.406098186923295 ], [ -6.294815973504351, 41.435179476604659 ], [ -6.306061580855086, 41.449720121445345 ], [ -6.189107264407442, 41.574123416193423 ], [ -6.301563337914791, 41.661367285237525 ], [ -6.452254476414641, 41.68075481169177 ], [ -6.488240419936995, 41.658136030828487 ], [ -6.548966699630963, 41.68560169330533 ], [ -6.542219335220523, 41.703373592555053 ], [ -6.569208792862286, 41.743764272668066 ], [ -6.517478999048905, 41.874630076234226 ], [ -6.571457914332434, 41.88270821225683 ], [ -6.548966699630963, 41.944102046028604 ], [ -6.587201764623462, 41.968336454096409 ], [ -6.598447371974197, 41.948948927642164 ], [ -6.699657838130813, 41.932792655596963 ], [ -6.751387631944194, 41.944102046028604 ], [ -6.76938060370537, 41.984492726141617 ], [ -6.812113911638164, 41.992570862164214 ], [ -6.821110397518753, 41.945717673233126 ], [ -6.944812078376838, 41.944102046028604 ], [ -6.958306807197721, 41.968336454096409 ] ], [ [ -4.315589079774977, 40.648369028003202 ], [ -4.257111921551155, 40.651600282412247 ], [ -4.254862800081009, 40.661294045639366 ], [ -4.284101379192919, 40.680681572093611 ], [ -4.315589079774977, 40.666140927252926 ], [ -4.315589079774977, 40.648369028003202 ] ] ], [ [ [ -4.08842781129013, 42.808462600447044 ], [ -4.101922540111012, 42.793921955606365 ], [ -4.106420783051306, 42.827850126901289 ], [ -4.08842781129013, 42.808462600447044 ] ] ], [ [ [ -2.930130254164416, 42.611356081495551 ], [ -2.923382889753976, 42.600046691063909 ], [ -2.939126740045005, 42.593584182245827 ], [ -2.930130254164416, 42.611356081495551 ] ] ], [ [ [ -2.864905731530152, 42.743837512266225 ], [ -2.835667152418242, 42.79553758281088 ], [ -2.826670666537654, 42.784228192379238 ], [ -2.73220756479148, 42.793921955606365 ], [ -2.633246220105011, 42.764840665924993 ], [ -2.6040076409931, 42.769687547538553 ], [ -2.58826379070207, 42.750300021084314 ], [ -2.559025211590159, 42.763225038720478 ], [ -2.572519940411041, 42.724449985811987 ], [ -2.608505883933393, 42.695368696130615 ], [ -2.579267304821482, 42.669518660858287 ], [ -2.523039268067807, 42.684059305698973 ], [ -2.516291903657367, 42.646899879995004 ], [ -2.550028725709572, 42.637206116767878 ], [ -2.635495341575158, 42.648515507199519 ], [ -2.653488313336334, 42.669518660858287 ], [ -2.698470742739273, 42.674365542471847 ], [ -2.718712835970598, 42.661440524835683 ], [ -2.768193508313832, 42.666287406449243 ], [ -2.783937358604861, 42.698599950539659 ], [ -2.824421545067507, 42.708293713766778 ], [ -2.864905731530152, 42.743837512266225 ] ] ] ] } },
{ "type": "Feature", "properties": { "territory_id": "08", "territory_name": "Castilla-La Mancha" }, "geometry": { "type": "Polygon", "coordinates": [ [ [ -5.046553557572757, 38.729003909032905 ], [ -4.990325520819082, 38.740313299464546 ], [ -4.972332549057906, 38.761316453123314 ], [ -4.943093969945995, 38.855022830985504 ], [ -4.913855390834083, 38.887335375075907 ], [ -4.84863086819982, 38.880872866257832 ], [ -4.837385260849086, 38.930957309597964 ], [ -4.850879989669966, 38.947113581643166 ], [ -4.918353633774377, 38.956807344870285 ], [ -4.963336063177318, 39.058591858755079 ], [ -4.859876475550555, 39.03112619627823 ], [ -4.83288701790879, 39.045666841118916 ], [ -4.82613965349835, 39.063438740368639 ], [ -4.873371204371438, 39.095751284459048 ], [ -4.853129111140115, 39.152298236617263 ], [ -4.810395803207321, 39.199151425548358 ], [ -4.648459057356735, 39.165223254253426 ], [ -4.709185337050705, 39.210460815979999 ], [ -4.713683579990999, 39.244388987274931 ], [ -4.760915130864086, 39.320323465887391 ], [ -4.706936215580559, 39.328401601909995 ], [ -4.711434458520852, 39.346173501159718 ], [ -4.66870115058806, 39.423723606976701 ], [ -4.691192365289529, 39.45118926945355 ], [ -4.767662495274527, 39.401104826113411 ], [ -4.871122082901291, 39.368792282023009 ], [ -4.90935714789379, 39.378486045250128 ], [ -5.008318492580258, 39.435032997408342 ], [ -5.057799164923493, 39.489964322362042 ], [ -5.082539501095109, 39.489964322362042 ], [ -5.201742939012901, 39.591748836246829 ], [ -5.161258752550255, 39.643448906791477 ], [ -5.138767537848786, 39.714536503790384 ], [ -5.174753481371138, 39.750080302289831 ], [ -5.159009631080108, 39.75977406551695 ], [ -5.168006116960695, 39.798549118425441 ], [ -5.206241181953196, 39.796933491220926 ], [ -5.253472732826284, 39.753311556698876 ], [ -5.309700769579958, 39.75977406551695 ], [ -5.307451648109812, 39.835708544129417 ], [ -5.282711311938193, 39.856711697788178 ], [ -5.293956919288929, 39.874483597037909 ], [ -5.325444619870987, 39.892255496287632 ], [ -5.40641299279628, 39.877714851446946 ], [ -5.365928806333633, 39.982730619740778 ], [ -5.36817792780378, 40.100671405670766 ], [ -5.336690227221723, 40.115212050511452 ], [ -5.266967461647164, 40.111980796102415 ], [ -5.21073942489349, 40.105518287284326 ], [ -5.199493817542754, 40.081283879216521 ], [ -5.143265780789079, 40.090977642443647 ], [ -5.06679565080408, 40.150755849010906 ], [ -5.017314978460846, 40.158833985033503 ], [ -5.006069371110112, 40.110365168897893 ], [ -4.925100998184819, 40.13621520417022 ], [ -4.925100998184819, 40.170143375465145 ], [ -4.805897560267027, 40.234768463645963 ], [ -4.817143167617761, 40.255771617304731 ], [ -4.803648438796881, 40.275159143758977 ], [ -4.760915130864086, 40.260618498918291 ], [ -4.69793972969997, 40.281621652577059 ], [ -4.686694122349236, 40.210534055578158 ], [ -4.639462571476148, 40.197609037941994 ], [ -4.578736291782178, 40.21699656439624 ], [ -4.536002983849386, 40.199224665146517 ], [ -4.448287246513651, 40.233152836441448 ], [ -4.43479251769277, 40.259002871713776 ], [ -4.383062723879387, 40.289699788599663 ], [ -4.378564480939094, 40.31554982387199 ], [ -4.356073266237624, 40.309087315053908 ], [ -4.342578537416742, 40.241230972464052 ], [ -4.295346986543654, 40.218612191600762 ], [ -4.24586631420042, 40.273543516554454 ], [ -4.203133006267628, 40.268696634940895 ], [ -4.203133006267628, 40.28808416139514 ], [ -4.180641791566156, 40.292931043008707 ], [ -4.144655848043804, 40.263849753327335 ], [ -4.151403212454246, 40.249309108486649 ], [ -4.104171661581159, 40.241230972464052 ], [ -4.079431325409541, 40.26708100773638 ], [ -4.023203288655866, 40.249309108486649 ], [ -3.991715588073808, 40.208918428373636 ], [ -3.953480523081309, 40.21214968278268 ], [ -3.951231401611162, 40.189530901919397 ], [ -3.930989308379838, 40.204071546760076 ], [ -3.865764785745574, 40.187915274714875 ], [ -3.834277085163517, 40.162065239442548 ], [ -3.800540263111312, 40.174990257078711 ], [ -3.7713016839994, 40.139446458579258 ], [ -3.667842096372638, 40.142677712988302 ], [ -3.656596489021902, 40.124905813738579 ], [ -3.607115816678668, 40.108749541693371 ], [ -3.622859666969697, 40.053818216739678 ], [ -3.679087703723372, 40.016658791035709 ], [ -3.699329796954695, 40.019890045444747 ], [ -3.746561347827782, 39.979499365331733 ], [ -3.735315740477049, 39.96172746608201 ], [ -3.757806955178518, 39.968189974900092 ], [ -3.78704553429043, 39.943955566832287 ], [ -3.809536748991899, 39.953649330059406 ], [ -3.829778842223222, 39.932646176400638 ], [ -3.838775328103811, 39.942339939627765 ], [ -3.874761271626163, 39.929414921991601 ], [ -3.874761271626163, 39.910027395537355 ], [ -3.807287627521752, 39.887408614674072 ], [ -3.744312226357636, 39.940724312423242 ], [ -3.629607031380138, 39.968189974900092 ], [ -3.638603517260727, 39.987577501354338 ], [ -3.589122844917492, 40.013427536626665 ], [ -3.530645686693669, 40.018274418240225 ], [ -3.505905350522053, 40.048971335126112 ], [ -3.393449277014701, 40.036046317489948 ], [ -3.377705426723672, 40.074821370398439 ], [ -3.328224754380438, 40.079668252011999 ], [ -3.303484418208821, 40.053818216739678 ], [ -3.242758138514851, 40.053818216739678 ], [ -3.166288008529854, 40.090977642443647 ], [ -3.161789765589559, 40.06512760717132 ], [ -3.089817878544855, 40.069974488784879 ], [ -3.053831935022503, 40.107133914488848 ], [ -3.096565242955295, 40.142677712988302 ], [ -3.089817878544855, 40.16368086664707 ], [ -3.071824906783679, 40.155602730624466 ], [ -3.096565242955295, 40.268696634940895 ], [ -3.112309093246324, 40.284852906986103 ], [ -3.173035372940294, 40.234768463645963 ], [ -3.195526587641764, 40.247693481282127 ], [ -3.179782737350735, 40.313934196667468 ], [ -3.141547672358236, 40.351093622371437 ], [ -3.152793279708971, 40.367249894416645 ], [ -3.1303020650075, 40.404409320120614 ], [ -3.155042401179118, 40.439953118620068 ], [ -3.197775709111911, 40.441568745824583 ], [ -3.200024830582059, 40.514271970028005 ], [ -3.25175462439544, 40.541737632504848 ], [ -3.296737053798379, 40.536890750891288 ], [ -3.287740567917792, 40.572434549390742 ], [ -3.330473875850585, 40.596668957458547 ], [ -3.328224754380438, 40.640290891980598 ], [ -3.366459819372938, 40.648369028003202 ], [ -3.375456305253525, 40.680681572093611 ], [ -3.400196641425143, 40.691990962525253 ], [ -3.404694884365437, 40.66937218166197 ], [ -3.467670285529554, 40.690375335320738 ], [ -3.436182584947495, 40.72268787941114 ], [ -3.449677313768376, 40.732381642638266 ], [ -3.445179070828083, 40.761462932319631 ], [ -3.467670285529554, 40.784081713182921 ], [ -3.503656229051906, 40.788928594796481 ], [ -3.476666771410141, 40.82608802050045 ], [ -3.472168528469847, 40.864863073408941 ], [ -3.438431706417642, 40.890713108681268 ], [ -3.458673799648965, 40.89717561749935 ], [ -3.418189613186319, 40.987650740952496 ], [ -3.393449277014701, 41.00057575858866 ], [ -3.438431706417642, 41.042582065906188 ], [ -3.427186099066907, 41.082972746019202 ], [ -3.487912378760877, 41.10397589967797 ], [ -3.510403593462346, 41.137904070972901 ], [ -3.541891294044405, 41.149213461404543 ], [ -3.539642172574258, 41.165369733449751 ], [ -3.465421164059405, 41.183141632699474 ], [ -3.442929949357936, 41.215454176789876 ], [ -3.40244576289529, 41.213838549585361 ], [ -3.400196641425143, 41.254229229698367 ], [ -3.292238810858086, 41.257460484107412 ], [ -3.276494960567057, 41.275232383357135 ], [ -3.27424583909691, 41.260691738516456 ], [ -3.254003745865587, 41.259076111311934 ], [ -3.238259895574558, 41.288157400993299 ], [ -3.206772194992499, 41.304313673038507 ], [ -3.06282842090309, 41.27361675615262 ], [ -2.943624982985298, 41.297851164220425 ], [ -2.941375861515152, 41.314007436265626 ], [ -2.907639039462946, 41.32693245390179 ], [ -2.876151338880888, 41.322085572288231 ], [ -2.867154853000301, 41.275232383357135 ], [ -2.819923302127213, 41.257460484107412 ], [ -2.774940872724272, 41.249382348084808 ], [ -2.76144614390339, 41.27361675615262 ], [ -2.716463714500451, 41.275232383357135 ], [ -2.709716350090009, 41.252613602493852 ], [ -2.646740948925892, 41.239688584857689 ], [ -2.628747977164716, 41.215454176789876 ], [ -2.590512912172217, 41.225147940017003 ], [ -2.592762033642364, 41.20252915915372 ], [ -2.619751491284129, 41.196066650335638 ], [ -2.619751491284129, 41.183141632699474 ], [ -2.577018183351335, 41.178294751085915 ], [ -2.595011155112511, 41.149213461404543 ], [ -2.574769061881188, 41.139519698177423 ], [ -2.536533996888689, 41.162138479040706 ], [ -2.509544539246924, 41.118516544518656 ], [ -2.482555081605161, 41.116900917314133 ], [ -2.469060352784279, 41.078125864405642 ], [ -2.419579680441045, 41.057122710746874 ], [ -2.354355157806781, 41.086204000428246 ], [ -2.322867457224723, 41.057122710746874 ], [ -2.264390299000899, 41.066816473974001 ], [ -2.232902598418843, 41.097513390859888 ], [ -2.174425440195019, 41.082972746019202 ], [ -2.12944301079208, 41.116900917314133 ], [ -2.057471123747376, 41.070047728383038 ], [ -2.048474637866786, 41.078125864405642 ], [ -2.066467609627963, 41.095897763655366 ], [ -2.048474637866786, 41.152444715813587 ], [ -1.958509779060908, 41.171832242267826 ], [ -1.931520321419143, 41.137904070972901 ], [ -1.895534377896791, 41.134672816563857 ], [ -1.769583575568557, 41.066816473974001 ], [ -1.607646829717972, 40.927872534385244 ], [ -1.621141558538852, 40.881019345454149 ], [ -1.544671428553855, 40.81639425727333 ], [ -1.540173185613561, 40.761462932319631 ], [ -1.562664400315033, 40.74045977866087 ], [ -1.535674942673268, 40.687144080911693 ], [ -1.537924064143414, 40.658062791230321 ], [ -1.564913521785179, 40.614440856708271 ], [ -1.544671428553855, 40.595053330254025 ], [ -1.598650343837384, 40.562740786163616 ], [ -1.675120473822382, 40.591822075844988 ], [ -1.702109931464147, 40.541737632504848 ], [ -1.69311344558356, 40.486806307551156 ], [ -1.749341482337233, 40.462571899483351 ], [ -1.805569519090909, 40.397946811302532 ], [ -1.776330939978997, 40.39148430248445 ], [ -1.697611688523853, 40.317165451076505 ], [ -1.729099389105912, 40.301009179031304 ], [ -1.713355538814881, 40.276774770963499 ], [ -1.688615202643263, 40.309087315053908 ], [ -1.540173185613561, 40.191146529123913 ], [ -1.51093460650165, 40.204071546760076 ], [ -1.474948662979298, 40.184684020305831 ], [ -1.438962719456946, 40.197609037941994 ], [ -1.456955691218123, 40.134599576965698 ], [ -1.407475018874887, 40.100671405670766 ], [ -1.420969747695768, 40.094208896852685 ], [ -1.375987318292829, 40.016658791035709 ], [ -1.247787394494448, 39.995655637376942 ], [ -1.164569900099011, 40.01019628221762 ], [ -1.142078685397539, 39.971421229309129 ], [ -1.205054086561656, 39.948802448445846 ], [ -1.200555843621363, 39.859942952197223 ], [ -1.214050572442243, 39.808242881652568 ], [ -1.274776852136213, 39.73877091185819 ], [ -1.261282123315333, 39.698380231745176 ], [ -1.279275095076507, 39.677377078086408 ], [ -1.313011917128712, 39.670914569268326 ], [ -1.369239953882389, 39.690302095722572 ], [ -1.418720626225621, 39.654758297223125 ], [ -1.461453934158417, 39.577208191406143 ], [ -1.504187242091209, 39.564283173769979 ], [ -1.499688999150916, 39.502889339998205 ], [ -1.524429335322534, 39.457651778271625 ], [ -1.506436363561356, 39.418876725363134 ], [ -1.483945148859885, 39.423723606976701 ], [ -1.486194270330031, 39.401104826113411 ], [ -1.452457448277826, 39.397873571704373 ], [ -1.445710083867386, 39.36232977320492 ], [ -1.420969747695768, 39.381717299659172 ], [ -1.335503131830183, 39.333248483523555 ], [ -1.319759281539152, 39.342942246750681 ], [ -1.223047058322834, 39.315476584273831 ], [ -1.20955232950195, 39.326785974705473 ], [ -1.162320778628864, 39.305782821046705 ], [ -1.193808479210922, 39.179763899094112 ], [ -1.256783880375039, 39.105445047686175 ], [ -1.263531244785479, 39.045666841118916 ], [ -1.227545301263127, 39.024663687460148 ], [ -1.146576928337833, 38.929341682393442 ], [ -0.959899846315633, 38.943882327234121 ], [ -0.957650724845486, 38.921263546370838 ], [ -0.923913902793281, 38.892182256689473 ], [ -0.935159510144015, 38.855022830985504 ], [ -0.923913902793281, 38.82432591409961 ], [ -0.930661267203721, 38.782319606782082 ], [ -0.96214896778578, 38.774241470759478 ], [ -0.91491741691269, 38.696691364942495 ], [ -0.96214896778578, 38.656300684829489 ], [ -1.025124368949896, 38.656300684829489 ], [ -1.115089227755774, 38.711232009783181 ], [ -1.119587470696068, 38.737082045055509 ], [ -1.184811993330332, 38.754853944305232 ], [ -1.250036515964595, 38.738697672260031 ], [ -1.342250496240624, 38.67730383848825 ], [ -1.366990832412242, 38.704769500965099 ], [ -1.402976775934594, 38.690228856124413 ], [ -1.447959205337533, 38.6498381760114 ], [ -1.452457448277826, 38.581981833421544 ], [ -1.486194270330031, 38.564209934171821 ], [ -1.499688999150916, 38.531897390081411 ], [ -1.479446905919591, 38.480197319536757 ], [ -1.479446905919591, 38.376797178447447 ], [ -1.589653857956797, 38.310556463062106 ], [ -1.666123987941795, 38.310556463062106 ], [ -1.690864324113413, 38.336406498334433 ], [ -1.681867838232822, 38.359025279197724 ], [ -1.744843239396939, 38.380028432856491 ], [ -1.771832697038704, 38.378412805651969 ], [ -1.769583575568557, 38.363872160811283 ], [ -1.794323911740175, 38.368719042424843 ], [ -1.783078304389438, 38.355794024788679 ], [ -1.895534377896791, 38.302478327039509 ], [ -1.983250115232522, 38.281475173380741 ], [ -2.048474637866786, 38.305709581448546 ], [ -2.113699160501049, 38.23785323885869 ], [ -2.212660505187518, 38.202309440359237 ], [ -2.266639420471048, 38.108603062497053 ], [ -2.325116578694869, 38.069828009588562 ], [ -2.340860428985899, 38.026206075066511 ], [ -2.372348129567957, 38.022974820657467 ], [ -2.552277847179719, 38.084368654429241 ], [ -2.446569138082808, 38.184537541109513 ], [ -2.45331650249325, 38.220081339608967 ], [ -2.435323530732074, 38.265318901335533 ], [ -2.442070895142514, 38.284706427789779 ], [ -2.484804203075308, 38.300862699834987 ], [ -2.484804203075308, 38.397800332106215 ], [ -2.572519940411041, 38.413956604151416 ], [ -2.565772576000601, 38.489891082763876 ], [ -2.597260276582658, 38.512509863627166 ], [ -2.673730406567657, 38.496353591581958 ], [ -2.763695265373537, 38.531897390081411 ], [ -2.88964606770177, 38.455962911468951 ], [ -2.9053899179928, 38.470503556309637 ], [ -2.961617954746474, 38.470503556309637 ], [ -2.995354776798679, 38.44465352103731 ], [ -3.004351262679268, 38.415572231355938 ], [ -3.065077542373237, 38.478581692332234 ], [ -3.1303020650075, 38.438191012219221 ], [ -3.28099320350735, 38.460809793082511 ], [ -3.325975632910291, 38.481812946741272 ], [ -3.375456305253525, 38.475350437923197 ], [ -3.377705426723672, 38.439806639423743 ], [ -3.42493697759676, 38.407494095333334 ], [ -3.472168528469847, 38.397800332106215 ], [ -3.528396565223522, 38.409109722537856 ], [ -3.541891294044405, 38.44465352103731 ], [ -3.58237548050705, 38.451116029855385 ], [ -3.586873723447345, 38.405878468128819 ], [ -3.620610545499551, 38.39456907769717 ], [ -3.730817497536753, 38.423650367378542 ], [ -3.807287627521752, 38.42203474017402 ], [ -3.859017421335134, 38.373565924038402 ], [ -3.912996336618662, 38.367103415220328 ], [ -4.15590145539454, 38.380028432856491 ], [ -4.254862800081009, 38.401031586515252 ], [ -4.275104893312331, 38.391337823288133 ], [ -4.268357528901891, 38.347715888766075 ], [ -4.286350500663067, 38.342869007152515 ], [ -4.452785489453946, 38.401031586515252 ], [ -4.513511769147915, 38.464041047491548 ], [ -4.610223992364237, 38.496353591581958 ], [ -4.621469599714972, 38.523819254058807 ], [ -4.704687094110412, 38.554516170944694 ], [ -4.709185337050705, 38.572288070194418 ], [ -4.862125597020702, 38.617525631920998 ], [ -4.877869447311731, 38.685381974510854 ], [ -5.001571128169816, 38.69507573773798 ], [ -5.024062342871288, 38.725772654623867 ], [ -5.046553557572757, 38.729003909032905 ] ] ] } },
{ "type": "Feature", "properties": { "territory_id": "09", "territory_name": "Cataluña" }, "geometry": { "type": "MultiPolygon", "coordinates": [ [ [ [ 0.515523838100812, 40.522350106050609 ], [ 0.436804586645664, 40.549815768527452 ], [ 0.430057222235224, 40.578897058208824 ], [ 0.389573035772578, 40.606362720685667 ], [ 0.279366083735372, 40.630597128753479 ], [ 0.268120476384638, 40.658062791230321 ], [ 0.292860812556256, 40.687144080911693 ], [ 0.261373111974198, 40.706531607365939 ], [ 0.238881897272726, 40.701684725752379 ], [ 0.225387168451846, 40.732381642638266 ], [ 0.171408253168316, 40.732381642638266 ], [ 0.17590649610861, 40.755000423501556 ], [ 0.229885411392139, 40.767925441137713 ], [ 0.279366083735372, 40.82124113888689 ], [ 0.238881897272726, 40.884250599863186 ], [ 0.283864326675669, 40.965031960089213 ], [ 0.259123990504051, 41.015116403429346 ], [ 0.279366083735372, 41.018347657838383 ], [ 0.218639804041405, 41.060353965155919 ], [ 0.218639804041405, 41.082972746019202 ], [ 0.200646832280228, 41.084588373223724 ], [ 0.200646832280228, 41.124979053336737 ], [ 0.250127504623464, 41.129825934950297 ], [ 0.252376626093611, 41.150829088609065 ], [ 0.30410641990699, 41.163754106245229 ], [ 0.322099391668168, 41.225147940017003 ], [ 0.36483269960096, 41.226763567221525 ], [ 0.385074792832285, 41.27846363776618 ], [ 0.349088849309933, 41.328548081106312 ], [ 0.373829185481547, 41.351166861969602 ], [ 0.319850270198021, 41.394788796491653 ], [ 0.355836213720373, 41.452951375854383 ], [ 0.340092363429342, 41.483648292740277 ], [ 0.398569521653165, 41.490110801558359 ], [ 0.445801072526251, 41.541810872103014 ], [ 0.427808100765077, 41.601589078670273 ], [ 0.349088849309933, 41.59997345146575 ], [ 0.35808533519052, 41.63228599555616 ], [ 0.326597634608461, 41.662982912442047 ], [ 0.328846756078608, 41.682370438896292 ], [ 0.385074792832285, 41.740533018259029 ], [ 0.396320400183019, 41.732454882236425 ], [ 0.400818643123312, 41.75668929030423 ], [ 0.470541408697869, 41.766383053531356 ], [ 0.484036137518753, 41.801926852030803 ], [ 0.511025595160515, 41.821314378485049 ], [ 0.542513295742573, 41.819698751280526 ], [ 0.558257146033604, 41.853626922575458 ], [ 0.580748360735075, 41.850395668166421 ], [ 0.580748360735075, 41.863320685802584 ], [ 0.607737818376837, 41.871398821825181 ], [ 0.591993968085809, 41.884323839461345 ], [ 0.603239575436543, 41.923098892369836 ], [ 0.562755388973898, 41.932792655596963 ], [ 0.591993968085809, 41.969952081300931 ], [ 0.60548869690669, 41.960258318073812 ], [ 0.623481668667868, 41.992570862164214 ], [ 0.663965855130513, 42.015189643027504 ], [ 0.652720247779779, 42.026499033459146 ], [ 0.699951798652865, 42.10566476648065 ], [ 0.695453555712572, 42.150902328207223 ], [ 0.713446527473746, 42.162211718638865 ], [ 0.697702677182718, 42.171905481865991 ], [ 0.713446527473746, 42.223605552410646 ], [ 0.765176321287129, 42.322158811886389 ], [ 0.740435985115511, 42.336699456727075 ], [ 0.771923685697569, 42.351240101567761 ], [ 0.722443013354336, 42.36578074640844 ], [ 0.747183349525951, 42.385168272862686 ], [ 0.690955312772278, 42.48695278674748 ], [ 0.73368862070507, 42.504724685997203 ], [ 0.72019389188419, 42.512802822019808 ], [ 0.756179835406542, 42.564502892564462 ], [ 0.767425442757276, 42.611356081495551 ], [ 0.697702677182718, 42.629127980745274 ], [ 0.695453555712572, 42.658209270426646 ], [ 0.65946761219022, 42.690521814517055 ], [ 0.681958826891691, 42.708293713766778 ], [ 0.650471126309633, 42.764840665924993 ], [ 0.670713219540954, 42.805231346038006 ], [ 0.65946761219022, 42.837543890128416 ], [ 0.677460583951394, 42.855315789378139 ], [ 0.708948284533452, 42.861778298196221 ], [ 0.857390301563157, 42.826234499696767 ], [ 0.931611310078008, 42.789075073992805 ], [ 0.96084988918992, 42.805231346038006 ], [ 0.983341103891391, 42.787459446788283 ], [ 1.073305962697269, 42.782612565174716 ], [ 1.109291906219621, 42.771303174743075 ], [ 1.134032242391239, 42.727681240221024 ], [ 1.165519942973297, 42.708293713766778 ], [ 1.228495344137414, 42.727681240221024 ], [ 1.253235680309032, 42.71475622258486 ], [ 1.356695267935795, 42.71960310419842 ], [ 1.349947903525354, 42.703446832153219 ], [ 1.390432089988, 42.685674932903495 ], [ 1.388182968517853, 42.667903033653765 ], [ 1.412923304689468, 42.654978016017601 ], [ 1.439912762331232, 42.595199809450349 ], [ 1.426418033510352, 42.582274791814186 ], [ 1.444411005271526, 42.572581028587059 ], [ 1.412923304689468, 42.53542160288309 ], [ 1.453407491152117, 42.538652857292135 ], [ 1.469151341443144, 42.509571567610763 ], [ 1.419670669099911, 42.482105905133913 ], [ 1.442161883801379, 42.475643396315832 ], [ 1.453407491152117, 42.43686834340734 ], [ 1.552368835838585, 42.432021461793781 ], [ 1.556867078778879, 42.454640242657064 ], [ 1.658077544935495, 42.467565260293227 ], [ 1.662575787875788, 42.493415295565555 ], [ 1.703059974338434, 42.490184041156517 ], [ 1.725551189039905, 42.504724685997203 ], [ 1.730049431980198, 42.49179966836104 ], [ 1.842505505487548, 42.477259023520354 ], [ 1.882989691950197, 42.451408988248026 ], [ 1.93247036429343, 42.454640242657064 ], [ 1.970705429285928, 42.373858882431044 ], [ 2.015687858688867, 42.346393219954194 ], [ 2.087659745733575, 42.364165119203918 ], [ 2.116898324845486, 42.38355264565817 ], [ 2.12814393219622, 42.412633935339535 ], [ 2.168628118658866, 42.425558952975699 ], [ 2.206863183651365, 42.417480816953095 ], [ 2.256343855994601, 42.438483970611863 ], [ 2.431775330666067, 42.394862036089812 ], [ 2.434024452136214, 42.377090136840081 ], [ 2.48350512447945, 42.33993071113612 ], [ 2.54198228270327, 42.333468202318031 ], [ 2.562224375934594, 42.357702610385843 ], [ 2.674680449441944, 42.341546338340635 ], [ 2.654438356210623, 42.38839952727173 ], [ 2.672431327971797, 42.38839952727173 ], [ 2.679178692382237, 42.406171426521453 ], [ 2.755648822367238, 42.425558952975699 ], [ 2.771392672658266, 42.411018308135013 ], [ 2.827620709411942, 42.438483970611863 ], [ 2.838866316762676, 42.45948712427063 ], [ 2.917585568217824, 42.456255869861586 ], [ 2.946824147329732, 42.482105905133913 ], [ 2.967066240561056, 42.465949633088712 ], [ 3.041287249075907, 42.474027769111316 ], [ 3.08626967847885, 42.425558952975699 ], [ 3.120006500531055, 42.438483970611863 ], [ 3.1604906869937, 42.428790207384736 ], [ 3.171736294344434, 42.415865189748573 ], [ 3.15374332258326, 42.394862036089812 ], [ 3.167238051404141, 42.390015154476245 ], [ 3.162739808463847, 42.36093386479488 ], [ 3.196476630516052, 42.335083829522553 ], [ 3.227964331098111, 42.351240101567761 ], [ 3.250455545799579, 42.330236947908993 ], [ 3.261701153150316, 42.33993071113612 ], [ 3.306683582553255, 42.327005693499956 ], [ 3.277445003441343, 42.280152504568861 ], [ 3.288690610792081, 42.267227486932697 ], [ 3.27969412491149, 42.252686842092011 ], [ 3.230213452568258, 42.251071214887489 ], [ 3.216718723747373, 42.233299315637765 ], [ 3.169487172874287, 42.263996232523652 ], [ 3.135750350822082, 42.247839960478451 ], [ 3.111010014650464, 42.205833653160916 ], [ 3.122255622001202, 42.131514801752978 ], [ 3.176234537284728, 42.112127275298732 ], [ 3.207722237866786, 42.070120967981197 ], [ 3.194227509045906, 42.020036524641064 ], [ 3.232462574038404, 41.950564554846686 ], [ 3.178483658754875, 41.868167567416144 ], [ 3.104262650240024, 41.845548786552854 ], [ 3.043536370546054, 41.77930807116752 ], [ 2.980560969381937, 41.759920544713275 ], [ 2.935578539978998, 41.716298610191217 ], [ 2.820873345001502, 41.688832947714374 ], [ 2.769143551188119, 41.646826640396839 ], [ 2.470010395658566, 41.546657753716573 ], [ 2.380045536852684, 41.494957683171918 ], [ 2.267589463345335, 41.459413884672472 ], [ 2.186621090420044, 41.364091879605766 ], [ 2.175375483069306, 41.367323134014804 ], [ 2.141638661017101, 41.299466791424948 ], [ 1.673821395226522, 41.197682277540153 ], [ 1.543372349957995, 41.183141632699474 ], [ 1.394930332928293, 41.131441562154819 ], [ 1.293719866771678, 41.12659468054126 ], [ 1.223997101197121, 41.091050882041806 ], [ 1.221747979726974, 41.105591526882492 ], [ 1.199256765025503, 41.094282136450843 ], [ 1.172267307383738, 41.055507083542352 ], [ 1.129533999450945, 41.074894609996605 ], [ 0.983341103891391, 41.039350811497151 ], [ 0.699951798652865, 40.800237985228122 ], [ 0.729190377764777, 40.769541068342235 ], [ 0.762927199816982, 40.761462932319631 ], [ 0.783169293048307, 40.771156695546757 ], [ 0.73368862070507, 40.792159849205518 ], [ 0.767425442757276, 40.792159849205518 ], [ 0.821404358040805, 40.74045977866087 ], [ 0.873134151854185, 40.730766015433744 ], [ 0.866386787443744, 40.695222216934297 ], [ 0.758428956876688, 40.640290891980598 ], [ 0.706699163063305, 40.585359567026906 ], [ 0.677460583951394, 40.564356413368138 ], [ 0.623481668667868, 40.551431395731974 ], [ 0.591993968085809, 40.577281431004302 ], [ 0.616734304257427, 40.585359567026906 ], [ 0.648222004839486, 40.572434549390742 ], [ 0.65946761219022, 40.591822075844988 ], [ 0.706699163063305, 40.590206448640465 ], [ 0.744934228055804, 40.637059637571561 ], [ 0.600990453966396, 40.622518992730875 ], [ 0.53801505280228, 40.567587667777175 ], [ 0.515523838100812, 40.522350106050609 ] ] ], [ [ [ 1.972954550756075, 42.485337159542958 ], [ 1.997694886927693, 42.485337159542958 ], [ 1.986449279576959, 42.475643396315832 ], [ 2.013438737218721, 42.448177733838989 ], [ 1.957210700465048, 42.457871497066108 ], [ 1.972954550756075, 42.485337159542958 ] ] ] ] } },
{ "type": "Feature", "properties": { "territory_id": "10", "territory_name": "Comunitat Valenciana" }, "geometry": { "type": "MultiPolygon", "coordinates": [ [ [ [ -0.761977156942695, 37.846871455364735 ], [ -0.85644025868887, 37.885646508273226 ], [ -0.921664781323134, 37.943809087635969 ], [ -1.02287524747975, 38.076290518406644 ], [ -1.03636997630063, 38.137684352178418 ], [ -0.989138425427544, 38.199078185950199 ], [ -0.971145453666367, 38.289553309403345 ], [ -0.989138425427544, 38.320250226289232 ], [ -1.083601527173716, 38.34610026156156 ], [ -1.08809977011401, 38.367103415220328 ], [ -1.081352405703569, 38.441422266628265 ], [ -1.013878761599159, 38.496353591581958 ], [ -1.025124368949896, 38.522203626854285 ], [ -1.002633154248425, 38.572288070194418 ], [ -1.025124368949896, 38.656300684829489 ], [ -0.96214896778578, 38.656300684829489 ], [ -0.91491741691269, 38.696691364942495 ], [ -0.96214896778578, 38.774241470759478 ], [ -0.930661267203721, 38.782319606782082 ], [ -0.923913902793281, 38.892182256689473 ], [ -0.957650724845486, 38.921263546370838 ], [ -0.959899846315633, 38.943882327234121 ], [ -1.146576928337833, 38.929341682393442 ], [ -1.227545301263127, 39.024663687460148 ], [ -1.263531244785479, 39.045666841118916 ], [ -1.256783880375039, 39.105445047686175 ], [ -1.193808479210922, 39.179763899094112 ], [ -1.162320778628864, 39.305782821046705 ], [ -1.20955232950195, 39.326785974705473 ], [ -1.223047058322834, 39.315476584273831 ], [ -1.319759281539152, 39.342942246750681 ], [ -1.335503131830183, 39.333248483523555 ], [ -1.420969747695768, 39.381717299659172 ], [ -1.445710083867386, 39.36232977320492 ], [ -1.452457448277826, 39.397873571704373 ], [ -1.486194270330031, 39.401104826113411 ], [ -1.483945148859885, 39.423723606976701 ], [ -1.506436363561356, 39.418876725363134 ], [ -1.524429335322534, 39.457651778271625 ], [ -1.499688999150916, 39.502889339998205 ], [ -1.504187242091209, 39.564283173769979 ], [ -1.461453934158417, 39.577208191406143 ], [ -1.418720626225621, 39.654758297223125 ], [ -1.369239953882389, 39.690302095722572 ], [ -1.313011917128712, 39.670914569268326 ], [ -1.279275095076507, 39.677377078086408 ], [ -1.261282123315333, 39.698380231745176 ], [ -1.274776852136213, 39.73877091185819 ], [ -1.214050572442243, 39.808242881652568 ], [ -1.200555843621363, 39.859942952197223 ], [ -1.205054086561656, 39.948802448445846 ], [ -1.056612069531955, 39.981114992536256 ], [ -0.919415659852984, 39.964958720491055 ], [ -0.899173566621663, 39.892255496287632 ], [ -0.910419173972397, 39.86802108821982 ], [ -0.867685866039604, 39.847017934561059 ], [ -0.797963100465047, 39.880946105855983 ], [ -0.829450801047106, 39.906796141128311 ], [ -0.845194651338133, 39.947186821241324 ], [ -0.833949043987399, 39.979499365331733 ], [ -0.791215736054607, 39.98919312855886 ], [ -0.761977156942695, 40.039277571898992 ], [ -0.61353513991299, 40.069974488784879 ], [ -0.629278990204021, 40.102287032875289 ], [ -0.570801831980198, 40.155602730624466 ], [ -0.543812374338433, 40.250924735691171 ], [ -0.4943317019952, 40.228305954827889 ], [ -0.384124749957994, 40.263849753327335 ], [ -0.399868600249025, 40.296162297417744 ], [ -0.282914283801379, 40.367249894416645 ], [ -0.345889684965496, 40.443184373029105 ], [ -0.273917797920792, 40.473881289914992 ], [ -0.300907255562556, 40.522350106050609 ], [ -0.294159891152116, 40.612825229503756 ], [ -0.321149348793881, 40.603131466276629 ], [ -0.379626507017701, 40.624134619935397 ], [ -0.370630021137114, 40.651600282412247 ], [ -0.381875628487848, 40.661294045639366 ], [ -0.327896713204321, 40.680681572093611 ], [ -0.316651105853584, 40.662909672843888 ], [ -0.235682732928293, 40.690375335320738 ], [ -0.240180975868586, 40.71784099779758 ], [ -0.195198546465647, 40.782466085978399 ], [ -0.145717874122411, 40.785697340387443 ], [ -0.127724902361237, 40.753384796297034 ], [ -0.06474950119712, 40.727534761024707 ], [ 0.016218871728174, 40.727534761024707 ], [ 0.043208329369936, 40.690375335320738 ], [ 0.115180216414643, 40.727534761024707 ], [ 0.144418795526551, 40.71784099779758 ], [ 0.225387168451846, 40.732381642638266 ], [ 0.238881897272726, 40.701684725752379 ], [ 0.261373111974198, 40.706531607365939 ], [ 0.292860812556256, 40.687144080911693 ], [ 0.268120476384638, 40.658062791230321 ], [ 0.279366083735372, 40.630597128753479 ], [ 0.389573035772578, 40.606362720685667 ], [ 0.430057222235224, 40.578897058208824 ], [ 0.436804586645664, 40.549815768527452 ], [ 0.515523838100812, 40.522350106050609 ], [ 0.351337970780079, 40.301009179031304 ], [ 0.279366083735372, 40.24446222687309 ], [ 0.263622233444345, 40.208918428373636 ], [ 0.182653860519054, 40.160449612238025 ], [ 0.146667916996698, 40.082899506421043 ], [ 0.04995569378038, 40.036046317489948 ], [ -0.00402322150315, 39.916489904355437 ], [ -0.120977537950797, 39.81470539047065 ], [ -0.181703817644763, 39.733924030244623 ], [ -0.210942396756675, 39.653142670018603 ], [ -0.260423069099911, 39.61275198990559 ], [ -0.307654619972997, 39.53681751129313 ], [ -0.323398470264028, 39.501273712793683 ], [ -0.318900227323731, 39.46088303268067 ], [ -0.303156377032703, 39.46088303268067 ], [ -0.31215286291329, 39.443111133430946 ], [ -0.323398470264028, 39.457651778271625 ], [ -0.316651105853584, 39.423723606976701 ], [ -0.330145834674468, 39.42857048859026 ], [ -0.332394956144615, 39.409182962136015 ], [ -0.219938882637262, 39.186226407912194 ], [ -0.240180975868586, 39.166838881457949 ], [ -0.210942396756675, 39.077979385209325 ], [ -0.134472266771677, 38.969732362506448 ], [ -0.022016193264328, 38.876025984644265 ], [ 0.094938123183319, 38.853407203780982 ], [ 0.198397710810081, 38.801707133236327 ], [ 0.1849029819892, 38.785550861191119 ], [ 0.232134532862286, 38.732235163441942 ], [ 0.196148589339934, 38.729003909032905 ], [ 0.146667916996698, 38.686997601715376 ], [ 0.099436366123612, 38.67245695687469 ], [ 0.070197787011701, 38.638528785579759 ], [ -0.031012679144915, 38.615910004716476 ], [ -0.06474950119712, 38.572288070194418 ], [ -0.049005650906089, 38.564209934171821 ], [ -0.096237201779179, 38.523819254058807 ], [ -0.150216117062705, 38.535128644490449 ], [ -0.375128264077407, 38.443037893832788 ], [ -0.399868600249025, 38.412340976946894 ], [ -0.402117721719172, 38.352562770379642 ], [ -0.447100151122111, 38.362256533606761 ], [ -0.510075552286228, 38.325097107902792 ], [ -0.510075552286228, 38.202309440359237 ], [ -0.611286018442843, 38.176459405086909 ], [ -0.638275476084608, 38.132837470564859 ], [ -0.654019326375636, 37.985815394953498 ], [ -0.696752634308432, 37.969659122908297 ], [ -0.719243849009899, 37.911496543545553 ], [ -0.750731549591958, 37.896955898704874 ], [ -0.761977156942695, 37.846871455364735 ] ] ], [ [ [ -1.447959205337533, 40.145908967397339 ], [ -1.353496103591358, 40.129752695352138 ], [ -1.319759281539152, 40.145908967397339 ], [ -1.310762795658565, 40.204071546760076 ], [ -1.236541787143715, 40.11359642330693 ], [ -1.15782253568857, 40.115212050511452 ], [ -1.072355919822982, 40.06028072555776 ], [ -1.083601527173716, 40.036046317489948 ], [ -1.135331320987099, 40.015043163831187 ], [ -1.247787394494448, 39.995655637376942 ], [ -1.375987318292829, 40.016658791035709 ], [ -1.420969747695768, 40.094208896852685 ], [ -1.407475018874887, 40.100671405670766 ], [ -1.456955691218123, 40.134599576965698 ], [ -1.447959205337533, 40.145908967397339 ] ] ] ] } },
{ "type": "Feature", "properties": { "territory_id": "11", "territory_name": "Extremadura" }, "geometry": { "type": "Polygon", "coordinates": [ [ [ -6.857096341041105, 38.179690659495954 ], [ -6.935815592496249, 38.220081339608967 ], [ -6.971801536018603, 38.202309440359237 ], [ -6.98079802189919, 38.212003203586363 ], [ -7.086506730996099, 38.169996896268827 ], [ -7.156229496570658, 38.278243918971697 ], [ -7.315917120951095, 38.439806639423743 ], [ -7.295675027719772, 38.475350437923197 ], [ -7.318166242421242, 38.475350437923197 ], [ -7.302422392130213, 38.544822407717575 ], [ -7.243945233906391, 38.623988140739073 ], [ -7.270934691548154, 38.636913158375236 ], [ -7.25968908419742, 38.724157027419345 ], [ -7.201211925973597, 38.750007062691672 ], [ -7.1247417959886, 38.816247778077013 ], [ -7.097752338346835, 38.814632150872491 ], [ -7.032527815712571, 38.877641611848787 ], [ -7.052769908943894, 38.906722901530159 ], [ -6.951559442787278, 39.023048060255626 ], [ -6.967303293078308, 39.039204332300834 ], [ -6.958306807197721, 39.05374497714152 ], [ -6.98079802189919, 39.087673148436444 ], [ -7.028029572772278, 39.115138810913294 ], [ -7.104499702757275, 39.098982538868086 ], [ -7.144983889219922, 39.108676302095212 ], [ -7.13148916039904, 39.165223254253426 ], [ -7.241696112436244, 39.208845188775477 ], [ -7.248443476846685, 39.25408275050205 ], [ -7.230450505085509, 39.278317158569862 ], [ -7.311418878010802, 39.341326619546159 ], [ -7.322664485361537, 39.38494855406821 ], [ -7.293425906249626, 39.45603615106711 ], [ -7.381141643585359, 39.491579949566557 ], [ -7.390138129465948, 39.530355002475048 ], [ -7.4261240729883, 39.53197062967957 ], [ -7.466608259450945, 39.577208191406143 ], [ -7.50034508150315, 39.590133209042307 ], [ -7.534081903555355, 39.667683314859289 ], [ -7.331660971242124, 39.641833279586962 ], [ -7.250692598316832, 39.667683314859289 ], [ -7.151731253630363, 39.653142670018603 ], [ -7.014534843951395, 39.670914569268326 ], [ -6.976299778958897, 39.772699083153114 ], [ -6.98754538630963, 39.80985850885709 ], [ -6.904327891914191, 39.871252342628864 ], [ -6.906577013384339, 39.919721158764474 ], [ -6.872840191332134, 39.995655637376942 ], [ -6.881836677212721, 40.040893199103515 ], [ -6.917822620735073, 40.066743234375842 ], [ -6.940313835436545, 40.111980796102415 ], [ -7.001040115130513, 40.120058932125012 ], [ -7.021282208361837, 40.144293340192817 ], [ -7.016783965421542, 40.176605884283234 ], [ -7.030278694242424, 40.184684020305831 ], [ -7.012285722481248, 40.225074700418844 ], [ -6.962805050138014, 40.237999718055008 ], [ -6.951559442787278, 40.257387244509253 ], [ -6.863843705451545, 40.270312262145417 ], [ -6.800868304287429, 40.242846599668567 ], [ -6.755885874884489, 40.246077854077612 ], [ -6.717650809891989, 40.268696634940895 ], [ -6.690661352250226, 40.242846599668567 ], [ -6.67266838048905, 40.263849753327335 ], [ -6.587201764623462, 40.270312262145417 ], [ -6.555714064041405, 40.291315415804185 ], [ -6.560212306981699, 40.328474841508154 ], [ -6.535471970810081, 40.347862367962399 ], [ -6.43875974759376, 40.373712403234727 ], [ -6.418517654362436, 40.399562438507054 ], [ -6.375784346429644, 40.399562438507054 ], [ -6.333051038496849, 40.448031254642665 ], [ -6.294815973504351, 40.451262509051709 ], [ -6.240837058220823, 40.485190680346633 ], [ -6.200352871758176, 40.483575053142118 ], [ -6.155370442355236, 40.457725017869791 ], [ -6.148623077944794, 40.436721864211023 ], [ -6.119384498832883, 40.441568745824583 ], [ -6.128380984713472, 40.420565592165815 ], [ -6.067654705019502, 40.397946811302532 ], [ -6.096893284131413, 40.355940503984996 ], [ -6.01592491120612, 40.339784231939795 ], [ -6.004679303855387, 40.305856060644864 ], [ -5.937205659750976, 40.281621652577059 ], [ -5.903468837698771, 40.294546670213222 ], [ -5.894472351818182, 40.318781078281027 ], [ -5.795511007131713, 40.351093622371437 ], [ -5.782016278310831, 40.312318569462946 ], [ -5.802258371542154, 40.297777924622267 ], [ -5.793261885661567, 40.286468534190618 ], [ -5.692051419504951, 40.291315415804185 ], [ -5.656065475982599, 40.270312262145417 ], [ -5.649318111572157, 40.249309108486649 ], [ -5.624577775400541, 40.247693481282127 ], [ -5.611083046579658, 40.215380937191725 ], [ -5.530114673654365, 40.194377783532957 ], [ -5.471637515430544, 40.207302801169121 ], [ -5.42890420749775, 40.252540362895694 ], [ -5.343437591632163, 40.263849753327335 ], [ -5.370427049273928, 40.215380937191725 ], [ -5.36817792780378, 40.16368086664707 ], [ -5.336690227221723, 40.115212050511452 ], [ -5.36817792780378, 40.100671405670766 ], [ -5.365928806333633, 39.982730619740778 ], [ -5.40641299279628, 39.877714851446946 ], [ -5.325444619870987, 39.892255496287632 ], [ -5.293956919288929, 39.874483597037909 ], [ -5.282711311938193, 39.856711697788178 ], [ -5.307451648109812, 39.835708544129417 ], [ -5.309700769579958, 39.75977406551695 ], [ -5.253472732826284, 39.753311556698876 ], [ -5.206241181953196, 39.796933491220926 ], [ -5.168006116960695, 39.798549118425441 ], [ -5.159009631080108, 39.75977406551695 ], [ -5.174753481371138, 39.750080302289831 ], [ -5.138767537848786, 39.714536503790384 ], [ -5.161258752550255, 39.643448906791477 ], [ -5.201742939012901, 39.591748836246829 ], [ -5.082539501095109, 39.489964322362042 ], [ -5.057799164923493, 39.489964322362042 ], [ -5.008318492580258, 39.435032997408342 ], [ -4.90935714789379, 39.378486045250128 ], [ -4.871122082901291, 39.368792282023009 ], [ -4.767662495274527, 39.401104826113411 ], [ -4.691192365289529, 39.45118926945355 ], [ -4.66870115058806, 39.423723606976701 ], [ -4.711434458520852, 39.346173501159718 ], [ -4.706936215580559, 39.328401601909995 ], [ -4.760915130864086, 39.320323465887391 ], [ -4.713683579990999, 39.244388987274931 ], [ -4.709185337050705, 39.210460815979999 ], [ -4.648459057356735, 39.165223254253426 ], [ -4.810395803207321, 39.199151425548358 ], [ -4.853129111140115, 39.152298236617263 ], [ -4.873371204371438, 39.095751284459048 ], [ -4.82613965349835, 39.063438740368639 ], [ -4.83288701790879, 39.045666841118916 ], [ -4.859876475550555, 39.03112619627823 ], [ -4.963336063177318, 39.058591858755079 ], [ -4.918353633774377, 38.956807344870285 ], [ -4.850879989669966, 38.947113581643166 ], [ -4.837385260849086, 38.930957309597964 ], [ -4.84863086819982, 38.880872866257832 ], [ -4.913855390834083, 38.887335375075907 ], [ -4.943093969945995, 38.855022830985504 ], [ -4.990325520819082, 38.740313299464546 ], [ -5.100532472856285, 38.708000755374137 ], [ -5.183749967251725, 38.719310145805778 ], [ -5.168006116960695, 38.67730383848825 ], [ -5.183749967251725, 38.675688211283727 ], [ -5.183749967251725, 38.659531939238526 ], [ -5.208490303423343, 38.66761007526113 ], [ -5.21073942489349, 38.653069430420445 ], [ -5.309700769579958, 38.594906851057708 ], [ -5.307451648109812, 38.578750579012507 ], [ -5.372676170744075, 38.583597460626066 ], [ -5.390669142505251, 38.562594306967299 ], [ -5.383921778094809, 38.543206780513053 ], [ -5.40641299279628, 38.543206780513053 ], [ -5.410911235736574, 38.520587999649763 ], [ -5.478384879840984, 38.485044201150316 ], [ -5.485132244251425, 38.462425420287033 ], [ -5.51886906630363, 38.464041047491548 ], [ -5.568349738646864, 38.433344130605661 ], [ -5.584093588937893, 38.401031586515252 ], [ -5.559353252766277, 38.367103415220328 ], [ -5.575097103057306, 38.328328362311836 ], [ -5.525616430714072, 38.263703274131018 ], [ -5.521118187773778, 38.207156321972803 ], [ -5.539111159534954, 38.200693813154714 ], [ -5.536862038064807, 38.168381269064312 ], [ -5.559353252766277, 38.14899374261006 ], [ -5.575097103057306, 38.150609369814582 ], [ -5.584093588937893, 38.131221843360336 ], [ -5.633574261281128, 38.137684352178418 ], [ -5.694300540975098, 38.084368654429241 ], [ -5.732535605967596, 38.087599908838286 ], [ -5.741532091848185, 38.126374961746777 ], [ -5.694300540975098, 38.150609369814582 ], [ -5.705546148325833, 38.163534387450746 ], [ -5.687553176564657, 38.181306286700476 ], [ -5.728037363027303, 38.197462558745677 ], [ -5.755026820669068, 38.181306286700476 ], [ -5.838244315064507, 38.174843777882387 ], [ -5.876479380057006, 38.155456251428149 ], [ -5.8809776229973, 38.132837470564859 ], [ -5.912465323579358, 38.123143707337732 ], [ -5.928209173870387, 38.087599908838286 ], [ -5.907967080639065, 38.06821238238404 ], [ -5.934956538280828, 38.047209228725272 ], [ -5.952949510042004, 37.995509158180624 ], [ -6.119384498832883, 37.980968513339938 ], [ -6.180110778526853, 37.940577833226925 ], [ -6.195854628817882, 37.956734105272133 ], [ -6.30381245938494, 37.977737258930894 ], [ -6.355542253198321, 38.010049803021303 ], [ -6.366787860549055, 38.048824855929794 ], [ -6.414019411422142, 38.058518619156914 ], [ -6.452254476414641, 38.055287364747876 ], [ -6.443257990534054, 38.047209228725272 ], [ -6.474745691116112, 38.024590447861989 ], [ -6.465749205235523, 38.010049803021303 ], [ -6.546717578160816, 38.027821702271027 ], [ -6.571457914332434, 38.01974356624843 ], [ -6.587201764623462, 38.026206075066511 ], [ -6.580454400213021, 38.052056110338839 ], [ -6.623187708145815, 38.097293672065405 ], [ -6.746889389003901, 38.09083116324733 ], [ -6.76938060370537, 38.111834316906091 ], [ -6.809864790168017, 38.111834316906091 ], [ -6.794120939876988, 38.178075032291432 ], [ -6.857096341041105, 38.179690659495954 ] ] ] } },
{ "type": "Feature", "properties": { "territory_id": "12", "territory_name": "Galicia" }, "geometry": { "type": "MultiPolygon", "coordinates": [ [ [ [ -7.032527815712571, 43.545188605708375 ], [ -7.046022544533454, 43.477332263118512 ], [ -7.091004973936395, 43.454713482255229 ], [ -7.097752338346835, 43.433710328596462 ], [ -7.171973346861687, 43.430479074187417 ], [ -7.176471589801981, 43.382010258051807 ], [ -7.138236524809482, 43.383625885256329 ], [ -7.13148916039904, 43.330310187507152 ], [ -7.102250581287128, 43.304460152234824 ], [ -7.06401551629463, 43.30122889782578 ], [ -7.061766394824483, 43.244681945667566 ], [ -7.019033086891689, 43.213985028781678 ], [ -7.010036601011102, 43.223678792008805 ], [ -7.001040115130513, 43.207522519963597 ], [ -6.971801536018603, 43.204291265554559 ], [ -6.98079802189919, 43.167131839850583 ], [ -6.958306807197721, 43.134819295760181 ], [ -6.886334920153015, 43.157438076623464 ], [ -6.875089312802281, 43.186519366304836 ], [ -6.821110397518753, 43.142897431782778 ], [ -6.870591069861986, 43.091197361238123 ], [ -6.951559442787278, 43.075041089192922 ], [ -6.971801536018603, 43.029803527466349 ], [ -6.983047143369337, 43.041112917897991 ], [ -6.996541872190219, 43.020109764239223 ], [ -6.962805050138014, 42.991028474557858 ], [ -6.965054171608161, 43.026572273057312 ], [ -6.947061199846985, 43.033034781875386 ], [ -6.908826134854486, 42.989412847353336 ], [ -6.881836677212721, 42.991028474557858 ], [ -6.83685424780978, 42.957100303262926 ], [ -6.821110397518753, 42.868240807014303 ], [ -6.870591069861986, 42.873087688627862 ], [ -6.841352490750076, 42.82300324528773 ], [ -6.868341948391839, 42.787459446788283 ], [ -6.935815592496249, 42.740606257857188 ], [ -6.956057685727574, 42.755146902697874 ], [ -6.983047143369337, 42.717987476993898 ], [ -7.014534843951395, 42.722834358607464 ], [ -7.046022544533454, 42.695368696130615 ], [ -7.014534843951395, 42.664671779244728 ], [ -7.016783965421542, 42.645284252790482 ], [ -7.046022544533454, 42.632359235154318 ], [ -7.050520787473747, 42.598431063859387 ], [ -7.032527815712571, 42.583890419018701 ], [ -7.057268151884189, 42.564502892564462 ], [ -7.073012002175219, 42.506340313201719 ], [ -6.97405065748875, 42.493415295565555 ], [ -6.960555928667867, 42.517649703633367 ], [ -6.924569985145515, 42.519265330837882 ], [ -6.848099855160516, 42.48695278674748 ], [ -6.83685424780978, 42.495030922770077 ], [ -6.807615668697871, 42.46918088749775 ], [ -6.821110397518753, 42.454640242657064 ], [ -6.816612154578458, 42.427174580180221 ], [ -6.843601612220223, 42.406171426521453 ], [ -6.821110397518753, 42.385168272862686 ], [ -6.733394660183018, 42.359318237590358 ], [ -6.74014202459346, 42.297924403818584 ], [ -6.767131482235223, 42.257533723705571 ], [ -6.803117425757575, 42.239761824455847 ], [ -6.787373575466546, 42.215527416388042 ], [ -6.854847219570958, 42.226836806819684 ], [ -6.886334920153015, 42.21391178918352 ], [ -6.899829648973897, 42.189677381115715 ], [ -6.938064713966398, 42.176752363479551 ], [ -6.949310321317132, 42.136361683366538 ], [ -6.989794507779779, 42.121821038525852 ], [ -7.00328923660066, 42.084661612821883 ], [ -7.032527815712571, 42.074967849594763 ], [ -7.007787479540955, 42.052349068731473 ], [ -6.97405065748875, 42.055580323140518 ], [ -6.960555928667867, 42.026499033459146 ], [ -7.005538358070808, 41.950564554846686 ], [ -7.077510245115512, 41.952180182051208 ], [ -7.086506730996099, 41.973183335709976 ], [ -7.140485646279629, 41.990955234959699 ], [ -7.178720711272128, 41.979645844528051 ], [ -7.174222468331834, 41.919867637960799 ], [ -7.196713683033304, 41.879476957847785 ], [ -7.315917120951095, 41.842317532143817 ], [ -7.356401307413742, 41.840701904939294 ], [ -7.363148671824183, 41.853626922575458 ], [ -7.428373194458446, 41.806773733644363 ], [ -7.4261240729883, 41.831008141712175 ], [ -7.453113530630063, 41.864936313007107 ], [ -7.491348595622563, 41.871398821825181 ], [ -7.520587174734473, 41.842317532143817 ], [ -7.615050276480648, 41.831008141712175 ], [ -7.585811697368737, 41.881092585052308 ], [ -7.653285341473147, 41.881092585052308 ], [ -7.705015135286528, 41.906942620324635 ], [ -7.844460666435644, 41.881092585052308 ], [ -7.842211544965497, 41.866551940211622 ], [ -7.873699245547556, 41.845548786552854 ], [ -7.891692217308732, 41.86008943139354 ], [ -7.887193974368436, 41.926330146778881 ], [ -7.907436067599761, 41.926330146778881 ], [ -7.920930796420642, 41.881092585052308 ], [ -7.988404440525052, 41.868167567416144 ], [ -8.01314477669667, 41.829392514507653 ], [ -8.130099093144315, 41.808389360848885 ], [ -8.166085036666667, 41.818083124076011 ], [ -8.17058327960696, 41.879476957847785 ], [ -8.199821858718872, 41.873014449029704 ], [ -8.217814830480048, 41.913405129142717 ], [ -8.16383591519652, 41.982877098937095 ], [ -8.085116663741374, 42.016805270232027 ], [ -8.085116663741374, 42.047502187117914 ], [ -8.118853485793579, 42.08304598561736 ], [ -8.181828886957696, 42.065274086367637 ], [ -8.197572737248725, 42.154133582616261 ], [ -8.323523539576959, 42.100817884867091 ], [ -8.332520025457546, 42.08304598561736 ], [ -8.523695350420043, 42.078199104003801 ], [ -8.546186565121513, 42.053964695935996 ], [ -8.629404059516952, 42.050733441526958 ], [ -8.658642638628864, 42.02973028786819 ], [ -8.660891760099011, 42.003880252595863 ], [ -8.74410925449445, 41.965105199687372 ], [ -8.755354861845184, 41.934408282801485 ], [ -8.872309178292829, 41.869783194620666 ], [ -8.901547757404741, 42.112127275298732 ], [ -8.822828505949595, 42.116974156912292 ], [ -8.822828505949595, 42.142824192184619 ], [ -8.849817963591359, 42.149286701002701 ], [ -8.818330263009301, 42.162211718638865 ], [ -8.816081141539154, 42.188061753911192 ], [ -8.780095198016802, 42.204218025956393 ], [ -8.764351347725773, 42.230068061228721 ], [ -8.739611011554155, 42.226836806819684 ], [ -8.647397031278128, 42.28984626779598 ], [ -8.629404059516952, 42.28499938618242 ], [ -8.613660209225923, 42.297924403818584 ], [ -8.611411087755776, 42.346393219954194 ], [ -8.645147909807982, 42.336699456727075 ], [ -8.636151423927393, 42.327005693499956 ], [ -8.663140881569158, 42.310849421454748 ], [ -8.651895274218422, 42.297924403818584 ], [ -8.690130339210922, 42.280152504568861 ], [ -8.719368918322832, 42.28984626779598 ], [ -8.784593440957096, 42.262380605319137 ], [ -8.789091683897389, 42.247839960478451 ], [ -8.825077627419743, 42.251071214887489 ], [ -8.863312692412242, 42.268843114137212 ], [ -8.858814449471948, 42.304386912636666 ], [ -8.822828505949595, 42.275305622955301 ], [ -8.83407411330033, 42.341546338340635 ], [ -8.791340805367538, 42.327005693499956 ], [ -8.753105740375037, 42.344777592749679 ], [ -8.739611011554155, 42.373858882431044 ], [ -8.656393517158715, 42.425558952975699 ], [ -8.681133853330333, 42.420712071362139 ], [ -8.690130339210922, 42.438483970611863 ], [ -8.771098712136213, 42.390015154476245 ], [ -8.816081141539154, 42.399708917703371 ], [ -8.838572356240624, 42.38355264565817 ], [ -8.881305664173418, 42.415865189748573 ], [ -8.872309178292829, 42.433637088998303 ], [ -8.883554785643565, 42.454640242657064 ], [ -8.942031943867388, 42.46433400588419 ], [ -8.863312692412242, 42.498262177179122 ], [ -8.867810935352535, 42.448177733838989 ], [ -8.820579384479448, 42.451408988248026 ], [ -8.831824991830183, 42.482105905133913 ], [ -8.813832020069007, 42.528959094065009 ], [ -8.829575870360037, 42.517649703633367 ], [ -8.829575870360037, 42.575812282996104 ], [ -8.768849590666067, 42.606509199881991 ], [ -8.777846076546655, 42.614587335904588 ], [ -8.723867161263128, 42.680828051289929 ], [ -8.755354861845184, 42.646899879995004 ], [ -8.771098712136213, 42.653362388813079 ], [ -8.793589926837685, 42.637206116767878 ], [ -8.822828505949595, 42.646899879995004 ], [ -8.813832020069007, 42.659824897631168 ], [ -8.843070599180919, 42.682443678494451 ], [ -8.861063570942095, 42.606509199881991 ], [ -8.885803907113711, 42.614587335904588 ], [ -8.874558299762977, 42.632359235154318 ], [ -8.901547757404741, 42.640437371176915 ], [ -8.937533700927093, 42.606509199881991 ], [ -8.921789850636063, 42.585506046223223 ], [ -8.989263494740474, 42.566118519768978 ], [ -8.987014373270327, 42.538652857292135 ], [ -9.018502073852385, 42.517649703633367 ], [ -9.040993288553857, 42.517649703633367 ], [ -9.029747681203121, 42.551577874928299 ], [ -9.04549153149415, 42.570965401382537 ], [ -9.088224839426942, 42.569349774178022 ], [ -9.04549153149415, 42.629127980745274 ], [ -9.009505587971798, 42.727681240221024 ], [ -8.953277551218122, 42.748684393879792 ], [ -8.942031943867388, 42.774534429152119 ], [ -8.899298635934594, 42.797153210015402 ], [ -8.906046000345034, 42.81815636367417 ], [ -8.908295121815183, 42.797153210015402 ], [ -8.942031943867388, 42.802000091628969 ], [ -8.953277551218122, 42.780996937970201 ], [ -9.016252952382239, 42.784228192379238 ], [ -9.011754709441945, 42.798768837219924 ], [ -9.065733624725473, 42.785843819583761 ], [ -9.047740652964297, 42.769687547538553 ], [ -9.081477475016502, 42.73737500344815 ], [ -9.151200240591059, 42.798768837219924 ], [ -9.106217811188118, 42.82300324528773 ], [ -9.148951119120913, 42.874703315832384 ], [ -9.126459904419443, 42.905400232718272 ], [ -9.160196726471648, 42.911862741536353 ], [ -9.173691455292529, 42.944175285626763 ], [ -9.193933548523853, 42.945790912831285 ], [ -9.182687941173118, 42.916709623149913 ], [ -9.209677398814883, 42.916709623149913 ], [ -9.21867388469547, 42.940944031217725 ], [ -9.234417734986499, 42.940944031217725 ], [ -9.234417734986499, 42.926403386377039 ], [ -9.259158071158117, 42.923172131968002 ], [ -9.270403678508851, 42.879550197445944 ], [ -9.274901921449146, 42.905400232718272 ], [ -9.297393136150616, 42.92155650476348 ], [ -9.256908949687968, 43.002337864989499 ], [ -9.274901921449146, 43.008800373807581 ], [ -9.288396650270027, 43.044344172307035 ], [ -9.261407192628264, 43.049191053920595 ], [ -9.256908949687968, 43.091197361238123 ], [ -9.243414220867088, 43.084734852420041 ], [ -9.216424763225323, 43.104122378874287 ], [ -9.193933548523853, 43.091197361238123 ], [ -9.157947605001501, 43.126741159737577 ], [ -9.169193212352235, 43.147744313396345 ], [ -9.182687941173118, 43.123509905328532 ], [ -9.205179155874587, 43.129972414146614 ], [ -9.211926520285029, 43.159053703827986 ], [ -9.180438819702971, 43.167131839850583 ], [ -9.173691455292529, 43.191366247918396 ], [ -9.058986260315033, 43.184903739100314 ], [ -9.002758223561356, 43.228525673622364 ], [ -8.991512616210622, 43.217216283190723 ], [ -8.939782822397239, 43.226910046417842 ], [ -8.953277551218122, 43.259222590508251 ], [ -8.991512616210622, 43.273763235348937 ], [ -8.957775794158417, 43.293150761803183 ], [ -8.906046000345034, 43.294766389007705 ], [ -8.910544243285329, 43.322232051484548 ], [ -8.858814449471948, 43.317385169870988 ], [ -8.831824991830183, 43.344850832347838 ], [ -8.771098712136213, 43.299613270621265 ], [ -8.712621553912392, 43.289919507394139 ], [ -8.620407573636363, 43.317385169870988 ], [ -8.530442714830484, 43.317385169870988 ], [ -8.498955014248425, 43.348082086756875 ], [ -8.519197107479748, 43.354544595574957 ], [ -8.47196555660666, 43.354544595574957 ], [ -8.44272697749475, 43.380394630847285 ], [ -8.40449191250225, 43.373932122029203 ], [ -8.406741033972398, 43.388472766869889 ], [ -8.384249819270927, 43.341619577938793 ], [ -8.348263875748575, 43.34646645955236 ], [ -8.339267389867986, 43.382010258051807 ], [ -8.355011240159016, 43.380394630847285 ], [ -8.350512997218722, 43.396550902892493 ], [ -8.305530567815781, 43.40462903891509 ], [ -8.208818344599461, 43.32869456030263 ], [ -8.220063951950195, 43.385241512460851 ], [ -8.206569223129314, 43.409475920528656 ], [ -8.175081522547256, 43.420785310960298 ], [ -8.258299016942695, 43.419169683755776 ], [ -8.316776175166517, 43.445019719028103 ], [ -8.2538007740024, 43.466022872686871 ], [ -8.202070980189019, 43.459560363868789 ], [ -8.150341186375638, 43.514491688822481 ], [ -8.190825372838285, 43.482179144732072 ], [ -8.249302531062106, 43.475716635913997 ], [ -8.24705340959196, 43.493488535163721 ], [ -8.267295502823282, 43.467638499891393 ], [ -8.341516511338135, 43.457944736664267 ], [ -8.323523539576959, 43.525801079254123 ], [ -8.296534081935194, 43.535494842481249 ], [ -8.325772661047106, 43.559729250549054 ], [ -8.260548138412842, 43.558113623344539 ], [ -8.193074494308432, 43.603351185071105 ], [ -8.188576251368136, 43.621123084320836 ], [ -8.166085036666667, 43.613044948298231 ], [ -8.094113149621963, 43.653435628411245 ], [ -8.053628963159316, 43.648588746797685 ], [ -8.076120177860787, 43.65989813722932 ], [ -8.062625449039905, 43.7051356989559 ], [ -8.00639741228623, 43.7051356989559 ], [ -7.869201002607261, 43.774607668750278 ], [ -7.869201002607261, 43.730985734228227 ], [ -7.851208030846085, 43.718060716592063 ], [ -7.878197488487849, 43.721291971001101 ], [ -7.871450124077407, 43.671207527660968 ], [ -7.905186946129612, 43.671207527660968 ], [ -7.88494485289829, 43.663129391638364 ], [ -7.846709787905791, 43.667976273251924 ], [ -7.866951881137114, 43.698673190137811 ], [ -7.828716816144615, 43.70028881734234 ], [ -7.824218573204321, 43.714829462183019 ], [ -7.725257228517853, 43.750373260682466 ], [ -7.687022163525352, 43.776223295954793 ], [ -7.689271284995501, 43.789148313590957 ], [ -7.662281827353736, 43.777838923159322 ], [ -7.698267770876088, 43.739063870250831 ], [ -7.682523920585059, 43.729370107023705 ], [ -7.673527434704472, 43.747142006273428 ], [ -7.637541491182118, 43.75360451509151 ], [ -7.630794126771677, 43.722907598205623 ], [ -7.608302912070208, 43.719676343796579 ], [ -7.612801155010501, 43.674438782070013 ], [ -7.57681521148815, 43.692210681319736 ], [ -7.585811697368737, 43.708366953364937 ], [ -7.558822239726974, 43.711598207773974 ], [ -7.556573118256827, 43.729370107023705 ], [ -7.525085417674768, 43.737448243046302 ], [ -7.513839810324033, 43.722907598205623 ], [ -7.466608259450945, 43.722907598205623 ], [ -7.477853866801681, 43.713213834978504 ], [ -7.468857380921092, 43.703520071751377 ], [ -7.356401307413742, 43.671207527660968 ], [ -7.331660971242124, 43.625969965934395 ], [ -7.246194355376538, 43.57426989538974 ], [ -7.261938205667567, 43.558113623344539 ], [ -7.243945233906391, 43.55165111452645 ], [ -7.237197869495949, 43.569423013776181 ], [ -7.032527815712571, 43.545188605708375 ] ] ], [ [ [ -9.011754709441945, 42.46433400588419 ], [ -9.016252952382239, 42.485337159542958 ], [ -8.998259980621063, 42.46918088749775 ], [ -9.011754709441945, 42.46433400588419 ] ] ], [ [ [ -8.939782822397239, 42.356086983181321 ], [ -8.944281065337535, 42.380321391249126 ], [ -8.926288093576359, 42.390015154476245 ], [ -8.939782822397239, 42.356086983181321 ] ] ], [ [ [ -8.915042486225623, 42.212296161978998 ], [ -8.903796878874887, 42.242993078864885 ], [ -8.899298635934594, 42.217143043592557 ], [ -8.915042486225623, 42.212296161978998 ] ] ], [ [ [ -8.872309178292829, 42.525727839655971 ], [ -8.870060056822682, 42.556424756541858 ], [ -8.888053028583858, 42.5677341469735 ], [ -8.876807421233124, 42.574196655791582 ], [ -8.858814449471948, 42.558040383746373 ], [ -8.872309178292829, 42.525727839655971 ] ] ] ] } },
{ "type": "Feature", "properties": { "territory_id": "13", "territory_name": "Comunidad de Madrid" }, "geometry": { "type": "MultiPolygon", "coordinates": [ [ [ [ -3.539642172574258, 41.165369733449751 ], [ -3.541891294044405, 41.149213461404543 ], [ -3.510403593462346, 41.137904070972901 ], [ -3.487912378760877, 41.10397589967797 ], [ -3.427186099066907, 41.082972746019202 ], [ -3.438431706417642, 41.042582065906188 ], [ -3.393449277014701, 41.00057575858866 ], [ -3.418189613186319, 40.987650740952496 ], [ -3.458673799648965, 40.89717561749935 ], [ -3.438431706417642, 40.890713108681268 ], [ -3.472168528469847, 40.864863073408941 ], [ -3.476666771410141, 40.82608802050045 ], [ -3.503656229051906, 40.788928594796481 ], [ -3.467670285529554, 40.784081713182921 ], [ -3.445179070828083, 40.761462932319631 ], [ -3.449677313768376, 40.732381642638266 ], [ -3.436182584947495, 40.72268787941114 ], [ -3.467670285529554, 40.690375335320738 ], [ -3.404694884365437, 40.66937218166197 ], [ -3.400196641425143, 40.691990962525253 ], [ -3.375456305253525, 40.680681572093611 ], [ -3.366459819372938, 40.648369028003202 ], [ -3.328224754380438, 40.640290891980598 ], [ -3.330473875850585, 40.596668957458547 ], [ -3.287740567917792, 40.572434549390742 ], [ -3.296737053798379, 40.536890750891288 ], [ -3.25175462439544, 40.541737632504848 ], [ -3.200024830582059, 40.514271970028005 ], [ -3.197775709111911, 40.441568745824583 ], [ -3.155042401179118, 40.439953118620068 ], [ -3.1303020650075, 40.404409320120614 ], [ -3.152793279708971, 40.367249894416645 ], [ -3.141547672358236, 40.351093622371437 ], [ -3.179782737350735, 40.313934196667468 ], [ -3.195526587641764, 40.247693481282127 ], [ -3.173035372940294, 40.234768463645963 ], [ -3.112309093246324, 40.284852906986103 ], [ -3.096565242955295, 40.268696634940895 ], [ -3.071824906783679, 40.155602730624466 ], [ -3.089817878544855, 40.16368086664707 ], [ -3.096565242955295, 40.142677712988302 ], [ -3.053831935022503, 40.107133914488848 ], [ -3.060579299432943, 40.090977642443647 ], [ -3.119056457656766, 40.061896352762275 ], [ -3.161789765589559, 40.06512760717132 ], [ -3.166288008529854, 40.090977642443647 ], [ -3.242758138514851, 40.053818216739678 ], [ -3.303484418208821, 40.053818216739678 ], [ -3.328224754380438, 40.079668252011999 ], [ -3.377705426723672, 40.074821370398439 ], [ -3.393449277014701, 40.036046317489948 ], [ -3.505905350522053, 40.048971335126112 ], [ -3.530645686693669, 40.018274418240225 ], [ -3.589122844917492, 40.013427536626665 ], [ -3.638603517260727, 39.987577501354338 ], [ -3.629607031380138, 39.968189974900092 ], [ -3.744312226357636, 39.940724312423242 ], [ -3.807287627521752, 39.887408614674072 ], [ -3.874761271626163, 39.910027395537355 ], [ -3.874761271626163, 39.929414921991601 ], [ -3.838775328103811, 39.942339939627765 ], [ -3.829778842223222, 39.932646176400638 ], [ -3.809536748991899, 39.953649330059406 ], [ -3.78704553429043, 39.943955566832287 ], [ -3.757806955178518, 39.968189974900092 ], [ -3.735315740477049, 39.96172746608201 ], [ -3.746561347827782, 39.979499365331733 ], [ -3.699329796954695, 40.019890045444747 ], [ -3.679087703723372, 40.016658791035709 ], [ -3.622859666969697, 40.053818216739678 ], [ -3.607115816678668, 40.108749541693371 ], [ -3.656596489021902, 40.124905813738579 ], [ -3.667842096372638, 40.142677712988302 ], [ -3.7713016839994, 40.139446458579258 ], [ -3.800540263111312, 40.174990257078711 ], [ -3.834277085163517, 40.162065239442548 ], [ -3.865764785745574, 40.187915274714875 ], [ -3.930989308379838, 40.204071546760076 ], [ -3.951231401611162, 40.189530901919397 ], [ -3.953480523081309, 40.21214968278268 ], [ -3.991715588073808, 40.208918428373636 ], [ -4.023203288655866, 40.249309108486649 ], [ -4.079431325409541, 40.26708100773638 ], [ -4.104171661581159, 40.241230972464052 ], [ -4.151403212454246, 40.249309108486649 ], [ -4.144655848043804, 40.263849753327335 ], [ -4.180641791566156, 40.292931043008707 ], [ -4.203133006267628, 40.28808416139514 ], [ -4.203133006267628, 40.268696634940895 ], [ -4.24586631420042, 40.273543516554454 ], [ -4.295346986543654, 40.218612191600762 ], [ -4.342578537416742, 40.241230972464052 ], [ -4.356073266237624, 40.309087315053908 ], [ -4.378564480939094, 40.31554982387199 ], [ -4.383062723879387, 40.289699788599663 ], [ -4.43479251769277, 40.259002871713776 ], [ -4.448287246513651, 40.233152836441448 ], [ -4.536002983849386, 40.199224665146517 ], [ -4.574238048841885, 40.207302801169121 ], [ -4.558494198550855, 40.234768463645963 ], [ -4.569739805901591, 40.259002871713776 ], [ -4.529255619438944, 40.292931043008707 ], [ -4.54724859120012, 40.339784231939795 ], [ -4.527006497968797, 40.344631113553355 ], [ -4.504515283267327, 40.31554982387199 ], [ -4.455034610924093, 40.318781078281027 ], [ -4.461781975334533, 40.339784231939795 ], [ -4.439290760633064, 40.351093622371437 ], [ -4.441539882103211, 40.388253048075413 ], [ -4.414550424461446, 40.409256201734173 ], [ -4.331332930066006, 40.407640574529651 ], [ -4.340329415946595, 40.436721864211023 ], [ -4.322336444185419, 40.449646881847187 ], [ -4.324585565655566, 40.549815768527452 ], [ -4.288599622133214, 40.564356413368138 ], [ -4.288599622133214, 40.627365874344434 ], [ -4.270606650372038, 40.628981501548957 ], [ -4.261610164491449, 40.604747093481151 ], [ -4.160399698334833, 40.624134619935397 ], [ -4.173894427155716, 40.630597128753479 ], [ -4.171645305685569, 40.680681572093611 ], [ -4.144655848043804, 40.695222216934297 ], [ -4.070434839528954, 40.79377547641004 ], [ -3.980469980723072, 40.784081713182921 ], [ -3.946733158670867, 40.863247446204426 ], [ -3.951231401611162, 40.893944363090313 ], [ -3.908498093678368, 40.955338196862087 ], [ -3.780298169879988, 41.00057575858866 ], [ -3.739813983417342, 41.053891456337837 ], [ -3.679087703723372, 41.084588373223724 ], [ -3.634105274320433, 41.134672816563857 ], [ -3.539642172574258, 41.165369733449751 ] ] ], [ [ [ -4.315589079774977, 40.648369028003202 ], [ -4.315589079774977, 40.666140927252926 ], [ -4.284101379192919, 40.680681572093611 ], [ -4.254862800081009, 40.661294045639366 ], [ -4.315589079774977, 40.648369028003202 ] ] ] ] } },
{ "type": "Feature", "properties": { "territory_id": "14", "territory_name": "Región de Murcia" }, "geometry": { "type": "Polygon", "coordinates": [ [ [ -1.630138044419443, 37.375108311644766 ], [ -1.738095874986499, 37.442964654234629 ], [ -1.812316883501349, 37.451042790257226 ], [ -1.807818640561056, 37.433270891007503 ], [ -1.846053705553555, 37.454274044666271 ], [ -1.978751872292229, 37.622299273936392 ], [ -2.012488694344434, 37.672383717276531 ], [ -1.996744844053406, 37.727315042230224 ], [ -2.00799045140414, 37.774168231161319 ], [ -1.99449572258326, 37.842024573751175 ], [ -1.974253629351935, 37.867874609023502 ], [ -1.99449572258326, 37.880799626659666 ], [ -2.019236058754874, 37.869490236228025 ], [ -2.100204431680169, 37.877568372250629 ], [ -2.122695646381636, 37.900187153113912 ], [ -2.172176318724873, 37.88887776268227 ], [ -2.275635906351635, 37.959965359681171 ], [ -2.298127121053104, 38.003587294203221 ], [ -2.340860428985899, 38.026206075066511 ], [ -2.338611307515752, 38.048824855929794 ], [ -2.266639420471048, 38.108603062497053 ], [ -2.212660505187518, 38.202309440359237 ], [ -2.113699160501049, 38.23785323885869 ], [ -2.048474637866786, 38.305709581448546 ], [ -1.983250115232522, 38.281475173380741 ], [ -1.895534377896791, 38.302478327039509 ], [ -1.783078304389438, 38.355794024788679 ], [ -1.794323911740175, 38.368719042424843 ], [ -1.769583575568557, 38.363872160811283 ], [ -1.771832697038704, 38.378412805651969 ], [ -1.744843239396939, 38.380028432856491 ], [ -1.681867838232822, 38.359025279197724 ], [ -1.690864324113413, 38.336406498334433 ], [ -1.666123987941795, 38.310556463062106 ], [ -1.589653857956797, 38.310556463062106 ], [ -1.558166157374739, 38.325097107902792 ], [ -1.479446905919591, 38.376797178447447 ], [ -1.479446905919591, 38.480197319536757 ], [ -1.499688999150916, 38.531897390081411 ], [ -1.486194270330031, 38.564209934171821 ], [ -1.452457448277826, 38.581981833421544 ], [ -1.447959205337533, 38.6498381760114 ], [ -1.402976775934594, 38.690228856124413 ], [ -1.366990832412242, 38.704769500965099 ], [ -1.342250496240624, 38.67730383848825 ], [ -1.250036515964595, 38.738697672260031 ], [ -1.184811993330332, 38.754853944305232 ], [ -1.119587470696068, 38.737082045055509 ], [ -1.115089227755774, 38.711232009783181 ], [ -1.025124368949896, 38.656300684829489 ], [ -1.002633154248425, 38.572288070194418 ], [ -1.025124368949896, 38.522203626854285 ], [ -1.013878761599159, 38.496353591581958 ], [ -1.081352405703569, 38.441422266628265 ], [ -1.08809977011401, 38.367103415220328 ], [ -1.083601527173716, 38.34610026156156 ], [ -0.989138425427544, 38.320250226289232 ], [ -0.971145453666367, 38.289553309403345 ], [ -0.989138425427544, 38.199078185950199 ], [ -1.03636997630063, 38.137684352178418 ], [ -1.02287524747975, 38.076290518406644 ], [ -0.921664781323134, 37.943809087635969 ], [ -0.85644025868887, 37.885646508273226 ], [ -0.761977156942695, 37.846871455364735 ], [ -0.752980671062105, 37.788708876002005 ], [ -0.775471885763576, 37.819405792887892 ], [ -0.7957139789949, 37.809712029660766 ], [ -0.800212221935194, 37.782246367183923 ], [ -0.858689380159017, 37.717621279003104 ], [ -0.811457829285928, 37.662689954049405 ], [ -0.725991213420343, 37.635224291572555 ], [ -0.757478914002402, 37.780630739979401 ], [ -0.743984185181517, 37.779015112774879 ], [ -0.743984185181517, 37.756396331911596 ], [ -0.72824033489049, 37.748318195888992 ], [ -0.741735063711371, 37.711158770185023 ], [ -0.699001755778578, 37.63360866436804 ], [ -0.732738577830784, 37.601296120277631 ], [ -0.822703436636665, 37.575446085005304 ], [ -0.851942015748573, 37.581908593823385 ], [ -0.919415659852984, 37.554442931346536 ], [ -0.971145453666367, 37.559289812960102 ], [ -0.953152481905189, 37.567367948982699 ], [ -0.97564369660666, 37.577061712209826 ], [ -0.97564369660666, 37.598064865868587 ], [ -1.011629640129012, 37.575446085005304 ], [ -1.074605041293129, 37.583524221027901 ], [ -1.108341863345334, 37.568983576187222 ], [ -1.126334835106512, 37.552827304142014 ], [ -1.106092741875187, 37.53505540489229 ], [ -1.164569900099011, 37.541517913710372 ], [ -1.200555843621363, 37.573830457800781 ], [ -1.238790908613861, 37.577061712209826 ], [ -1.256783880375039, 37.55767418575558 ], [ -1.324257524479449, 37.564136694573662 ], [ -1.400727654464447, 37.507589742415448 ], [ -1.45920481268827, 37.48658658875668 ], [ -1.481696027389738, 37.452658417461748 ], [ -1.477197784449444, 37.428424009393943 ], [ -1.519931092382237, 37.43165526380298 ], [ -1.630138044419443, 37.375108311644766 ] ] ] } },
{ "type": "Feature", "properties": { "territory_id": "15", "territory_name": "Comunidad Foral de Navarra" }, "geometry": { "type": "MultiPolygon", "coordinates": [ [ [ [ -2.419579680441045, 42.488568413951995 ], [ -2.421828801911191, 42.511187194815285 ], [ -2.39259022279928, 42.517649703633367 ], [ -2.397088465739573, 42.598431063859387 ], [ -2.424077923381338, 42.604893572677469 ], [ -2.45331650249325, 42.5677341469735 ], [ -2.462312988373837, 42.587121673427745 ], [ -2.491551567485748, 42.587121673427745 ], [ -2.500548053366337, 42.61620296310911 ], [ -2.482555081605161, 42.611356081495551 ], [ -2.415081437500751, 42.663056152040205 ], [ -2.388091979858986, 42.658209270426646 ], [ -2.372348129567957, 42.64366862558596 ], [ -2.381344615448544, 42.633974862358841 ], [ -2.289130635172517, 42.654978016017601 ], [ -2.293628878112811, 42.677596796880891 ], [ -2.30937272840384, 42.67113428806281 ], [ -2.322867457224723, 42.724449985811987 ], [ -2.266639420471048, 42.753531275493351 ], [ -2.280134149291928, 42.785843819583761 ], [ -2.235151719888989, 42.834312635719371 ], [ -2.237400841359136, 42.92155650476348 ], [ -2.210411383717371, 42.950637794444845 ], [ -2.18117280460546, 42.934481522399643 ], [ -2.12944301079208, 42.939328404013203 ], [ -2.102453553150315, 42.949022167240329 ], [ -2.095706188739875, 42.971640948103612 ], [ -2.037229030516052, 42.981334711330732 ], [ -2.028232544635465, 42.999106610580462 ], [ -2.041727273456345, 43.029803527466349 ], [ -2.012488694344434, 43.0734254619884 ], [ -1.94726417171017, 43.097659870056205 ], [ -1.902281742307231, 43.134819295760181 ], [ -1.922523835538552, 43.178441230282232 ], [ -1.902281742307231, 43.210753774372641 ], [ -1.875292284665466, 43.210753774372641 ], [ -1.87979052760576, 43.230141300826887 ], [ -1.859548434374439, 43.212369401577163 ], [ -1.794323911740175, 43.246297572872088 ], [ -1.783078304389438, 43.286688252985101 ], [ -1.695362567053706, 43.312538288257429 ], [ -1.625639801479149, 43.306075779439347 ], [ -1.616643315598559, 43.257606963303729 ], [ -1.576159129135913, 43.249528827281132 ], [ -1.555917035904592, 43.278610116962497 ], [ -1.564913521785179, 43.288303880189616 ], [ -1.535674942673268, 43.294766389007705 ], [ -1.414222383285328, 43.273763235348937 ], [ -1.384983804173416, 43.254375708894692 ], [ -1.378236439762976, 43.230141300826887 ], [ -1.414222383285328, 43.128356786942092 ], [ -1.470450420039004, 43.091197361238123 ], [ -1.441211840927092, 43.04595979951155 ], [ -1.353496103591358, 43.028187900261827 ], [ -1.346748739180917, 43.091197361238123 ], [ -1.319759281539152, 43.112200514896891 ], [ -1.27027860919592, 43.118663023714973 ], [ -1.308513674188418, 43.06857858037484 ], [ -1.247787394494448, 43.042728545102513 ], [ -1.229794422733274, 43.055653562738676 ], [ -1.173566385979598, 43.037881663488953 ], [ -1.142078685397539, 43.007184746603059 ], [ -1.115089227755774, 43.023341018648267 ], [ -1.085850648643863, 43.002337864989499 ], [ -1.007131397188719, 42.991028474557858 ], [ -0.944155996024602, 42.953869048853889 ], [ -0.91491741691269, 42.963562812081008 ], [ -0.811457829285928, 42.950637794444845 ], [ -0.750731549591958, 42.966794066490053 ], [ -0.730489456360637, 42.945790912831285 ], [ -0.72824033489049, 42.919940877558957 ], [ -0.782219250174016, 42.92155650476348 ], [ -0.818205193696368, 42.902168978309234 ], [ -0.815956072226221, 42.874703315832384 ], [ -0.85644025868887, 42.847237653355535 ], [ -0.860938501629164, 42.802000091628969 ], [ -0.84744377280828, 42.785843819583761 ], [ -0.865436744569458, 42.763225038720478 ], [ -0.901422688091809, 42.759993784311433 ], [ -0.899173566621663, 42.743837512266225 ], [ -0.923913902793281, 42.743837512266225 ], [ -0.96889633219622, 42.703446832153219 ], [ -1.027373490420043, 42.700215577744174 ], [ -1.038619097770777, 42.648515507199519 ], [ -1.153324292748273, 42.646899879995004 ], [ -1.15782253568857, 42.609740454291028 ], [ -1.180313750390038, 42.608124827086513 ], [ -1.15782253568857, 42.600046691063909 ], [ -1.202804965091509, 42.579043537405141 ], [ -1.202804965091509, 42.549962247723776 ], [ -1.225296179792981, 42.541884111701172 ], [ -1.265780366255626, 42.556424756541858 ], [ -1.292769823897391, 42.511187194815285 ], [ -1.272527730666067, 42.482105905133913 ], [ -1.342250496240624, 42.423943325771177 ], [ -1.360243468001801, 42.378705764044604 ], [ -1.328755767419743, 42.356086983181321 ], [ -1.3984785329943, 42.291461895000502 ], [ -1.389482047113713, 42.278536877364338 ], [ -1.416471504755474, 42.221989925206124 ], [ -1.39173116858386, 42.181599245093111 ], [ -1.3984785329943, 42.126667920139418 ], [ -1.366990832412242, 42.107280393685173 ], [ -1.351246982121211, 42.073352222390241 ], [ -1.310762795658565, 42.071736595185719 ], [ -1.304015431248125, 42.042655305504354 ], [ -1.340001374770477, 42.018420897436542 ], [ -1.382734682703269, 41.944102046028604 ], [ -1.420969747695768, 41.913405129142717 ], [ -1.472699541509151, 41.924714519574358 ], [ -1.558166157374739, 41.913405129142717 ], [ -1.654878380591057, 41.965105199687372 ], [ -1.715604660285027, 41.957027063664768 ], [ -1.76733445409841, 41.995802116573259 ], [ -1.855050191434142, 42.002264625391341 ], [ -1.902281742307231, 42.02973028786819 ], [ -1.909029106717671, 42.058811577549555 ], [ -1.891036134956497, 42.086277240026405 ], [ -1.821313369381937, 42.154133582616261 ], [ -1.778580061449144, 42.13797731057106 ], [ -1.740344996456646, 42.149286701002701 ], [ -1.720102903225321, 42.1331304289575 ], [ -1.679618716762675, 42.150902328207223 ], [ -1.699860809994, 42.173521109070506 ], [ -1.679618716762675, 42.188061753911192 ], [ -1.875292284665466, 42.259149350910093 ], [ -1.870794041725173, 42.28984626779598 ], [ -1.893285256426644, 42.28984626779598 ], [ -1.918025592598259, 42.327005693499956 ], [ -1.965257143471348, 42.333468202318031 ], [ -1.974253629351935, 42.352855728772283 ], [ -2.014737815814581, 42.369012000817484 ], [ -2.088958824329431, 42.346393219954194 ], [ -2.086709702859284, 42.38355264565817 ], [ -2.115948281971196, 42.399708917703371 ], [ -2.104702674620462, 42.415865189748573 ], [ -2.208162262247225, 42.414249562544057 ], [ -2.295877999582958, 42.467565260293227 ], [ -2.347607793396339, 42.451408988248026 ], [ -2.419579680441045, 42.488568413951995 ] ] ], [ [ [ -1.14882604980798, 42.4417152250209 ], [ -1.155573414218424, 42.414249562544057 ], [ -1.184811993330332, 42.401324544907894 ], [ -1.182562871860185, 42.423943325771177 ], [ -1.14882604980798, 42.4417152250209 ] ] ], [ [ [ -1.101594498934894, 42.482105905133913 ], [ -1.052113826591658, 42.444946479429944 ], [ -1.061110312472248, 42.433637088998303 ], [ -1.128583956576659, 42.446562106634467 ], [ -1.101594498934894, 42.482105905133913 ] ] ] ] } },
{ "type": "Feature", "properties": { "territory_id": "16", "territory_name": "País Vasco" }, "geometry": { "type": "Polygon", "coordinates": [ [ [ -3.418189613186319, 43.133203668555659 ], [ -3.449677313768376, 43.236603809644969 ], [ -3.339470361731173, 43.278610116962497 ], [ -3.343968604671467, 43.294766389007705 ], [ -3.294487932328233, 43.30122889782578 ], [ -3.292238810858086, 43.289919507394139 ], [ -3.209021316462646, 43.283456998576057 ], [ -3.157291522649265, 43.30122889782578 ], [ -3.152793279708971, 43.352928968370435 ], [ -3.094316121485148, 43.362622731597561 ], [ -3.03358984179118, 43.34646645955236 ], [ -3.020095112970298, 43.325463305893592 ], [ -3.011098627089709, 43.336772696325234 ], [ -3.038088084731474, 43.372316494824688 ], [ -2.952621468865887, 43.411091547733179 ], [ -2.945874104455445, 43.435325955800984 ], [ -2.808677694776478, 43.430479074187417 ], [ -2.752449658022803, 43.456329109459745 ], [ -2.736705807731774, 43.42724781977838 ], [ -2.696221621269126, 43.406244666119612 ], [ -2.646740948925892, 43.415938429346738 ], [ -2.619751491284129, 43.391704021278926 ], [ -2.509544539246924, 43.377163376438247 ], [ -2.46006386690369, 43.335157069120712 ], [ -2.356604279276928, 43.304460152234824 ], [ -2.282383270762077, 43.294766389007705 ], [ -2.228404355478547, 43.310922661052906 ], [ -2.176674561665166, 43.288303880189616 ], [ -2.12944301079208, 43.289919507394139 ], [ -1.989997479642966, 43.317385169870988 ], [ -1.963008022001201, 43.338388323529756 ], [ -1.915776471128112, 43.336772696325234 ], [ -1.848302827023701, 43.380394630847285 ], [ -1.792074790270028, 43.393319648483448 ], [ -1.778580061449144, 43.364238358802083 ], [ -1.789825668799882, 43.352928968370435 ], [ -1.738095874986499, 43.330310187507152 ], [ -1.729099389105912, 43.294766389007705 ], [ -1.783078304389438, 43.286688252985101 ], [ -1.794323911740175, 43.246297572872088 ], [ -1.859548434374439, 43.212369401577163 ], [ -1.87979052760576, 43.230141300826887 ], [ -1.875292284665466, 43.210753774372641 ], [ -1.902281742307231, 43.210753774372641 ], [ -1.922523835538552, 43.178441230282232 ], [ -1.902281742307231, 43.134819295760181 ], [ -1.94726417171017, 43.097659870056205 ], [ -2.012488694344434, 43.0734254619884 ], [ -2.041727273456345, 43.029803527466349 ], [ -2.028232544635465, 42.999106610580462 ], [ -2.037229030516052, 42.981334711330732 ], [ -2.095706188739875, 42.971640948103612 ], [ -2.102453553150315, 42.949022167240329 ], [ -2.12944301079208, 42.939328404013203 ], [ -2.18117280460546, 42.934481522399643 ], [ -2.210411383717371, 42.950637794444845 ], [ -2.237400841359136, 42.92155650476348 ], [ -2.235151719888989, 42.834312635719371 ], [ -2.280134149291928, 42.785843819583761 ], [ -2.266639420471048, 42.753531275493351 ], [ -2.322867457224723, 42.724449985811987 ], [ -2.30937272840384, 42.67113428806281 ], [ -2.293628878112811, 42.677596796880891 ], [ -2.289130635172517, 42.654978016017601 ], [ -2.381344615448544, 42.633974862358841 ], [ -2.372348129567957, 42.64366862558596 ], [ -2.388091979858986, 42.658209270426646 ], [ -2.415081437500751, 42.663056152040205 ], [ -2.482555081605161, 42.611356081495551 ], [ -2.500548053366337, 42.61620296310911 ], [ -2.491551567485748, 42.587121673427745 ], [ -2.462312988373837, 42.587121673427745 ], [ -2.45331650249325, 42.5677341469735 ], [ -2.424077923381338, 42.604893572677469 ], [ -2.397088465739573, 42.598431063859387 ], [ -2.39259022279928, 42.517649703633367 ], [ -2.421828801911191, 42.511187194815285 ], [ -2.419579680441045, 42.488568413951995 ], [ -2.516291903657367, 42.490184041156517 ], [ -2.509544539246924, 42.519265330837882 ], [ -2.538783118358836, 42.493415295565555 ], [ -2.529786632478247, 42.483721532338436 ], [ -2.572519940411041, 42.493415295565555 ], [ -2.601758519522953, 42.480490277929391 ], [ -2.592762033642364, 42.49179966836104 ], [ -2.606256762463246, 42.503109058792681 ], [ -2.648990070396041, 42.483721532338436 ], [ -2.67822864950795, 42.524112212451449 ], [ -2.705218107149715, 42.516034076428845 ], [ -2.680477770978097, 42.593584182245827 ], [ -2.729958443321332, 42.617818590313632 ], [ -2.763695265373537, 42.622665471927192 ], [ -2.781688237134713, 42.579043537405141 ], [ -2.824421545067507, 42.554809129337336 ], [ -2.840165395358536, 42.580659164609663 ], [ -2.819923302127213, 42.591968555041305 ], [ -2.819923302127213, 42.614587335904588 ], [ -2.842414516828683, 42.608124827086513 ], [ -2.842414516828683, 42.629127980745274 ], [ -2.896393432112211, 42.654978016017601 ], [ -2.903140796522653, 42.693753068926092 ], [ -2.930130254164416, 42.708293713766778 ], [ -2.97961092650765, 42.703446832153219 ], [ -3.017845991500151, 42.740606257857188 ], [ -3.04033720620162, 42.738990630652665 ], [ -3.047084570612061, 42.764840665924993 ], [ -3.148295036768676, 42.756762529902389 ], [ -3.1303020650075, 42.789075073992805 ], [ -3.159540644119412, 42.805231346038006 ], [ -3.105561728835884, 42.879550197445944 ], [ -3.125803822067207, 42.890859587877586 ], [ -3.173035372940294, 42.856931416582661 ], [ -3.19102834470147, 42.869856434218825 ], [ -3.209021316462646, 42.844006398946497 ], [ -3.236010774104411, 42.837543890128416 ], [ -3.283242324977499, 42.876318943036907 ], [ -3.276494960567057, 42.902168978309234 ], [ -3.249505502925293, 42.911862741536353 ], [ -3.224765166753675, 42.949022167240329 ], [ -3.143796793828383, 42.934481522399643 ], [ -3.150544158238825, 42.919940877558957 ], [ -3.089817878544855, 42.89893772390019 ], [ -3.017845991500151, 42.908631487127316 ], [ -2.981860047977797, 42.939328404013203 ], [ -3.076323149723972, 43.008800373807581 ], [ -3.143796793828383, 43.007184746603059 ], [ -3.177533615880588, 43.021725391443745 ], [ -3.143796793828383, 43.028187900261827 ], [ -3.141547672358236, 43.06857858037484 ], [ -3.157291522649265, 43.0734254619884 ], [ -3.134800307947796, 43.097659870056205 ], [ -3.182031858820881, 43.120278650919495 ], [ -3.141547672358236, 43.165516212646068 ], [ -3.16853713, 43.178441230282232 ], [ -3.222516045283529, 43.17197872146415 ], [ -3.254003745865587, 43.199444383941 ], [ -3.418189613186319, 43.133203668555659 ] ], [ [ -2.864905731530152, 42.743837512266225 ], [ -2.824421545067507, 42.708293713766778 ], [ -2.783937358604861, 42.698599950539659 ], [ -2.768193508313832, 42.666287406449243 ], [ -2.718712835970598, 42.661440524835683 ], [ -2.698470742739273, 42.674365542471847 ], [ -2.653488313336334, 42.669518660858287 ], [ -2.635495341575158, 42.648515507199519 ], [ -2.550028725709572, 42.637206116767878 ], [ -2.516291903657367, 42.646899879995004 ], [ -2.523039268067807, 42.684059305698973 ], [ -2.579267304821482, 42.669518660858287 ], [ -2.608505883933393, 42.695368696130615 ], [ -2.572519940411041, 42.724449985811987 ], [ -2.559025211590159, 42.763225038720478 ], [ -2.58826379070207, 42.750300021084314 ], [ -2.6040076409931, 42.769687547538553 ], [ -2.633246220105011, 42.764840665924993 ], [ -2.73220756479148, 42.793921955606365 ], [ -2.826670666537654, 42.784228192379238 ], [ -2.835667152418242, 42.79553758281088 ], [ -2.864905731530152, 42.743837512266225 ] ], [ [ -3.249505502925293, 43.259222590508251 ], [ -3.303484418208821, 43.257606963303729 ], [ -3.285491446447645, 43.197828756736477 ], [ -3.265249353216321, 43.205906892759074 ], [ -3.269747596156616, 43.233372555235924 ], [ -3.249505502925293, 43.259222590508251 ] ] ] } },
{ "type": "Feature", "properties": { "territory_id": "17", "territory_name": "La Rioja" }, "geometry": { "type": "Polygon", "coordinates": [ [ [ -2.858158367119712, 42.6388217439724 ], [ -2.842414516828683, 42.608124827086513 ], [ -2.819923302127213, 42.614587335904588 ], [ -2.819923302127213, 42.591968555041305 ], [ -2.840165395358536, 42.580659164609663 ], [ -2.824421545067507, 42.554809129337336 ], [ -2.781688237134713, 42.579043537405141 ], [ -2.763695265373537, 42.622665471927192 ], [ -2.680477770978097, 42.593584182245827 ], [ -2.705218107149715, 42.516034076428845 ], [ -2.67822864950795, 42.524112212451449 ], [ -2.648990070396041, 42.483721532338436 ], [ -2.606256762463246, 42.503109058792681 ], [ -2.592762033642364, 42.49179966836104 ], [ -2.601758519522953, 42.480490277929391 ], [ -2.572519940411041, 42.493415295565555 ], [ -2.529786632478247, 42.483721532338436 ], [ -2.538783118358836, 42.493415295565555 ], [ -2.509544539246924, 42.519265330837882 ], [ -2.516291903657367, 42.490184041156517 ], [ -2.448818259552956, 42.496646549974599 ], [ -2.347607793396339, 42.451408988248026 ], [ -2.295877999582958, 42.467565260293227 ], [ -2.273386784881488, 42.444946479429944 ], [ -2.239649962829283, 42.4417152250209 ], [ -2.235151719888989, 42.425558952975699 ], [ -2.174425440195019, 42.407787053725976 ], [ -2.104702674620462, 42.415865189748573 ], [ -2.115948281971196, 42.399708917703371 ], [ -2.086709702859284, 42.38355264565817 ], [ -2.088958824329431, 42.346393219954194 ], [ -2.014737815814581, 42.369012000817484 ], [ -1.974253629351935, 42.352855728772283 ], [ -1.965257143471348, 42.333468202318031 ], [ -1.918025592598259, 42.327005693499956 ], [ -1.893285256426644, 42.28984626779598 ], [ -1.870794041725173, 42.28984626779598 ], [ -1.875292284665466, 42.259149350910093 ], [ -1.679618716762675, 42.188061753911192 ], [ -1.699860809994, 42.173521109070506 ], [ -1.679618716762675, 42.150902328207223 ], [ -1.720102903225321, 42.1331304289575 ], [ -1.740344996456646, 42.149286701002701 ], [ -1.778580061449144, 42.13797731057106 ], [ -1.821313369381937, 42.154133582616261 ], [ -1.909029106717671, 42.058811577549555 ], [ -1.902281742307231, 42.02973028786819 ], [ -1.848302827023701, 42.008727134209423 ], [ -1.843804584083408, 41.987723980550655 ], [ -1.866295798784879, 41.978030217323536 ], [ -1.857299312904292, 41.966720826891887 ], [ -1.915776471128112, 41.932792655596963 ], [ -1.981000993762375, 41.918252010756277 ], [ -2.028232544635465, 41.953795809255723 ], [ -2.037229030516052, 41.94087079161956 ], [ -2.115948281971196, 41.96348957248285 ], [ -2.124944767851787, 41.995802116573259 ], [ -2.106951796090609, 42.002264625391341 ], [ -2.160930711374139, 42.066889713572159 ], [ -2.127193889321934, 42.079814731208323 ], [ -2.127193889321934, 42.097586630458046 ], [ -2.237400841359136, 42.102433512071613 ], [ -2.268888541941195, 42.087892867230927 ], [ -2.282383270762077, 42.131514801752978 ], [ -2.318369214284429, 42.144439819389142 ], [ -2.437572652202221, 42.13797731057106 ], [ -2.484804203075308, 42.10566476648065 ], [ -2.514042782187218, 42.113742902503255 ], [ -2.514042782187218, 42.068505340776682 ], [ -2.552277847179719, 42.045886559913392 ], [ -2.579267304821482, 41.995802116573259 ], [ -2.745702293612361, 42.008727134209423 ], [ -2.756947900963096, 42.032961542277228 ], [ -2.707467228619862, 42.086277240026405 ], [ -2.707467228619862, 42.10566476648065 ], [ -2.734456686261627, 42.125052292934896 ], [ -2.774940872724272, 42.123436665730374 ], [ -2.790684723015302, 42.108896020889688 ], [ -2.797432087425742, 42.047502187117914 ], [ -2.88289870329133, 42.008727134209423 ], [ -2.914386403873387, 42.023267779050109 ], [ -2.934628497104711, 42.089508494435449 ], [ -3.03358984179118, 42.086277240026405 ], [ -3.128052943537353, 42.200986771547356 ], [ -3.103312607365737, 42.212296161978998 ], [ -3.087568757074708, 42.246224333273929 ], [ -3.110059971776177, 42.351240101567761 ], [ -3.06282842090309, 42.362549491999403 ], [ -3.105561728835884, 42.386783900067208 ], [ -3.10106348589559, 42.417480816953095 ], [ -3.078572271194119, 42.415865189748573 ], [ -3.083070514134414, 42.398093290498849 ], [ -3.053831935022503, 42.373858882431044 ], [ -3.065077542373237, 42.404555799316931 ], [ -3.047084570612061, 42.444946479429944 ], [ -3.094316121485148, 42.49179966836104 ], [ -3.071824906783679, 42.527343466860486 ], [ -3.134800307947796, 42.541884111701172 ], [ -3.067326663843385, 42.58873730063226 ], [ -3.060579299432943, 42.603277945472946 ], [ -3.083070514134414, 42.640437371176915 ], [ -2.970614440627063, 42.640437371176915 ], [ -2.923382889753976, 42.621049844722677 ], [ -2.88289870329133, 42.621049844722677 ], [ -2.858158367119712, 42.6388217439724 ] ], [ [ -2.930130254164416, 42.611356081495551 ], [ -2.939126740045005, 42.593584182245827 ], [ -2.923382889753976, 42.600046691063909 ], [ -2.930130254164416, 42.611356081495551 ] ] ] } },
{ "type": "Feature", "properties": { "territory_id": "18", "territory_name": "Ceuta" }, "geometry": { "type": "Polygon", "coordinates": [ [ [ -5.381672656624662, 35.912965691553758 ], [ -5.314199012520252, 35.888731283485953 ], [ -5.287209554878489, 35.906503182735676 ], [ -5.280462190468047, 35.893578165099512 ], [ -5.343437591632163, 35.87095938423623 ], [ -5.372676170744075, 35.880653147463349 ], [ -5.381672656624662, 35.912965691553758 ] ] ] } },
{ "type": "Feature", "properties": { "territory_id": "19", "territory_name": "Melilla" }, "geometry": { "type": "Polygon", "coordinates": [ [ [ -2.952621468865887, 35.320030507494749 ], [ -2.927881132694269, 35.274792945768176 ], [ -2.95037234739574, 35.265099182541057 ], [ -2.970614440627063, 35.289333590608862 ], [ -2.952621468865887, 35.320030507494749 ] ] ] } }
]
}
